id,card_no,name,package_name,rarity,cost,attribute,pp_value,dp_value,signal_color,card_types,features,effect,image_url
1974825607195648,BP01-001,露西亚·鸦羽,BP01-命运交锋,SR,8,冰,7,1,,角色牌 / 升变角色牌,灰鸦小队 / 露西亚,"升变条件 费用8以下的<露西亚>&「费用上限8及以上」
升变代价【3费】将手牌的该牌重叠在对象上方出场，获得【速攻】
【永】：使用该牌时，可以将我方墓地10张<灰鸦小队>加入牌组并洗切。若如此做，该牌可以无视【升变条件「费用上限8及以上」】出场。
【出】消除2同色信号球：公开我方牌组顶5张牌，选择其中任意数量的费用合计为6及以下的<灰鸦小队>角色出场，将剩余的牌按任意顺序放置到牌组底。",https://zhanshuang-prod-minio.janime.cn/card-game-public/1974825587141632/BP01-001/01930aa9-3e8a-4620-8059-94b6f107908d/BP01-SR_BP01-001SR.png
1974825607199744,BP01-001,露西亚·鸦羽,BP01-命运交锋,SR★,8,冰,7,1,,角色牌 / 升变角色牌,灰鸦小队 / 露西亚,"升变条件 费用8以下的<露西亚>&「费用上限8及以上」
升变代价【3费】将手牌的该牌重叠在对象上方出场，获得【速攻】
【永】：使用该牌时，可以将我方墓地10张<灰鸦小队>加入牌组并洗切。若如此做，该牌可以无视【升变条件「费用上限8及以上」】出场。
【出】消除2同色信号球：公开我方牌组顶5张牌，选择其中任意数量的费用合计为6及以下的<灰鸦小队>角色出场，将剩余的牌按任意顺序放置到牌组底。",https://zhanshuang-prod-minio.janime.cn/card-game-public/1974825587141632/BP01-001/bacd95b9-0a47-4811-bfb0-9857b5f4a43c/BP01-SR_BP01-001SR★.png
1974825607199745,BP01-001,露西亚·鸦羽,BP01-命运交锋,SR★★,8,冰,7,1,,角色牌 / 升变角色牌,灰鸦小队 / 露西亚,"升变条件 费用8以下的<露西亚>&「费用上限8及以上」
升变代价【3费】将手牌的该牌重叠在对象上方出场，获得【速攻】
【永】：使用该牌时，可以将我方墓地10张<灰鸦小队>加入牌组并洗切。若如此做，该牌可以无视【升变条件「费用上限8及以上」】出场。
【出】消除2同色信号球：公开我方牌组顶5张牌，选择其中任意数量的费用合计为6及以下的<灰鸦小队>角色出场，将剩余的牌按任意顺序放置到牌组底。",https://zhanshuang-prod-minio.janime.cn/card-game-public/1974825587141632/BP01-001/d0494a68-fc0c-40ac-b94a-2215b28d3a20/BP01-SR_BP01-001SR★★.png
1974825607199746,BP01-001,露西亚·鸦羽,BP01-命运交锋,SR★★★,8,冰,7,1,,角色牌 / 升变角色牌,灰鸦小队 / 露西亚,"升变条件 费用8以下的<露西亚>&「费用上限8及以上」
升变代价【3费】将手牌的该牌重叠在对象上方出场，获得【速攻】
【永】：使用该牌时，可以将我方墓地10张<灰鸦小队>加入牌组并洗切。若如此做，该牌可以无视【升变条件「费用上限8及以上」】出场。
【出】消除2同色信号球：公开我方牌组顶5张牌，选择其中任意数量的费用合计为6及以下的<灰鸦小队>角色出场，将剩余的牌按任意顺序放置到牌组底。",https://zhanshuang-prod-minio.janime.cn/card-game-public/1974825587141632/BP01-001/93c9375d-483f-4493-84dd-04b26ee53e32/BP01-SR_BP01-001SR★★★.png
1974825607199747,BP01-002,露西亚·鸦羽,BP01-命运交锋,R,7,冰,9,1,,角色牌,灰鸦小队 / 露西亚,"【永】：若我方战场存在<里>角色和<丽芙>角色，手牌和牌组的该牌的费用-3。
【出】 消除2同色信号球：直到回合结束为止，该牌获得【突进】及【充能0】。",https://zhanshuang-prod-minio.janime.cn/card-game-public/1974825587141632/BP01-002/f187370d-1a02-429a-b669-581ea72ea676/BP01-R_BP01-002R.png
1974825607199748,BP01-002,露西亚·鸦羽,BP01-命运交锋,R★,7,冰,9,1,,角色牌,灰鸦小队 / 露西亚,"【永】：若我方战场存在<里>角色和<丽芙>角色，手牌和牌组的该牌的费用-3。
【出】 消除2同色信号球：直到回合结束为止，该牌获得【突进】及【充能0】。",https://zhanshuang-prod-minio.janime.cn/card-game-public/1974825587141632/BP01-002/9e1dac14-70d5-45fb-910d-b5ae4a44fa81/BP01-R_BP01-002R★.png
1974825607203840,BP01-003,露西亚·鸦羽,BP01-命运交锋,R,7,冰,9,1,,角色牌,灰鸦小队 / 露西亚,【出】：可以将我方战场1张<灰鸦小队>角色返回手牌。若如此做，选择战场1张费用为5及以下的角色，将其返回手牌。,https://zhanshuang-prod-minio.janime.cn/card-game-public/1974825587141632/BP01-003/4eb1af53-1e9e-4c14-bd62-558ca0c3325c/BP01-R_BP01-003R.png
1974825607203841,BP01-003,露西亚·鸦羽,BP01-命运交锋,R★,7,冰,9,1,,角色牌,灰鸦小队 / 露西亚,【出】：可以将我方战场1张<灰鸦小队>角色返回手牌。若如此做，选择战场1张费用为5及以下的角色，将其返回手牌。,https://zhanshuang-prod-minio.janime.cn/card-game-public/1974825587141632/BP01-003/11f012bd-c1d9-4d03-b499-675c0fd46385/BP01-R_BP01-003R★.png
1974825607203842,BP01-004,露西亚·鸦羽,BP01-命运交锋,U,4,冰,4,0,,角色牌,灰鸦小队 / 露西亚,【出】丢弃1张手牌：选择我方费用区1张牌，将其加入手牌。,https://zhanshuang-prod-minio.janime.cn/card-game-public/1974825587141632/BP01-004/02ae5b55-1c23-4f12-b31a-b19addf720ed/BP01-U_BP01-004U.png
1974825607203843,BP01-005,露西亚·鸦羽,BP01-命运交锋,U,4,冰,4,0,,角色牌,灰鸦小队 / 露西亚,,https://zhanshuang-prod-minio.janime.cn/card-game-public/1974825587141632/BP01-005/a81ba065-b95e-4627-a619-ee6d629ab1f8/BP01-U_BP01-005U.png
1974825607203844,BP01-006,露西亚·鸦羽,BP01-命运交锋,U,2,冰,4,0,,角色牌,灰鸦小队 / 露西亚,,https://zhanshuang-prod-minio.janime.cn/card-game-public/1974825587141632/BP01-006/a8da5a25-73fa-463f-89bf-1d0af38f2860/BP01-U_BP01-006U.png
1974825607203845,BP01-007,刹那冰华,BP01-命运交锋,R,1,冰,,,,战术牌 / 瞬时战术牌,,【瞬时】：选择我方战场1张<灰鸦小队>角色，直到回合结束为止，其PP+1500。可以追加丢弃任意数量的手牌，每丢弃1张，直到回合结束为止，其PP+1000。,https://zhanshuang-prod-minio.janime.cn/card-game-public/1974825587141632/BP01-007/e23e1df0-ab62-469d-af23-ca536ceb5ce4/BP01-R_BP01-007R.png
1974825607207936,BP01-007,刹那冰华,BP01-命运交锋,R★,1,冰,,,,战术牌 / 瞬时战术牌,,【瞬时】：选择我方战场1张<灰鸦小队>角色，直到回合结束为止，其PP+1500。可以追加丢弃任意数量的手牌，每丢弃1张，直到回合结束为止，其PP+1000。,https://zhanshuang-prod-minio.janime.cn/card-game-public/1974825587141632/BP01-007/ced31669-5019-4641-9c09-ef697579a25e/BP01-R_BP01-007R★.png
1974825607207937,BP01-007,刹那冰华,BP01-命运交锋,R★★,1,冰,,,,战术牌 / 瞬时战术牌,,【瞬时】：选择我方战场1张<灰鸦小队>角色，直到回合结束为止，其PP+1500。可以追加丢弃任意数量的手牌，每丢弃1张，直到回合结束为止，其PP+1000。,https://zhanshuang-prod-minio.janime.cn/card-game-public/1974825587141632/BP01-007/0c1a3c9a-e74c-41e8-8b09-b674ab09ce21/BP01-R_BP01-007R★★.png
1974825607207938,BP01-008,露娜·银冕,BP01-命运交锋,SR,8,暗,10,2,,角色牌 / 升变角色牌,升格者 / 露娜,"升变条件 费用7以下的《露娜·银冕》&「费用上限7及以上」
升变代价【3费】将手牌的该牌重叠在对象上方出场，获得【速攻】
【永】：若我方侵蚀计数为5及以上，我方战场所有<升格者>角色PP+1000。
【自】：该牌攻击时，可以消除【2红色信号球】。若如此做，选择我方战场1张<升格者>角色，直到下个回合结束为止，其获得【充能+1】，PP+2000。",https://zhanshuang-prod-minio.janime.cn/card-game-public/1974825587141632/BP01-008/058e03e3-99ba-4a9f-8c56-078e669f02f0/BP01-SR_BP01-008SR.png
1974825607207939,BP01-008,露娜·银冕,BP01-命运交锋,SR★,8,暗,10,2,,角色牌 / 升变角色牌,升格者 / 露娜,"升变条件 费用7以下的《露娜·银冕》&「费用上限7及以上」
升变代价【3费】将手牌的该牌重叠在对象上方出场，获得【速攻】
【永】：若我方侵蚀计数为5及以上，我方战场所有<升格者>角色PP+1000。
【自】：该牌攻击时，可以消除【2红色信号球】。若如此做，选择我方战场1张<升格者>角色，直到下个回合结束为止，其获得【充能+1】，PP+2000。",https://zhanshuang-prod-minio.janime.cn/card-game-public/1974825587141632/BP01-008/a9d33228-89f6-4781-b17c-3aafbf22a576/BP01-SR_BP01-008SR★.png
1974825607207940,BP01-008,露娜·银冕,BP01-命运交锋,SR★★,8,暗,10,2,,角色牌 / 升变角色牌,升格者 / 露娜,"升变条件 费用7以下的《露娜·银冕》&「费用上限7及以上」
升变代价【3费】将手牌的该牌重叠在对象上方出场，获得【速攻】
【永】：若我方侵蚀计数为5及以上，我方战场所有<升格者>角色PP+1000。
【自】：该牌攻击时，可以消除【2红色信号球】。若如此做，选择我方战场1张<升格者>角色，直到下个回合结束为止，其获得【充能+1】，PP+2000。",https://zhanshuang-prod-minio.janime.cn/card-game-public/1974825587141632/BP01-008/50ba9497-907a-4ad1-a56d-3d1fdfe323f4/BP01-SR_BP01-008SR★★.png
1974825607207941,BP01-009,露娜·银冕,BP01-命运交锋,U,4,暗,4,1,,角色牌,升格者 / 露娜,"【永】：【充能0】。
【出】：若我方侵蚀计数为3及以下，可以将我方侵蚀计数+1。若如此做，抽2张牌。",https://zhanshuang-prod-minio.janime.cn/card-game-public/1974825587141632/BP01-009/8adac85b-05a8-4d5a-bc5b-17a7d8b1a1a4/BP01-U_BP01-009U.png
1979093737892864,BP01-009,露娜·银冕,PR-推广卡,PR,4,暗,4,1,,角色牌,升格者 / 露娜,"【永】：【充能0】
【出】：若我方侵蚀计数为3及以下，可以将我方侵蚀计数+1。若如此做，抽2张牌。",https://zhanshuang-prod-minio.janime.cn/card-game-public/1979091528694784/BP01-009/dc279fa0-a3dc-4d49-bd56-bd0299cc806d/BP01-009PR.png
1974825607212032,BP01-010,罗兰·戏炎,BP01-命运交锋,R,4,物理,5,1,,角色牌,升格者 / 罗兰,"【出】：将我方信号球区的牌按任意顺序排列。
【出】 消除2同色信号球：若我方侵蚀计数为4及以上，选择我方战场1张《露娜·银冕》，直到回合结束为止，其获得【贯通】。",https://zhanshuang-prod-minio.janime.cn/card-game-public/1974825587141632/BP01-010/ddb70a07-6b07-4a39-a614-009d7496f24b/BP01-R_BP01-010R.png
1974825607212033,BP01-010,罗兰·戏炎,BP01-命运交锋,R★,4,物理,5,1,,角色牌,升格者 / 罗兰,"【出】：将我方信号球区的牌按任意顺序排列。
【出】 消除2同色信号球：若我方侵蚀计数为4及以上，选择我方战场1张《露娜·银冕》，直到回合结束为止，其获得【贯通】。",https://zhanshuang-prod-minio.janime.cn/card-game-public/1974825587141632/BP01-010/817c7936-1343-40ff-9c46-eae057079fba/BP01-R_BP01-010R★.png
1974825607212034,BP01-010,罗兰·戏炎,BP01-命运交锋,R★★,4,物理,5,1,,角色牌,升格者 / 罗兰,"【出】：将我方信号球区的牌按任意顺序排列。
【出】 消除2同色信号球：若我方侵蚀计数为4及以上，选择我方战场1张《露娜·银冕》，直到回合结束为止，其获得【贯通】。",https://zhanshuang-prod-minio.janime.cn/card-game-public/1974825587141632/BP01-010/d037041c-dc88-43d2-8ed4-da52f384befd/BP01-R_BP01-010R★★.png
1974835633679360,BP01-011,冕饵,BP01-命运交锋,U,4,物理,1,,,道具牌 / 装备牌,增幅器,"（使用后可在主要阶段放置在装备角色下方，每张角色只能装备1张装备）
【出】：若该回合中我方的侵蚀计数发生过变化，抽1张牌。",https://zhanshuang-prod-minio.janime.cn/card-game-public/1974825587141632/BP01-011/3a3adece-dea8-444b-a229-17d2ee0bd00e/BP01-U_BP01-011U.png
1974835633683456,BP01-012,沃托,BP01-命运交锋,U,3,物理,,,,道具牌 / 辅助机牌,,【起】 丢弃2张角色&横置该牌：选择我方墓地1张信号球，将其放置到我方信号球区最上方。,https://zhanshuang-prod-minio.janime.cn/card-game-public/1974825587141632/BP01-012/f3e20d99-e23e-4e39-8922-f8f49428f880/BP01-U_BP01-012U.png
1974835633683457,BP01-013,终焉降临,BP01-命运交锋,R,2,暗,,,,战术牌 / 瞬时战术牌,,"该牌只能在我方战场存在《露娜·银冕》时才能使用。
【瞬时】：若我方侵蚀计数为5及以上，可以消除【2黄色信号球】。若如此做，我方侵蚀计数-1。",https://zhanshuang-prod-minio.janime.cn/card-game-public/1974825587141632/BP01-013/6f55bc93-34ab-4364-913b-420e8cc2ef51/BP01-R_BP01-013R.png
1974835633683458,BP01-013,终焉降临,BP01-命运交锋,R★,2,暗,,,,战术牌 / 瞬时战术牌,,"该牌只能在我方战场存在《露娜·银冕》时才能使用。
【瞬时】：若我方侵蚀计数为5及以上，可以消除【2黄色信号球】。若如此做，我方侵蚀计数-1。",https://zhanshuang-prod-minio.janime.cn/card-game-public/1974825587141632/BP01-013/e1619327-4970-48b1-beca-aa69d9915787/BP01-R_BP01-013R★.png
1975098350058496,BP01-014,露西亚·深红囚影,BP01-命运交锋,SR,9,雷,11,3,,角色牌 / 升变角色牌,阿尔法 / 升格者,"升变条件 费用8以下的<阿尔法>&「费用上限8及以上」
升变代价【3费】将手牌的该牌重叠在对象上方出场，获得【速攻】
【永】：该牌可以同时装备2张<封刃太刀>装备。
【起】 【回合1】 【2蓝色信号球】：选择我方墓地1张<大太刀>装备，将其装备。直到回合结束为止，我方信号球区的【蓝色信号球】可以视为【红色信号球】或【黄色信号球】。
【自】【回合1】：该牌攻击时，可以消除【2黄色信号球】。若如此做，将该牌竖直，直到回合结束为止，该牌获得【充能+1】，PP+1000。",https://zhanshuang-prod-minio.janime.cn/card-game-public/1974825587141632/BP01-014/34a2af4e-1481-49c7-869d-0cf70bc1fd24/BP01-SR_BP01-014SR.png
1975098350058497,BP01-014,露西亚·深红囚影,BP01-命运交锋,SR★,9,雷,11,3,,角色牌 / 升变角色牌,阿尔法 / 升格者,"升变条件 费用8以下的<阿尔法>&「费用上限8及以上」
升变代价【3费】将手牌的该牌重叠在对象上方出场，获得【速攻】
【永】：该牌可以同时装备2张<封刃太刀>装备。
【起】 【回合1】 【2蓝色信号球】：选择我方墓地1张<大太刀>装备，将其装备。直到回合结束为止，我方信号球区的【蓝色信号球】可以视为【红色信号球】或【黄色信号球】。
【自】【回合1】：该牌攻击时，可以消除【2黄色信号球】。若如此做，将该牌竖直，直到回合结束为止，该牌获得【充能+1】，PP+1000。",https://zhanshuang-prod-minio.janime.cn/card-game-public/1974825587141632/BP01-014/ce61e102-39dd-42ea-be3c-8ad3fd294aa0/BP01-SR_BP01-014SR★.png
1975098350062592,BP01-014,露西亚·深红囚影,BP01-命运交锋,SR★★,9,雷,11,3,,角色牌 / 升变角色牌,阿尔法 / 升格者,"升变条件 费用8以下的<阿尔法>&「费用上限8及以上」
升变代价【3费】将手牌的该牌重叠在对象上方出场，获得【速攻】
【永】：该牌可以同时装备2张<封刃太刀>装备。
【起】【回合1】【2蓝色信号球】：选择我方墓地1张<大太刀>装备，将其装备。直到回合结束为止，我方信号球区的【蓝色信号球】可以视为【红色信号球】或【黄色信号球】。
【自】【回合1】：该牌攻击时，可以消除【2黄色信号球】。若如此做，将该牌竖直，直到回合结束为止，该牌获得【充能+1】，PP+1000。",https://zhanshuang-prod-minio.janime.cn/card-game-public/1974825587141632/BP01-014/20a5c12e-c73d-47f4-a2fc-a0ffd794d736/BP01-SR_BP01-014SR★★.png
1975098350062593,BP01-014,露西亚·深红囚影,BP01-命运交锋,SR★★★,9,雷,11,3,,角色牌 / 升变角色牌,阿尔法 / 升格者,"升变条件 费用8以下的<阿尔法>&「费用上限8及以上」
升变代价【3费】将手牌的该牌重叠在对象上方出场，获得【速攻】
【永】：该牌可以同时装备2张<封刃太刀>装备。
【起】 【回合1】 【2蓝色信号球】：选择我方墓地1张<大太刀>装备，将其装备。直到回合结束为止，我方信号球区的【蓝色信号球】可以视为【红色信号球】或【黄色信号球】。
【自】【回合1】：该牌攻击时，可以消除【2黄色信号球】。若如此做，将该牌竖直，直到回合结束为止，该牌获得【充能+1】，PP+1000。",https://zhanshuang-prod-minio.janime.cn/card-game-public/1974825587141632/BP01-014/a17b1bb0-bc87-4f83-b86c-e568c01705d9/BP01-SR_BP01-014SR★★★.png
1974835633687555,BP01-015,露西亚·深红囚影,BP01-命运交锋,U,4,雷,4,1,,角色牌,阿尔法 / 升格者,【永】：我方每回合使用的第1张装备的费用-1。,https://zhanshuang-prod-minio.janime.cn/card-game-public/1974825587141632/BP01-015/dc59aca8-4d8d-4994-ac3a-4aee18f3e2f4/BP01-U_BP01-015U.png
1979093737888772,BP01-015,露西亚·深红囚影,PR-推广卡,PR,4,雷,4,1,,角色牌,阿尔法 / 升格者,【永】：我方每回合使用的第1张装备的费用-1。,https://zhanshuang-prod-minio.janime.cn/card-game-public/1979091528694784/BP01-015/7d63adeb-0b87-491d-a9f6-8a6beb2bad14/BP01-015PR.png
1974835633687556,BP01-016,露西亚·深红囚影,BP01-命运交锋,R,6,雷,8,1,,角色牌,阿尔法 / 升格者,"【永】：该牌可以同时装备2张<封刃太刀>装备。
【起】【回合1】 【蓝色信号球】：选择我方墓地1张<封刃太刀>装备，将其装备。",https://zhanshuang-prod-minio.janime.cn/card-game-public/1974825587141632/BP01-016/e8ae4512-fbb0-4911-bd29-11f6d5ada62a/BP01-R_BP01-016R.png
1974835633687557,BP01-016,露西亚·深红囚影,BP01-命运交锋,R★,6,雷,8,1,,角色牌,阿尔法 / 升格者,"【永】：该牌可以同时装备2张<封刃太刀>装备。
【起】【回合1】 【蓝色信号球】：选择我方墓地1张<封刃太刀>装备，将其装备。",https://zhanshuang-prod-minio.janime.cn/card-game-public/1974825587141632/BP01-016/17059159-67b1-470c-8aed-2d12a06bc738/BP01-R_BP01-016R★.png
1974835633691648,BP01-017,露西亚·深红囚影,BP01-命运交锋,SR,7,雷,9,2,,角色牌 / 升变角色牌,阿尔法 / 升格者,"升变条件 费用6以下的<阿尔法>&「费用上限6及以上」
升变代价【3费】将手牌的该牌重叠在对象上方出场，获得【速攻】
【永】：该牌可以同时装备2张<封刃太刀>装备。
【自】：该牌离场时，若该牌同时装备<小太刀>和<大太刀>，可以将其放置到墓地。若如此做，改为不离场。",https://zhanshuang-prod-minio.janime.cn/card-game-public/1974825587141632/BP01-017/a6785cd3-c858-4dcc-b789-f6e69d8d10a3/BP01-SR_BP01-017SR.png
1974835633691649,BP01-017,露西亚·深红囚影,BP01-命运交锋,SR★,7,雷,9,2,,角色牌 / 升变角色牌,阿尔法 / 升格者,"升变条件 费用6以下的<阿尔法>&「费用上限6及以上」
升变代价【3费】将手牌的该牌重叠在对象上方出场，获得【速攻】
【永】：该牌可以同时装备2张<封刃太刀>装备。
【自】：该牌离场时，若该牌同时装备<小太刀>和<大太刀>，可以将其放置到墓地。若如此做，改为不离场。",https://zhanshuang-prod-minio.janime.cn/card-game-public/1974825587141632/BP01-017/38b2d391-1401-4e6a-aa62-9a6228144c95/BP01-SR_BP01-017SR★.png
1995614903917568,BP01-017,露西亚·深红囚影,PR-推广卡,PR,7,雷,9,2,,角色牌 / 升变角色牌,阿尔法 / 升格者,"升变条件 费用6以下的<阿尔法>&「费用上限6及以上」
升变代价【3费】将手牌的该牌重叠在对象上方出场，获得【速攻】
【永】：该牌可以同时装备2张<封刃太刀>装备。
【自】：该牌离场时，若该牌同时装备<小太刀>和<大太刀>，可以将其放置到墓地。若如此做，改为不离场。",https://zhanshuang-prod-minio.janime.cn/card-game-public/cc3acc21-7665-4b65-9681-e588c56b85f2/BP01-017PR.png
1974835633691650,BP01-018,露西亚·深红囚影,BP01-命运交锋,U,5,雷,6,1,,角色牌,阿尔法 / 升格者,【出】 丢弃1张手牌：抽1张牌，若因此方法丢弃装备或信号球，改为抽2张牌。,https://zhanshuang-prod-minio.janime.cn/card-game-public/1974825587141632/BP01-018/5915bc41-087e-433d-ba67-28c221a90aad/BP01-U_BP01-018U.png
1974835633691651,BP01-019,露西亚·深红囚影,BP01-命运交锋,U,4,雷,6,1,,角色牌,阿尔法 / 升格者,,https://zhanshuang-prod-minio.janime.cn/card-game-public/1974825587141632/BP01-019/1d400a1a-5981-429c-b82c-354cff526033/BP01-U_BP01-019U.png
1974835633691652,BP01-020,绯霆—小太刀,BP01-命运交锋,U,3,雷,13,,,道具牌 / 装备牌,小太刀 / 封刃太刀,（使用后可在主要阶段放置在装备角色下方，每张角色只能装备1张装备）,https://zhanshuang-prod-minio.janime.cn/card-game-public/1974825587141632/BP01-020/f521c7a2-ee18-4e14-863d-c77a9fe6e719/BP01-U_BP01-020U.png
1974835633691653,BP01-021,绯霆—大太刀,BP01-命运交锋,U,4,雷,1.5,,,道具牌 / 装备牌,大太刀 / 封刃太刀,（使用后可在主要阶段放置在装备角色下方，每张角色只能装备1张装备）,https://zhanshuang-prod-minio.janime.cn/card-game-public/1974825587141632/BP01-021/d6436461-3211-49c3-9884-684991288068/BP01-U_BP01-021U.png
1974835633695744,BP01-022,夜煌—小太刀,BP01-命运交锋,U,3,物理,0.5,,,道具牌 / 装备牌,小太刀 / 封刃太刀,"（使用后可在主要阶段放置在装备角色下方，每张角色只能装备1张装备）
【永】：若装备角色为《露西亚·深红囚影》，则其获得“【起】【回合1】：选择我方信号球区1张信号球，直到回合结束为止，其可以视为【蓝色信号球】”。",https://zhanshuang-prod-minio.janime.cn/card-game-public/1974825587141632/BP01-022/87a5300a-4c5d-4a53-b0b7-755fb3b15c4d/BP01-U_BP01-022U.png
1974835633695745,BP01-023,夜煌—大太刀,BP01-命运交锋,U,4,物理,13,,,道具牌 / 装备牌,大太刀 / 封刃太刀,"（使用后可在主要阶段放置在装备角色下方，每张角色只能装备1张装备）
【永】：若装备角色为《露西亚·深红囚影》，则其获得“【自】【回合1】：该牌攻击时，可以横置我方战场1张牌。若如此做，该牌的本次攻击不会被PP为5000及以下的角色阻挡”。",https://zhanshuang-prod-minio.janime.cn/card-game-public/1974825587141632/BP01-023/478fa312-a2df-4dfa-8576-3e220b66b442/BP01-U_BP01-023U.png
1974835633695746,BP01-024,坼霆,BP01-命运交锋,U,3,雷,,,,道具牌 / 辅助机牌,,【起】 横置该牌&【任意信号球】：公开我方牌组顶5张牌，选择其中最多1张装备加入手牌，将剩余的牌按任意顺序放置到牌组底。,https://zhanshuang-prod-minio.janime.cn/card-game-public/1974825587141632/BP01-024/efabf10b-3beb-47ad-9305-5002cc2786bb/BP01-U_BP01-024U.png
1974835633695747,BP01-025,归途伴风雪,BP01-命运交锋,U,5,雷,,,,战术牌 / 普通战术牌,,"该牌只能在我方战场存在《露西亚·深红囚影》时才能使用。
选择对方战场1张角色，直到回合结束为止，其失去能力，不能进行阻挡。可以追加消除【2红色信号球】。若如此做，选择我方战场1张《露西亚·深红囚影》，将其竖直。",https://zhanshuang-prod-minio.janime.cn/card-game-public/1974825587141632/BP01-025/6ec9bfa0-0266-4010-8561-1c2b14284945/BP01-U_BP01-025U.png
1974835633695748,BP01-026,凛冬,BP01-命运交锋,U,3,物理,,,,战术牌 / 普通战术牌,,公开我方牌组顶7张牌，选择其中最多1张《露西亚·深红囚影》和最多1张<封刃太刀>装备加入手牌，将剩余的牌按任意顺序放置到牌组底。,https://zhanshuang-prod-minio.janime.cn/card-game-public/1974825587141632/BP01-026/fde1b3c8-d6d1-49e2-bfe0-df9e175666fd/BP01-U_BP01-026U.png
1974835633695749,BP01-027,枪林弹雨,BP01-命运交锋,R,3,雷,,,,战术牌 / 瞬时战术牌,,【瞬时】：我方玩家被攻击时才能发动。选择我方战场1张装备，可以将其放置到墓地。若如此做，那次攻击不能造成伤害。,https://zhanshuang-prod-minio.janime.cn/card-game-public/1974825587141632/BP01-027/3b2e59cb-8cb2-491f-8158-9aac130351a7/BP01-R_BP01-027R.png
1974835633699840,BP01-027,枪林弹雨,BP01-命运交锋,R★,3,雷,,,,战术牌 / 瞬时战术牌,,【瞬时】：我方玩家被攻击时才能发动。选择我方战场1张装备，可以将其放置到墓地。若如此做，那次攻击不能造成伤害。,https://zhanshuang-prod-minio.janime.cn/card-game-public/1974825587141632/BP01-027/7cfb6a1c-d68e-4f54-badb-386ba135ee89/BP01-R_BP01-027R★.png
1974835633699841,BP01-027,枪林弹雨,BP01-命运交锋,R★★,3,雷,,,,战术牌 / 瞬时战术牌,,【瞬时】：我方玩家被攻击时才能发动。选择我方战场1张装备，可以将其放置到墓地。若如此做，那次攻击不能造成伤害。,https://zhanshuang-prod-minio.janime.cn/card-game-public/1974825587141632/BP01-027/f1fa50dc-3f80-4c91-bc23-fc2a1d6eefb6/BP01-R_BP01-027R★★.png
1974835633699842,BP01-028,曲·雀翎,BP01-命运交锋,SR,9,物理,4,2,,角色牌 / 升变角色牌,曲 / 九龙商会,"升变条件 费用8以下的《曲·雀翎》&「费用上限8及以上」
升变代价【3费】将手牌的该牌重叠在对象上方出场，获得【速攻】
【出】：可以选择我方墓地、费用区合计最多6张<万世铭>，将其加入牌组并洗切。因此方法加入牌组的<万世铭>每有2张，从以下3项选择1项。（不可重复选择）
·直到回合结束为止，该牌获得【充能+1】，基本PP变为9999。
·直到回合结束为止，该牌DP+1。
·直到回合结束为止，该牌获得“【自】【回合1】：该牌攻击的充能步骤中，若充能<万世铭>，将该牌竖直。”",https://zhanshuang-prod-minio.janime.cn/card-game-public/1974825587141632/BP01-028/257cb68c-4831-4a97-a41a-db9bc12bd1f8/BP01-SR_BP01-028SR.png
1974835633699843,BP01-028,曲·雀翎,BP01-命运交锋,SR★,9,物理,4,2,,角色牌 / 升变角色牌,曲 / 九龙商会,"升变条件 费用8以下的《曲·雀翎》&「费用上限8及以上」
升变代价【3费】将手牌的该牌重叠在对象上方出场，获得【速攻】
【出】：可以选择我方墓地、费用区合计最多6张<万世铭>，将其加入牌组并洗切。因此方法加入牌组的<万世铭>每有2张，从以下3项选择1项。（不可重复选择）
·直到回合结束为止，该牌获得【充能+1】，基本PP变为9999。
·直到回合结束为止，该牌DP+1。
·直到回合结束为止，该牌获得“【自】【回合1】：该牌攻击的充能步骤中，若充能<万世铭>，将该牌竖直。”",https://zhanshuang-prod-minio.janime.cn/card-game-public/1974825587141632/BP01-028/3a63ba94-c238-4d23-bc27-61dbb560ecdd/BP01-SR_BP01-028SR★.png
1995614903917569,BP01-028,曲·雀翎,PR-推广卡,PR,9,物理,4,2,,角色牌 / 升变角色牌,曲 / 九龙商会,"升变条件 费用8以下的《曲·雀翎》&「费用上限8及以上」
升变代价【3费】将手牌的该牌重叠在对象上方出场，获得【速攻】
【出】：可以选择我方墓地、费用区合计最多6张<万世铭>，将其加入牌组并洗切。因此方法加入牌组的<万世铭>每有2张，从以下3项选择1项。（不可重复选择）
·直到回合结束为止，该牌获得【充能+1】，基本PP变为9999。
·直到回合结束为止，该牌DP+1。
·直到回合结束为止，该牌获得“【自】【回合1】：该牌攻击的充能步骤中，若充能<万世铭>，将该牌竖直。”",https://zhanshuang-prod-minio.janime.cn/card-game-public/3f87f1b1-7353-4257-ab6a-7331c9f52541/BP01-028PR.png
1974835633699844,BP01-029,曲·雀翎,BP01-命运交锋,SR,6,物理,8,1,,角色牌,曲 / 九龙商会,"【出】丢弃1张手牌：选择我方牌组1张<万世铭>，将其加入手牌，洗切牌组。
【自】【回合1】 ：该牌攻击或阻挡时，可以消除【3任意信号球】。若如此做，选择我方墓地最多2张<万世铭>，将其中1张加入手牌，将剩余的牌以竖直状态放置到我方费用区最上方。",https://zhanshuang-prod-minio.janime.cn/card-game-public/1974825587141632/BP01-029/0537f34e-8abc-43e2-a028-f5d192e81634/BP01-SR_BP01-029SR.png
1974835633699845,BP01-029,曲·雀翎,BP01-命运交锋,SR★,6,物理,8,1,,角色牌,曲 / 九龙商会,"【出】丢弃1张手牌：选择我方牌组1张<万世铭>，将其加入手牌，洗切牌组。
【自】【回合1】 ：该牌攻击或阻挡时，可以消除【3任意信号球】。若如此做，选择我方墓地最多2张<万世铭>，将其中1张加入手牌，将剩余的牌以竖直状态放置到我方费用区最上方。",https://zhanshuang-prod-minio.janime.cn/card-game-public/1974825587141632/BP01-029/9606adc6-7c5d-49db-adb4-f36bacb265ff/BP01-SR_BP01-029SR★.png
1974835633699846,BP01-030,曲·雀翎,BP01-命运交锋,SR,7,物理,9,2,,角色牌 / 升变角色牌,曲 / 九龙商会,"升变条件 费用6以下的《曲·雀翎》&「费用上限6及以上」
升变代价【3费】将手牌的该牌重叠在对象上方出场，获得【速攻】
【出】 消除3同色信号球：选择我方费用区1张<万世铭>，可以将其放置到墓地。若如此做，选择我方手牌1张费用为5及以下的《曲·雀翎》，将其出场。",https://zhanshuang-prod-minio.janime.cn/card-game-public/1974825587141632/BP01-030/dac38620-ae3a-43da-adc8-1e10c8daf823/BP01-SR_BP01-030SR.png
1974835633703936,BP01-030,曲·雀翎,BP01-命运交锋,SR★,7,物理,9,2,,角色牌 / 升变角色牌,曲 / 九龙商会,"升变条件 费用6以下的《曲·雀翎》&「费用上限6及以上」
升变代价【3费】将手牌的该牌重叠在对象上方出场，获得【速攻】
【出】 消除3同色信号球：选择我方费用区1张<万世铭>，可以将其放置到墓地。若如此做，选择我方手牌1张费用为5及以下的《曲·雀翎》，将其出场。",https://zhanshuang-prod-minio.janime.cn/card-game-public/1974825587141632/BP01-030/fdb78d03-3ae1-444e-90bd-510507451f5a/BP01-SR_BP01-030SR★.png
1974835633703937,BP01-031,曲·雀翎,BP01-命运交锋,R,4,物理,4,1,,角色牌,曲 / 九龙商会,【出】：公开我方牌组顶2张牌，选择其中最多1张牌放置到牌组顶或墓地，将剩余的牌按任意顺序放置到牌组底。,https://zhanshuang-prod-minio.janime.cn/card-game-public/1974825587141632/BP01-031/e63d3413-6445-4ada-823a-5f21d86b35e7/BP01-R_BP01-031R.png
1974835633703938,BP01-031,曲·雀翎,BP01-命运交锋,R★,4,物理,4,1,,角色牌,曲 / 九龙商会,【出】：公开我方牌组顶2张牌，选择其中最多1张牌放置到牌组顶或墓地，将剩余的牌按任意顺序放置到牌组底。,https://zhanshuang-prod-minio.janime.cn/card-game-public/1974825587141632/BP01-031/06b2ab42-b8c5-41fb-8dcd-af3f1086b8a7/BP01-R_BP01-031R★.png
1974835633703939,BP01-032,曲·雀翎,BP01-命运交锋,U,4,物理,6,1,,角色牌,曲 / 九龙商会,,https://zhanshuang-prod-minio.janime.cn/card-game-public/1974825587141632/BP01-032/ed647f2f-a62f-49c0-9e49-ca7e69329c1e/BP01-U_BP01-032U.png
1974835633703940,BP01-033,曲·雀翎,BP01-命运交锋,U,3,物理,4,1,,角色牌,曲 / 九龙商会,【永】：【充能0】。,https://zhanshuang-prod-minio.janime.cn/card-game-public/1974825587141632/BP01-033/1f033e9a-9fa5-4d2e-8aeb-a8371c3f8370/BP01-U_BP01-033U.png
1974835633703941,BP01-034,曲·雀翎,BP01-命运交锋,U,5,物理,5,1,,角色牌,曲 / 九龙商会,【出】丢弃1张手牌：公开我方牌组顶3张牌，选择其中1张《曲·雀翎》加入手牌，将剩余的牌按任意顺序放置到牌组底。,https://zhanshuang-prod-minio.janime.cn/card-game-public/1974825587141632/BP01-034/151423ac-caaf-4a82-9d03-a4bb6f330b8e/BP01-U_BP01-034U.png
1974835633708032,BP01-035,曲·雀翎,BP01-命运交锋,U,5,物理,6,2,,角色牌,曲 / 九龙商会,"【起】【回合1】丢弃手牌1张<万世铭>：从以下2项选择1项。
·直到回合结束为止，该牌获得【充能+1】。
·直到回合结束为止，该牌PP+2000。",https://zhanshuang-prod-minio.janime.cn/card-game-public/1974825587141632/BP01-035/598dc5c6-77d0-4372-a866-c0fa61df29ef/BP01-U_BP01-035U.png
1974835633708033,BP01-036,青赫,BP01-命运交锋,U,1,物理,0.5,,,道具牌 / 装备牌,龙枪,"（使用后可在主要阶段放置在装备角色下方，每张角色只能装备1张装备）
【永】：若装备角色为《曲·雀翎》，则其获得“【自】【回合1】：该牌攻击时，可以丢弃1张手牌。若如此做，公开我方牌组顶3张牌，选择其中最多1张牌放置到牌组顶或墓地，将剩余的牌按任意顺序放置到牌组底”。",https://zhanshuang-prod-minio.janime.cn/card-game-public/1974825587141632/BP01-036/63f77798-7087-414f-b5a3-e16fcaf7977e/BP01-U_BP01-036U.png
1974835633708034,BP01-037,万世铭,BP01-命运交锋,R,1,物理,,,,战术牌 / 普通战术牌,万世铭,"该牌只能在我方战场存在<曲>角色时才能使用。
选择我方信号球区1张信号球，直到回合结束为止，其可以视为3个与其相同的信号球。
【自】：该牌因<曲>角色放置到处理区时，可以改为将该牌以横置状态放置到费用区。
（该牌【自】效果的“放置到处理区”包含充能、公开某个区域的该牌等情况）",https://zhanshuang-prod-minio.janime.cn/card-game-public/1974825587141632/BP01-037/a8a338d5-f2b7-4ff6-9853-83198ad22b96/BP01-R_BP01-037R.png
1974835633708035,BP01-037,万世铭,BP01-命运交锋,R★,1,物理,,,,战术牌 / 普通战术牌,万世铭,"该牌只能在我方战场存在<曲>角色时才能使用。
选择我方信号球区1张信号球，直到回合结束为止，其可以视为3个与其相同的信号球。
【自】：该牌因<曲>角色放置到处理区时，可以改为将该牌以横置状态放置到费用区。
（该牌【自】效果的“放置到处理区”包含充能、公开某个区域的该牌等情况）",https://zhanshuang-prod-minio.janime.cn/card-game-public/1974825587141632/BP01-037/7e7b5dcd-55d9-4f0d-8b8a-6458a9c1bcbd/BP01-R_BP01-037R★.png
1974835633708036,BP01-037,万世铭,BP01-命运交锋,R★★,1,物理,,,,战术牌 / 普通战术牌,万世铭,"该牌只能在我方战场存在<曲>角色时才能使用。
选择我方信号球区1张信号球，直到回合结束为止，其可以视为3个与其相同的信号球。
【自】：该牌因<曲>角色放置到处理区时，可以改为将该牌以横置状态放置到费用区。
（该牌【自】效果的“放置到处理区”包含充能、公开某个区域的该牌等情况）",https://zhanshuang-prod-minio.janime.cn/card-game-public/1974825587141632/BP01-037/c88d17f9-09d7-4466-85b5-993255341450/BP01-R_BP01-037R★★.png
1974835633708037,BP01-038,万世铭·重铸,BP01-命运交锋,R,2,物理,,,,战术牌 / 普通战术牌,万世铭,"该牌只能在我方战场存在<曲>角色时才能使用。
选择我方墓地1张信号球，将其放置到我方信号球区任意位置。
【自】：该牌因<曲>角色放置到处理区时，可以改为将该牌以横置状态放置到费用区。
（该牌【自】效果的“放置到处理区”包含充能、公开某个区域的该牌等情况）",https://zhanshuang-prod-minio.janime.cn/card-game-public/1974825587141632/BP01-038/d9d8a624-c00f-4754-96e0-3b0770b88839/BP01-R_BP01-038R.png
1974835633708038,BP01-038,万世铭·重铸,BP01-命运交锋,R★,2,物理,,,,战术牌 / 普通战术牌,万世铭,"该牌只能在我方战场存在<曲>角色时才能使用。
选择我方墓地1张信号球，将其放置到我方信号球区任意位置。
【自】：该牌因<曲>角色放置到处理区时，可以改为将该牌以横置状态放置到费用区。
（该牌【自】效果的“放置到处理区”包含充能、公开某个区域的该牌等情况）",https://zhanshuang-prod-minio.janime.cn/card-game-public/1974825587141632/BP01-038/04df52e8-cde3-4df0-8086-1fcd045c2bee/BP01-R_BP01-038R★.png
1974835633712128,BP01-038,万世铭·重铸,BP01-命运交锋,R★★,2,物理,,,,战术牌 / 普通战术牌,万世铭,"该牌只能在我方战场存在<曲>角色时才能使用。
选择我方墓地1张信号球，将其放置到我方信号球区任意位置。
【自】：该牌因<曲>角色放置到处理区时，可以改为将该牌以横置状态放置到费用区。
（该牌【自】效果的“放置到处理区”包含充能、公开某个区域的该牌等情况）",https://zhanshuang-prod-minio.janime.cn/card-game-public/1974825587141632/BP01-038/d5542695-6d68-4dd3-b221-d1d895fc6fb9/BP01-R_BP01-038R★★.png
1974835633712129,BP01-039,自由,BP01-命运交锋,U,5,物理,,,,战术牌 / 普通战术牌,,选择对方战场1张角色，将其以横置状态放置到对方费用区。选择我方费用区1张<万世铭>，将其竖直。,https://zhanshuang-prod-minio.janime.cn/card-game-public/1974825587141632/BP01-039/fd8d4dd6-359d-4996-a690-b7a301586edc/BP01-U_BP01-039U.png
1974839685929984,BP01-040,七实·遥星之座,BP01-命运交锋,SR,9,火,11,2,,角色牌 / 升变角色牌,七实 / 机械教会,"升变条件 费用8以下的<七实>&「费用上限8及以上」
升变代价「【费用3】&将我方战场1张《帕瓦》放置到该牌下方」将手牌的该牌重叠在对象上方出场，获得【速攻】。
【起】【回合1】丢弃1张手牌：选择我方墓地1张《帕瓦》，将其放置到该牌下方。
【永】：根据该牌下方的牌的数量，该牌获得以下效果。
·2张及以上 【永】：我方回合中，我方战场所有<机械教会>角色PP+1000。
·4张及以上 【永】：该牌的攻击不会被PP为5000及以下的角色阻挡。
·7张及以上 【起】【游戏1】消除【2黄色信号球】：给予对方1点伤害。",https://zhanshuang-prod-minio.janime.cn/card-game-public/1974825587141632/BP01-040/e6d7ebf4-90ac-4280-bae1-153da1fcc23f/BP01-SR_BP01-040SR.png
1974839685929985,BP01-040,七实·遥星之座,BP01-命运交锋,SR★,9,火,11,2,,角色牌 / 升变角色牌,七实 / 机械教会,"升变条件 费用8以下的<七实>&「费用上限8及以上」
升变代价「【费用3】&将我方战场1张《帕瓦》放置到该牌下方」将手牌的该牌重叠在对象上方出场，获得【速攻】。
【起】【回合1】丢弃1张手牌：选择我方墓地1张《帕瓦》，将其放置到该牌下方。
【永】：根据该牌下方的牌的数量，该牌获得以下效果。
·2张及以上 【永】：我方回合中，我方战场所有<机械教会>角色PP+1000。
·4张及以上 【永】：该牌的攻击不会被PP为5000及以下的角色阻挡。
·7张及以上 【起】【游戏1】消除【2黄色信号球】：给予对方1点伤害。",https://zhanshuang-prod-minio.janime.cn/card-game-public/1974825587141632/BP01-040/487d8c7f-4d9f-45ca-ae52-03ae629ed768/BP01-SR_BP01-040SR★.png
1974839685934080,BP01-041,七实·遥星之座,BP01-命运交锋,SR,7,火,6,2,,角色牌 / 升变角色牌,七实 / 机械教会,"升变条件 费用6以下的<七实>&「费用上限6及以上」
升变代价【3费】将手牌的该牌重叠在对象上方出场，获得【速攻】
【永】：若该牌下方存在《帕瓦》，则该牌PP+2000。
【出】 丢弃1张手牌：选择我方墓地1张费用为3及以下的《帕瓦》,将其出场。",https://zhanshuang-prod-minio.janime.cn/card-game-public/1974825587141632/BP01-041/a3ec8011-a1ae-403e-bd1c-bb2ec0a3e253/BP01-SR_BP01-041SR.png
1974839685934081,BP01-041,七实·遥星之座,BP01-命运交锋,SR★,7,火,6,2,,角色牌 / 升变角色牌,七实 / 机械教会,"升变条件 费用6以下的<七实>&「费用上限6及以上」
升变代价【3费】将手牌的该牌重叠在对象上方出场，获得【速攻】
【永】：若该牌下方存在《帕瓦》，则该牌PP+2000。
【出】 丢弃1张手牌：选择我方墓地1张费用为3及以下的《帕瓦》,将其出场。",https://zhanshuang-prod-minio.janime.cn/card-game-public/1974825587141632/BP01-041/c80234c1-9e5f-4852-a124-801468301868/BP01-SR_BP01-041SR★ -.png
1974839685934082,BP01-042,七实·遥星之座,BP01-命运交锋,R,5,火,6,2,,角色牌,七实 / 机械教会,【永】：若该牌下方存在《帕瓦》，则该牌获得【速攻】。,https://zhanshuang-prod-minio.janime.cn/card-game-public/1974825587141632/BP01-042/1ae0517b-db69-4371-8156-d03982d45777/BP01-R_BP01-042R.png
1974839685934083,BP01-042,七实·遥星之座,BP01-命运交锋,R★,5,火,6,2,,角色牌,七实 / 机械教会,【永】：若该牌下方存在《帕瓦》，则该牌获得【速攻】。,https://zhanshuang-prod-minio.janime.cn/card-game-public/1974825587141632/BP01-042/c8ceaffd-4417-4e17-b0cc-9cf364f42efc/BP01-R_BP01-042R★.png
1974839685934084,BP01-042,七实·遥星之座,BP01-命运交锋,R★★,5,火,6,2,,角色牌,七实 / 机械教会,【永】：若该牌下方存在《帕瓦》，则该牌获得【速攻】。,https://zhanshuang-prod-minio.janime.cn/card-game-public/1974825587141632/BP01-042/205cc0e3-e24a-40c0-85d1-5d85d005f9ef/BP01-R_BP01-042R★★.png
1974839685938176,BP01-043,七实·遥星之座,BP01-命运交锋,R,6,火,2,2,,角色牌,七实 / 机械教会,【出】：可以将我方战场1张《帕瓦》放置到墓地。若如此做，选择对方战场1张PP为6000及以下的角色，将其破坏。,https://zhanshuang-prod-minio.janime.cn/card-game-public/1974825587141632/BP01-043/ee91a127-0b9d-42cb-93a7-7b735686d918/BP01-R_BP01-043R.png
1974839685938177,BP01-043,七实·遥星之座,BP01-命运交锋,R★,6,火,2,2,,角色牌,七实 / 机械教会,【出】：可以将我方战场1张《帕瓦》放置到墓地。若如此做，选择对方战场1张PP为6000及以下的角色，将其破坏。,https://zhanshuang-prod-minio.janime.cn/card-game-public/1974825587141632/BP01-043/f0b9df06-90b2-40f3-bc36-d58c1efe00a5/BP01-R_BP01-043R★.png
1974839685938178,BP01-044,七实·遥星之座,BP01-命运交锋,U,4,火,4,1,,角色牌,七实 / 机械教会,【出】 丢弃手牌1张《帕瓦》：抽2张牌。,https://zhanshuang-prod-minio.janime.cn/card-game-public/1974825587141632/BP01-044/d104ad39-17c6-4837-a179-589cfcfb844f/BP01-U_BP01-044U.png
1974839685938179,BP01-045,七实·遥星之座,BP01-命运交锋,U,4,火,6,1,,角色牌,七实 / 机械教会,【永】：【充能0】。,https://zhanshuang-prod-minio.janime.cn/card-game-public/1974825587141632/BP01-045/246d4cca-40d0-407c-a619-7b76fca48b96/BP01-U_BP01-045U.png
1974839685938180,BP01-046,七实·遥星之座,BP01-命运交锋,U,2,火,1,1,,角色牌,七实 / 机械教会,【出】：公开我方牌组顶5张牌，选择其中1张《帕瓦》或<机械教会>角色加入手牌，将剩余的牌按任意顺序放置到牌组底。,https://zhanshuang-prod-minio.janime.cn/card-game-public/1974825587141632/BP01-046/07a9ccd5-80cf-404d-ac95-30d0bd968456/BP01-U_BP01-046U.png
1974839685938181,BP01-047,七实·遥星之座,BP01-命运交锋,U,8,火,11,3,,角色牌,七实 / 机械教会,,https://zhanshuang-prod-minio.janime.cn/card-game-public/1974825587141632/BP01-047/d7398b03-48fb-435f-a01f-c77a996eb79d/BP01-U_BP01-047U.png
1974839685938182,BP01-048,七实·遥星之座,BP01-命运交锋,U,2,火,4,1,,角色牌,七实 / 机械教会,,https://zhanshuang-prod-minio.janime.cn/card-game-public/1974825587141632/BP01-048/43d6b9f0-792b-4e56-90f3-2d561143fa56/BP01-U_BP01-048U.png
1974839685942272,BP01-049,帕瓦,BP01-命运交锋,R,4,火,4,1,,角色牌,武装机械,"【永】：该牌不能攻击。
【起】【任意信号球】：选择我方战场1张《七实·遥星之座》，将竖直状态的该牌放置到其下方。
【永】：若该牌存在于《七实·遥星之座》下方，其PP+1000。",https://zhanshuang-prod-minio.janime.cn/card-game-public/1974825587141632/BP01-049/270592c1-a2b8-4e99-9a12-3a961684effe/BP01-R_BP01-049R.png
1974839685942273,BP01-049,帕瓦,BP01-命运交锋,R★,4,火,4,1,,角色牌,武装机械,"【永】：该牌不能攻击。
【起】【任意信号球】：选择我方战场1张《七实·遥星之座》，将竖直状态的该牌放置到其下方。
【永】：若该牌存在于《七实·遥星之座》下方，其PP+1000。",https://zhanshuang-prod-minio.janime.cn/card-game-public/1974825587141632/BP01-049/f31c2120-3654-4103-a3f3-00c2b35fda0a/BP01-R_BP01-049R★.png
1974839685942274,BP01-050,帕瓦,BP01-命运交锋,U,4,火,4,1,,角色牌,武装机械,"【永】：该牌不能攻击。
【起】【任意信号球】：选择我方战场1张《七实·遥星之座》，将竖直状态的该牌放置到其下方。
【永】：若该牌存在于《七实·遥星之座》下方，其获得【充能+1】。",https://zhanshuang-prod-minio.janime.cn/card-game-public/1974825587141632/BP01-050/e1ea5a91-f371-40b4-a74b-87d64b7f443f/BP01-U_BP01-050U.png
1974839685942275,BP01-051,帕瓦,BP01-命运交锋,U,4,火,4,1,,角色牌,武装机械,"【永】：该牌不能攻击。
【起】 【2任意信号球】：选择我方战场1张《七实·遥星之座》，将竖直状态的该牌放置到其下方。
【永】：若该牌存在于基本DP为1及以下的《七实·遥星之座》下方，其基本DP+1。",https://zhanshuang-prod-minio.janime.cn/card-game-public/1974825587141632/BP01-051/f9ca9f50-2b5d-4505-8fe2-baa65498eb17/BP01-U_BP01-051U.png
1974839685942276,BP01-052,帕瓦,BP01-命运交锋,U,3,火,2,2,,角色牌,武装机械,"【永】：【充能0】。
【起】【任意信号球】：选择我方战场1张《七实·遥星之座》，将竖直状态的该牌放置到其下方。",https://zhanshuang-prod-minio.janime.cn/card-game-public/1974825587141632/BP01-052/de9a9e8f-e70e-41d3-bfa6-ebed491d2197/BP01-U_BP01-052U.png
1974839685942277,BP01-053,七实·遥星之座,BP01-命运交锋,U,5,火,6,1,,角色牌,七实 / 机械教会,【出】：选择我方墓地1张信号球，将其放置到我方信号球区最上方。,https://zhanshuang-prod-minio.janime.cn/card-game-public/1974825587141632/BP01-053/32296673-31fb-465a-871d-cd0616994613/BP01-U_BP01-053U.png
1974839685946368,BP01-054,万兆创星,BP01-命运交锋,U,5,火,,,,战术牌 / 普通战术牌,,选择对方战场1张PP为6000及以下的角色，将其破坏。若我方战场存在《七实·遥星之座》升变角色，改为选择对方战场1张角色，将其破坏。,https://zhanshuang-prod-minio.janime.cn/card-game-public/1974825587141632/BP01-054/4864f142-455e-457f-9380-fbedb829eaac/BP01-U_BP01-054U.png
1974839685946369,BP01-055,七实-未来,BP01-命运交锋,U,4,火,,,,战术牌 / 普通战术牌,,公开我方牌组1张费用为6及以上的《七实·遥星之座》升变角色。选择我方战场1张费用为6以下的《七实·遥星之座》和1张《帕瓦》。我方可以无视【升变条件】，不支付【升变代价】在其上方升变出场因此方法公开的升变角色。,https://zhanshuang-prod-minio.janime.cn/card-game-public/1974825587141632/BP01-055/4fd96ff4-d282-49f4-9149-1d5902291d8d/BP01-U_BP01-055U.png
1974839685946370,BP01-056,梦赴光寥之乡,BP01-命运交锋,SR,2,物理,,,,战术牌 / 普通战术牌,艺术协会,"抽1张牌，丢弃1张手牌。
【自】 ：《梦赴光寥之乡》的该【自】效果每回合最多发动2次。我方消除信号球时，可以将墓地的该牌加入手牌。",https://zhanshuang-prod-minio.janime.cn/card-game-public/1974825587141632/BP01-056/f68dc044-8757-4392-9629-00e9e016ab82/BP01-SR_BP01-056SR.png
1974839685946371,BP01-056a,梦赴光寥之乡,BP01-命运交锋,SR★,2,物理,,,,战术牌 / 普通战术牌,艺术协会,"抽1张牌，丢弃1张手牌。
【自】：《梦赴光寥之乡》的该【自】效果每回合最多发动2次。我方消除信号球时，可以将墓地的该牌加入手牌。",https://zhanshuang-prod-minio.janime.cn/card-game-public/1974825587141632/BP01-056a/1478d63b-93a5-472d-8d09-d9c11b842e4a/BP01-SR_BP01-056aSR★.png
1974839685946372,BP01-056b,梦赴光寥之乡,BP01-命运交锋,SR★,2,物理,,,,战术牌 / 普通战术牌,艺术协会,"抽1张牌，丢弃1张手牌。
【自】 ：《梦赴光寥之乡》的该【自】效果每回合最多发动2次。我方消除信号球时，可以将墓地的该牌加入手牌。",https://zhanshuang-prod-minio.janime.cn/card-game-public/1974825587141632/BP01-056b/0ea02779-9dca-4567-9514-c008e80a9473/BP01-SR_BP01-056bSR★.png
1974839685946373,BP01-057,赛琳娜·希声,BP01-命运交锋,SR,9,物理,11,2,,角色牌 / 升变角色牌,赛琳娜 / 艺术协会,"升变条件 费用8以下的<赛琳娜>&「费用上限8及以上」
升变代价【4费】将手牌的该牌重叠在对象上方出场，获得【速攻】
【自】【回合1】：该牌攻击结束时，可以丢弃手牌2张《梦赴光寥之乡》。若如此做，将该牌竖直。直到回合结束为止，该牌PP+2000，DP+1。",https://zhanshuang-prod-minio.janime.cn/card-game-public/1974825587141632/BP01-057/d0f220e1-b1b1-462e-85f8-7f50a3eca69a/BP01-SR_BP01-057.png
1974839685950464,BP01-057,赛琳娜·希声,BP01-命运交锋,SR★,9,物理,11,2,,角色牌 / 升变角色牌,赛琳娜 / 艺术协会,"升变条件 费用8以下的<赛琳娜>&「费用上限8及以上」
升变代价【4费】将手牌的该牌重叠在对象上方出场，获得【速攻】
【自】【回合1】：该牌攻击结束时，可以丢弃手牌2张《梦赴光寥之乡》。若如此做，将该牌竖直。直到回合结束为止，该牌PP+2000，DP+1。",https://zhanshuang-prod-minio.janime.cn/card-game-public/1974825587141632/BP01-057/fad3ec98-f182-42f3-9728-7737e1b573d7/BP01-SR_BP01-057SR★.png
1974839685950465,BP01-057,赛琳娜·希声,BP01-命运交锋,SR★★,9,物理,11,2,,角色牌 / 升变角色牌,赛琳娜 / 艺术协会,"升变条件 费用8以下的<赛琳娜>&「费用上限8及以上」
升变代价【4费】将手牌的该牌重叠在对象上方出场，获得【速攻】
【自】【回合1】：该牌攻击结束时，可以丢弃手牌2张《梦赴光寥之乡》。若如此做，将该牌竖直。直到回合结束为止，该牌PP+2000，DP+1。",https://zhanshuang-prod-minio.janime.cn/card-game-public/1974825587141632/BP01-057/ef1c44d5-344b-4226-a0d6-0429b30dc107/BP01-SR_BP01-057SR★★.png
1974839685950466,BP01-058,赛琳娜·希声,BP01-命运交锋,SR,7,物理,9,2,,角色牌 / 升变角色牌,赛琳娜 / 艺术协会,"升变条件 费用6以下的<赛琳娜>&「费用上限6及以上」
升变代价【3费】将手牌的该牌重叠在对象上方出场，获得【速攻】
【出】丢弃2张手牌：选择我方墓地1张《梦赴光寥之乡》，将其加入手牌。
【出】丢弃手牌2张《梦赴光寥之乡》：选择对方战场1张费用为3及以下的角色，将其放置到对方牌组底。",https://zhanshuang-prod-minio.janime.cn/card-game-public/1974825587141632/BP01-058/8c6c1de0-11de-4f25-9988-b64e76d6973c/BP01-SR_BP01-058SR.png
1974839685950467,BP01-058,赛琳娜·希声,BP01-命运交锋,SR★,7,物理,9,2,,角色牌 / 升变角色牌,赛琳娜 / 艺术协会,"升变条件 费用6以下的<赛琳娜>&「费用上限6及以上」
升变代价【3费】将手牌的该牌重叠在对象上方出场，获得【速攻】
【出】丢弃2张手牌：选择我方墓地1张《梦赴光寥之乡》，将其加入手牌。
【出】丢弃手牌2张《梦赴光寥之乡》：选择对方战场1张费用为3及以下的角色，将其放置到对方牌组底。",https://zhanshuang-prod-minio.janime.cn/card-game-public/1974825587141632/BP01-058/ae9ca175-d7a2-4ef4-b3c7-293f13a07377/BP01-SR_BP01-058SR★.png
1974839685950468,BP01-059,赛琳娜·希声,BP01-命运交锋,R,8,物理,9,2,,角色牌,赛琳娜 / 艺术协会,"【永】：我方墓地的《梦赴光寥之乡》每有1张，手牌的该牌的费用-1。
【起】【回合1】丢弃手牌最多2张《梦赴光寥之乡》：因此方法丢弃的《梦赴光寥之乡》每有1张，从以下2项选择1项。（不可重复选择）
·直到回合结束为止，该牌获得【贯通】。
·直到回合结束为止，该牌PP+2000。",https://zhanshuang-prod-minio.janime.cn/card-game-public/1974825587141632/BP01-059/645a2286-4163-4cf0-a39e-cf675672f7ca/BP01-R_BP01-059R.png
1974839685950469,BP01-059,赛琳娜·希声,BP01-命运交锋,R★,8,物理,9,2,,角色牌,赛琳娜 / 艺术协会,"【永】：我方墓地的《梦赴光寥之乡》每有1张，手牌的该牌的费用-1。
【起】【回合1】丢弃手牌最多2张《梦赴光寥之乡》：因此方法丢弃的《梦赴光寥之乡》每有1张，从以下2项选择1项。（不可重复选择）
·直到回合结束为止，该牌获得【贯通】。
·直到回合结束为止，该牌PP+2000。",https://zhanshuang-prod-minio.janime.cn/card-game-public/1974825587141632/BP01-059/60c70e54-d577-44d7-8c95-8abe65349aa9/BP01-R_BP01-059R★.png
1974839685954560,BP01-059,赛琳娜·希声,BP01-命运交锋,R★★,8,物理,9,2,,角色牌,赛琳娜 / 艺术协会,"【永】：我方墓地的《梦赴光寥之乡》每有1张，手牌的该牌的费用-1。
【起】【回合1】丢弃手牌最多2张《梦赴光寥之乡》：因此方法丢弃的《梦赴光寥之乡》每有1张，从以下2项选择1项。（不可重复选择）
·直到回合结束为止，该牌获得【贯通】。
·直到回合结束为止，该牌PP+2000。",https://zhanshuang-prod-minio.janime.cn/card-game-public/1974825587141632/BP01-059/9807c960-f0b9-48bc-918b-f92a4f44d26f/BP01-R_BP01-059R★★.png
1974839685954561,BP01-060,赛琳娜·希声,BP01-命运交锋,R,4,物理,4,1,,角色牌,赛琳娜 / 艺术协会,【出】：选择我方牌组最多1张《梦赴光寥之乡》，将其放置到墓地，洗切牌组。,https://zhanshuang-prod-minio.janime.cn/card-game-public/1974825587141632/BP01-060/b13e55e8-6e19-4a57-84fd-7e2b54efaca2/BP01-R_BP01-060R.png
1974839685954562,BP01-060,赛琳娜·希声,BP01-命运交锋,R★,4,物理,4,1,,角色牌,赛琳娜 / 艺术协会,【出】：选择我方牌组最多1张《梦赴光寥之乡》，将其放置到墓地，洗切牌组。,https://zhanshuang-prod-minio.janime.cn/card-game-public/1974825587141632/BP01-060/5274abda-8bf9-47d8-9bc2-0a91c708482b/BP01-R_BP01-060R★.png
1974839685954563,BP01-060,赛琳娜·希声,BP01-命运交锋,R★★,4,物理,4,1,,角色牌,赛琳娜 / 艺术协会,【出】：选择我方牌组最多1张《梦赴光寥之乡》，将其放置到墓地，洗切牌组。,https://zhanshuang-prod-minio.janime.cn/card-game-public/1974825587141632/BP01-060/40478d33-8a69-4e37-a229-20b618a5c8bc/BP01-R_BP01-060R★★.png
1979093737892865,BP01-060,赛琳娜·希声,PR-推广卡,PR,4,物理,4,1,,角色牌,赛琳娜 / 艺术协会,【出】：选择我方牌组最多1张《梦赴光寥之乡》，将其放置到墓地，洗切牌组。,https://zhanshuang-prod-minio.janime.cn/card-game-public/1979091528694784/BP01-060/48f381ca-076c-4c1a-9312-8b5c39117c3c/BP01-060PR.png
1974839685954564,BP01-061,赛琳娜·希声,BP01-命运交锋,R,5,物理,6,2,,角色牌,赛琳娜 / 艺术协会,【永】：若我方墓地存在《梦赴光寥之乡》，该牌获得“【自】：该牌攻击时，可以查看我方牌组顶最多2张牌，选择其中最多1张牌放置到牌组顶，将剩余的牌按任意顺序放置到牌组底。”,https://zhanshuang-prod-minio.janime.cn/card-game-public/1974825587141632/BP01-061/b31a5752-2936-4ce5-a2d3-a99234446138/BP01-R_BP01-061R.png
1974839685958656,BP01-061,赛琳娜·希声,BP01-命运交锋,R★,5,物理,6,2,,角色牌,赛琳娜 / 艺术协会,【永】：若我方墓地存在《梦赴光寥之乡》，该牌获得“【自】：该牌攻击时，可以查看我方牌组顶最多2张牌，选择其中最多1张牌放置到牌组顶，将剩余的牌按任意顺序放置到牌组底。”,https://zhanshuang-prod-minio.janime.cn/card-game-public/1974825587141632/BP01-061/9278b021-10db-4e26-ac6d-5da281f4db6d/BP01-R_BP01-061R★.png
1974839685958657,BP01-062,赛琳娜·希声,BP01-命运交锋,R,6,物理,8,2,,角色牌,赛琳娜 / 艺术协会,【起】【回合1】丢弃1张手牌：直到回合结束为止，该牌PP+1000。若因此方法丢弃《梦赴光寥之乡》，改为直到回合结束为止，该牌获得【突进】，PP-1000。,https://zhanshuang-prod-minio.janime.cn/card-game-public/1974825587141632/BP01-062/1c723ddc-515d-44bc-9a88-4af59d03089d/BP01-R_BP01-062R.png
1974839685958658,BP01-062,赛琳娜·希声,BP01-命运交锋,R★,6,物理,8,2,,角色牌,赛琳娜 / 艺术协会,【起】【回合1】丢弃1张手牌：直到回合结束为止，该牌PP+1000。若因此方法丢弃《梦赴光寥之乡》，改为直到回合结束为止，该牌获得【突进】，PP-1000。,https://zhanshuang-prod-minio.janime.cn/card-game-public/1974825587141632/BP01-062/ae34eb24-6190-4aa5-92cd-2bec35bb9b65/BP01-R_BP01-062R★.png
1974839685958659,BP01-063,赛琳娜·希声,BP01-命运交锋,U,3,物理,4,1,,角色牌,赛琳娜 / 艺术协会,,https://zhanshuang-prod-minio.janime.cn/card-game-public/1974825587141632/BP01-063/9bed0afa-d93c-48ce-94bd-e4b3d50975e1/BP01-U_BP01-063U.png
1974839685962752,BP01-064,赛琳娜·希声,BP01-命运交锋,U,5,物理,8,2,,角色牌,赛琳娜 / 艺术协会,,https://zhanshuang-prod-minio.janime.cn/card-game-public/1974825587141632/BP01-064/76209913-36a1-4b6d-8e86-044264b42543/BP01-U_BP01-064U.png
1974839685962753,BP01-065,一碰即碎的花火,BP01-命运交锋,R,3,物理,,,,战术牌 / 瞬时战术牌,,【瞬时】：我方玩家被攻击时才能发动。可以选择我方墓地2张《梦赴光寥之乡》，将其加入牌组后洗切牌组。若如此做，那次攻击不能造成伤害。,https://zhanshuang-prod-minio.janime.cn/card-game-public/1974825587141632/BP01-065/83d748be-5f15-4e7f-b4c1-dd5034d45a12/BP01-R_BP01-065R.png
1974839685962754,BP01-065,一碰即碎的花火,BP01-命运交锋,R★,3,物理,,,,战术牌 / 瞬时战术牌,,【瞬时】：我方玩家被攻击时才能发动。可以选择我方墓地2张《梦赴光寥之乡》，将其加入牌组后洗切牌组。若如此做，那次攻击不能造成伤害。,https://zhanshuang-prod-minio.janime.cn/card-game-public/1974825587141632/BP01-065/d1084d15-2955-42f8-b4b0-fd4a639a3ed1/BP01-R_BP01-065R★.png
1974839685966848,BP01-066,独奏领域,BP01-命运交锋,U,3,物理,,,,战术牌 / 普通战术牌,,可以选择我方墓地合计4张《赛琳娜·希声》或《梦赴光寥之乡》，将其加入牌组后洗切牌组，若如此做，抽2张牌。,https://zhanshuang-prod-minio.janime.cn/card-game-public/1974825587141632/BP01-066/6918e60c-870e-4cdc-a75e-e356ca1cecc5/BP01-U_BP01-066U.png
1974839685966849,BP01-067,最后的晚空,BP01-命运交锋,R,7,物理,,,,战术牌 / 普通战术牌,,"使用该牌时，可以丢弃手牌任意数量的《梦赴光寥之乡》。因此方法丢弃的《梦赴光寥之乡》每有1张，该牌的费用-1。
选择对方战场1张角色，将其放置到对方牌组底。",https://zhanshuang-prod-minio.janime.cn/card-game-public/1974825587141632/BP01-067/c17ebe73-6ae9-47ce-a56b-80849d149190/BP01-R_BP01-067R.png
1974839685966850,BP01-067,最后的晚空,BP01-命运交锋,R★,7,物理,,,,战术牌 / 普通战术牌,,"使用该牌时，可以丢弃手牌任意数量的《梦赴光寥之乡》。因此方法丢弃的《梦赴光寥之乡》每有1张，该牌的费用-1。
选择对方战场1张角色，将其放置到对方牌组底。",https://zhanshuang-prod-minio.janime.cn/card-game-public/1974825587141632/BP01-067/6d885184-93dd-4fb8-a84f-a74573c1b59e/BP01-R_BP01-067R★.png
1974839685966851,BP01-067,最后的晚空,BP01-命运交锋,R★★,7,物理,,,,战术牌 / 普通战术牌,,"使用该牌时，可以丢弃手牌任意数量的《梦赴光寥之乡》。因此方法丢弃的《梦赴光寥之乡》每有1张，该牌的费用-1。
选择对方战场1张角色，将其放置到对方牌组底。",https://zhanshuang-prod-minio.janime.cn/card-game-public/1974825587141632/BP01-067/b2be0d1d-41f1-4a83-9927-2a9cab0390be/BP01-R_BP01-067R★★.png
1974839685966852,BP01-068,奥菲厄斯的摇篮,BP01-命运交锋,U,4,物理,13,,,道具牌 / 装备牌,弦剑,"（使用后可在主要阶段放置在装备角色下方，每张角色只能装备1张装备）
【出】：选择我方墓地1张《梦赴光寥之乡》，将其加入手牌。",https://zhanshuang-prod-minio.janime.cn/card-game-public/1974825587141632/BP01-068/f4142995-510d-409a-8d24-f28bcc5df4ff/BP01-U_BP01-068U.png
1974839685970944,BP01-069,薇拉·瑰丽,BP01-命运交锋,SR,7,物理,8,2,,角色牌,三头犬小队 / 薇拉,"【永】：若我方战场存在<21号>角色或<诺克提>角色，该牌PP+2000。
【出】横置我方战场1张<21号>角色或<诺克提>角色：直到回合结束为止，该牌获得【速攻】。",https://zhanshuang-prod-minio.janime.cn/card-game-public/1974825587141632/BP01-069/3073d495-d512-4469-9c80-31bcdfe4d156/BP01-SR_BP01-069SR.png
1974839685970945,BP01-069,薇拉·瑰丽,BP01-命运交锋,SR★,7,物理,8,2,,角色牌,三头犬小队 / 薇拉,"【永】：若我方战场存在<21号>角色或<诺克提>角色，该牌PP+2000。
【出】横置我方战场1张<21号>角色或<诺克提>角色：直到回合结束为止，该牌获得【速攻】。",https://zhanshuang-prod-minio.janime.cn/card-game-public/1974825587141632/BP01-069/f3466413-278e-4e6f-8738-6bd2138edd47/BP01-SR_BP01-069SR★.png
1974839685970946,BP01-070,诺克提·擎驱,BP01-命运交锋,SR,3,雷,2,1,,角色牌,诺克提 / 三头犬小队,"【永】：若我方战场存在<薇拉>角色或<21号>角色，该牌可以无视属性条件使用。
【起】【回合1】【1费】：若我方战场的<三头犬小队>角色为3张及以上，将我方信号球区的牌按任意顺序排列。",https://zhanshuang-prod-minio.janime.cn/card-game-public/1974825587141632/BP01-070/75d28927-ea7d-43df-a164-64b9d5cb02a8/BP01-SR_BP01-070SR.png
1974839685970947,BP01-070,诺克提·擎驱,BP01-命运交锋,SR★,3,雷,2,1,,角色牌,诺克提 / 三头犬小队,"【永】：若我方战场存在<薇拉>角色或<21号>角色，该牌可以无视属性条件使用。
【起】【回合1】【1费】：若我方战场的<三头犬小队>角色为3张及以上，将我方信号球区的牌按任意顺序排列。",https://zhanshuang-prod-minio.janime.cn/card-game-public/1974825587141632/BP01-070/d082082f-a4ff-4f2b-94cb-2c37cf6b7892/BP01-SR_BP01-070SR★.png
1974841386232832,BP01-071,死神与无色,BP01-命运交锋,R,3,暗,,,,战术牌 / 瞬时战术牌,,【瞬时】：我方玩家被攻击时才能发动。若我方战场存在横置状态的<三头犬小队>角色，那次攻击不能造成伤害。,https://zhanshuang-prod-minio.janime.cn/card-game-public/1974825587141632/BP01-071/9d44a002-f11c-48f7-966a-a01978cb9f1c/BP01-R_BP01-071R.png
1974841386236928,BP01-071,死神与无色,BP01-命运交锋,R★,3,暗,,,,战术牌 / 瞬时战术牌,,【瞬时】：我方玩家被攻击时才能发动。若我方战场存在横置状态的<三头犬小队>角色，那次攻击不能造成伤害。,https://zhanshuang-prod-minio.janime.cn/card-game-public/1974825587141632/BP01-071/b7df0451-1609-4f6f-a15a-6a930a978e58/BP01-R_BP01-071R★.png
1974841386236929,BP01-071,死神与无色,BP01-命运交锋,R★★,3,暗,,,,战术牌 / 瞬时战术牌,,【瞬时】：我方玩家被攻击时才能发动。若我方战场存在横置状态的<三头犬小队>角色，那次攻击不能造成伤害。,https://zhanshuang-prod-minio.janime.cn/card-game-public/1974825587141632/BP01-071/d9e7f989-64f1-4b3a-b3c6-d47943eb5075/BP01-R_BP01-071R★★.png
1974841386241024,BP01-072,沙利叶,BP01-命运交锋,U,3,暗,13,,,道具牌 / 装备牌,太刀,,https://zhanshuang-prod-minio.janime.cn/card-game-public/1974825587141632/BP01-072/a0e10554-9e8c-4a3b-ac5d-2279290edef7/BP01-U_BP01-072U.png
1974841386241025,BP01-073,库洛姆·荣光,BP01-命运交锋,SR,7,冰,8,2,,角色牌 / 升变角色牌,库洛姆 / 突击鹰小队,"升变条件 费用6以下的<库洛姆>&「费用上限6及以上」
升变代价【3费】将手牌的该牌重叠在对象上方出场，获得【速攻】
【自】【回合1】：我方战场1张角色阻挡时，直到回合结束为止，其PP+1000。
【起】【回合1】消除2同色信号球：选择我方手牌1张费用不大于我方明费上限的<突击鹰小队>角色，将其出场。直到回合结束为止，其获得“【永】：不能攻击”。",https://zhanshuang-prod-minio.janime.cn/card-game-public/1974825587141632/BP01-073/0068f538-b6ce-4a07-ba25-5b085ad4037d/BP01-SR_BP01-073SR.png
1974841386241026,BP01-073,库洛姆·荣光,BP01-命运交锋,SR★,7,冰,8,2,,角色牌 / 升变角色牌,库洛姆 / 突击鹰小队,"升变条件 费用6以下的<库洛姆>&「费用上限6及以上」
升变代价【3费】将手牌的该牌重叠在对象上方出场，获得【速攻】
【自】【回合1】：我方战场1张角色阻挡时，直到回合结束为止，其PP+1000。
【起】【回合1】消除2同色信号球：选择我方手牌1张费用不大于我方明费上限的<突击鹰小队>角色，将其出场。直到回合结束为止，其获得“【永】：不能攻击”。",https://zhanshuang-prod-minio.janime.cn/card-game-public/1974825587141632/BP01-073/59a6db0b-85c4-4137-84c5-a27d6a26d8b3/BP01-SR_BP01-073SR★.png
1974841386241027,BP01-074,库洛姆·荣光,BP01-命运交锋,U,3,冰,4,2,,角色牌,库洛姆 / 突击鹰小队,【永】：【充能0】。,https://zhanshuang-prod-minio.janime.cn/card-game-public/1974825587141632/BP01-074/1f3ce2bb-882b-4455-870f-110296d4d8bb/BP01-U_BP01-074U.png
1974841386241028,BP01-075,神威·重能,BP01-命运交锋,SR,5,物理,6,2,,角色牌 / 升变角色牌,神威 / 突击鹰小队,"升变条件 费用4以下的<神威>&「费用上限4及以上」
升变代价【2费】将手牌的该牌重叠在对象上方出场，获得【速攻】
【出】【2任意信号球】：选择对方战场1张费用为3及以下的角色，将其横置。",https://zhanshuang-prod-minio.janime.cn/card-game-public/1974825587141632/BP01-075/172d2a58-8e56-40ad-9751-2e1c974c589f/BP01-SR_BP01-075SR.png
1974841386241029,BP01-075,神威·重能,BP01-命运交锋,SR★,5,物理,6,2,,角色牌 / 升变角色牌,神威 / 突击鹰小队,"升变条件 费用4以下的<神威>&「费用上限4及以上」
升变代价【2费】将手牌的该牌重叠在对象上方出场，获得【速攻】
【出】【2任意信号球】：选择对方战场1张费用为3及以下的角色，将其横置。",https://zhanshuang-prod-minio.janime.cn/card-game-public/1974825587141632/BP01-075/71d77202-e1bb-43cf-b600-cfc6f6599c6f/BP01-SR_BP01-075SR★.png
1974841386245120,BP01-076,卡穆·狂犬,BP01-命运交锋,U,4,暗,6,1,,角色牌,卡穆 / 突击鹰小队,"【永】：【充能0】。
【永】：若我方战场存在<突击鹰小队>角色，该牌可以无视属性条件使用。
【起】将该牌从战场放置到牌组底：选择我方墓地1张<突击鹰小队>角色，将其加入手牌。",https://zhanshuang-prod-minio.janime.cn/card-game-public/1974825587141632/BP01-076/48e12e86-7f1d-49c1-917a-b71a0584f729/BP01-U_BP01-076U.png
1974841386245121,BP01-077,万事·明觉,BP01-命运交锋,U,5,冰,6,2,,角色牌,突击鹰小队 / 万事,【永】：我方每回合使用的第1张《荣光护盾》的费用变为1。,https://zhanshuang-prod-minio.janime.cn/card-game-public/1974825587141632/BP01-077/0d755c46-fb70-44c5-8fb9-706d8206385a/BP01-U_BP01-077U.png
1974841386245122,BP01-078,星际中的思考,BP01-命运交锋,C,1,无,,,红,战术牌 / 普通战术牌,信号球·红,"使用后将该牌放置到我方信号球区最上方，抽1张牌。
【充能自】：从以下2项选择1项。
·选择我方战场最多1张角色，直到回合结束为止，其DP+1。
·选择我方战场最多1张角色，直到回合结束为止，其PP+2000。",https://zhanshuang-prod-minio.janime.cn/card-game-public/1974825587141632/BP01-078/e0210b92-be86-48dc-a53f-883db31d6058/BP01-C_BP01-078.png
1974841386245123,BP01-078,星际中的思考,BP01-命运交锋,C★,1,无,,,红,战术牌 / 普通战术牌,信号球·红,"使用后将该牌放置到我方信号球区最上方，抽1张牌。
【充能自】：从以下2项选择1项。
·选择我方战场最多1张角色，直到回合结束为止，其DP+1。
·选择我方战场最多1张角色，直到回合结束为止，其PP+2000。",https://zhanshuang-prod-minio.janime.cn/card-game-public/a7eb8727-c5c2-4f23-91b6-daee8a01b69e/BP01-C_BP01-078★.png
1974841386245124,BP01-079,第五次交锋,BP01-命运交锋,C,1,无,,,红,战术牌 / 普通战术牌,信号球·红,"使用后将该牌放置到我方信号球区最上方，抽1张牌。
【充能自】：从以下2项选择1项。
·选择我方战场最多1张角色，直到回合结束为止，其DP+1。
·选择我方战场最多1张角色，直到回合结束为止，其PP+2000。",https://zhanshuang-prod-minio.janime.cn/card-game-public/1974825587141632/BP01-079/15bc68ef-35f6-4f79-a04e-19e1e5d5d22e/BP01-C_BP01-079.png
1974841386245125,BP01-079,第五次交锋,BP01-命运交锋,C★,1,无,,,红,战术牌 / 普通战术牌,信号球·红,"使用后将该牌放置到我方信号球区最上方，抽1张牌。
【充能自】：从以下2项选择1项。
·选择我方战场最多1张角色，直到回合结束为止，其DP+1。
·选择我方战场最多1张角色，直到回合结束为止，其PP+2000。",https://zhanshuang-prod-minio.janime.cn/card-game-public/d42945fe-32f8-484d-999d-bfac71845a88/BP01-C_BP01-079★.png
1974841386249216,BP01-080,无忧无虑大作战,BP01-命运交锋,C,1,无,,,红,战术牌 / 普通战术牌,信号球·红,"使用后将该牌放置到我方信号球区最上方，抽1张牌。
【充能自】：从以下2项选择1项。
·选择我方战场最多1张角色，直到回合结束为止，其DP+1。
·选择我方战场最多1张角色，直到回合结束为止，其PP+2000。",https://zhanshuang-prod-minio.janime.cn/card-game-public/1974825587141632/BP01-080/3d733447-19c4-44c1-ac06-cbcf319bbf6b/BP01-C_BP01-080.png
1974841386249217,BP01-080,无忧无虑大作战,BP01-命运交锋,C★,1,无,,,红,战术牌 / 普通战术牌,信号球·红,"使用后将该牌放置到我方信号球区最上方，抽1张牌。
【充能自】：从以下2项选择1项。
·选择我方战场最多1张角色，直到回合结束为止，其DP+1。
·选择我方战场最多1张角色，直到回合结束为止，其PP+2000。",https://zhanshuang-prod-minio.janime.cn/card-game-public/20332462-fe8d-44ac-8270-c74af96e75fe/BP01-C_BP01-080★.png
1974841386249218,BP01-081,桎梏与囚笼,BP01-命运交锋,C,1,无,,,蓝,战术牌 / 普通战术牌,信号球·蓝,"使用后将该牌放置到我方信号球区最上方，抽1张牌。
【充能自】：从以下2项选择1项。
·抽1张牌。
·选择我方战场最多1张角色，直到回合结束为止，其PP+2000。",https://zhanshuang-prod-minio.janime.cn/card-game-public/1974825587141632/BP01-081/9e133cd6-69ea-4272-a93c-8cea9df4612c/BP01-C_BP01-081.png
1974841386249219,BP01-081,桎梏与囚笼,BP01-命运交锋,C★,1,无,,,蓝,战术牌 / 普通战术牌,信号球·蓝,"使用后将该牌放置到我方信号球区最上方，抽1张牌。
【充能自】：从以下2项选择1项。
·抽1张牌。
·选择我方战场最多1张角色，直到回合结束为止，其PP+2000。",https://zhanshuang-prod-minio.janime.cn/card-game-public/08a22bb0-20f4-4e43-a41a-fd9184cc9d9b/BP01-C_BP01-081★.png
1974841386249220,BP01-082,漫长的电话,BP01-命运交锋,C,1,无,,,蓝,战术牌 / 普通战术牌,信号球·蓝,"使用后将该牌放置到我方信号球区最上方，抽1张牌。
【充能自】：从以下2项选择1项。
·抽1张牌。
·选择我方战场最多1张角色，直到回合结束为止，其PP+2000。",https://zhanshuang-prod-minio.janime.cn/card-game-public/1974825587141632/BP01-082/90b977ad-0f74-4b81-b50d-d24b6f7f5fa2/BP01-C_BP01-082.png
1974841386253312,BP01-082,漫长的电话,BP01-命运交锋,C★,1,无,,,蓝,战术牌 / 普通战术牌,信号球·蓝,"使用后将该牌放置到我方信号球区最上方，抽1张牌。
【充能自】：从以下2项选择1项。
·抽1张牌。
·选择我方战场最多1张角色，直到回合结束为止，其PP+2000。",https://zhanshuang-prod-minio.janime.cn/card-game-public/c03838b0-7b6f-499f-9a00-f561b5031087/BP01-C_BP01-082★.png
1974841386253313,BP01-083,无人观看的斯丁格,BP01-命运交锋,C,1,无,,,蓝,战术牌 / 普通战术牌,信号球·蓝,"使用后将该牌放置到我方信号球区最上方，抽1张牌。
【充能自】：从以下2项选择1项。
·抽1张牌。
·选择我方战场最多1张角色，直到回合结束为止，其PP+2000。",https://zhanshuang-prod-minio.janime.cn/card-game-public/1974825587141632/BP01-083/44eeb18d-67b8-495e-a86f-82bf6ec1420f/BP01-C_BP01-083.png
1974841386253314,BP01-083,无人观看的斯丁格,BP01-命运交锋,C★,1,无,,,蓝,战术牌 / 普通战术牌,信号球·蓝,"使用后将该牌放置到我方信号球区最上方，抽1张牌。
【充能自】：从以下2项选择1项。
·抽1张牌。
·选择我方战场最多1张角色，直到回合结束为止，其PP+2000。",https://zhanshuang-prod-minio.janime.cn/card-game-public/f504ec1b-4941-4af2-b703-d03288de1817/BP01-C_BP01-083★.png
1974841386253315,BP01-084,解开项圈,BP01-命运交锋,C,1,无,,,黄,战术牌 / 普通战术牌,信号球·黄,"使用后将该牌放置到我方信号球区最上方，抽1张牌。
【充能自】：从以下2项选择1项。
·若我方侵蚀计数不小于对方，我方侵蚀计数-1。
·选择我方战场最多1张角色，直到回合结束为止，其PP+2000。",https://zhanshuang-prod-minio.janime.cn/card-game-public/1974825587141632/BP01-084/64616c24-28cf-4776-a879-48316e77537c/BP01-C_BP01-084.png
1974841386253316,BP01-084,解开项圈,BP01-命运交锋,C★,1,无,,,黄,战术牌 / 普通战术牌,信号球·黄,"使用后将该牌放置到我方信号球区最上方，抽1张牌。
【充能自】：从以下2项选择1项。
·若我方侵蚀计数不小于对方，我方侵蚀计数-1。
·选择我方战场最多1张角色，直到回合结束为止，其PP+2000。",https://zhanshuang-prod-minio.janime.cn/card-game-public/cb65438a-2909-463b-80bd-3293d8bf8c4d/BP01-C_BP01-084★.png
1974841386253317,BP01-085,医鸮,BP01-命运交锋,C,1,无,,,黄,战术牌 / 普通战术牌,信号球·黄,"使用后将该牌放置到我方信号球区最上方，抽1张牌。
【充能自】：从以下2项选择1项。
·若我方侵蚀计数不小于对方，我方侵蚀计数-1。
·选择我方战场最多1张角色，直到回合结束为止，其PP+2000。",https://zhanshuang-prod-minio.janime.cn/card-game-public/1974825587141632/BP01-085/4a8c943c-a898-4610-bbf2-04c2aa5e6bb1/BP01-C_BP01-085.png
1974841386253318,BP01-085,医鸮,BP01-命运交锋,C★,1,无,,,黄,战术牌 / 普通战术牌,信号球·黄,"使用后将该牌放置到我方信号球区最上方，抽1张牌。
【充能自】：从以下2项选择1项。
·若我方侵蚀计数不小于对方，我方侵蚀计数-1。
·选择我方战场最多1张角色，直到回合结束为止，其PP+2000。",https://zhanshuang-prod-minio.janime.cn/card-game-public/936d16f1-c401-4fd6-a02b-c8b8a5008b2e/BP01-C_BP01-085★.png
1974841386257408,BP01-086,如你,BP01-命运交锋,C,1,无,,,黄,战术牌 / 普通战术牌,信号球·黄,"使用后将该牌放置到我方信号球区最上方，抽1张牌。
【充能自】：从以下2项选择1项。
·若我方侵蚀计数不小于对方，我方侵蚀计数-1。
·选择我方战场最多1张角色，直到回合结束为止，其PP+2000。",https://zhanshuang-prod-minio.janime.cn/card-game-public/1974825587141632/BP01-086/bc528656-7582-4be2-af64-cf4d5e14842c/BP01-C_BP01-086.png
1974841386257409,BP01-086,如你,BP01-命运交锋,C★,1,无,,,黄,战术牌 / 普通战术牌,信号球·黄,"使用后将该牌放置到我方信号球区最上方，抽1张牌。
【充能自】：从以下2项选择1项。
·若我方侵蚀计数不小于对方，我方侵蚀计数-1。
·选择我方战场最多1张角色，直到回合结束为止，其PP+2000。",https://zhanshuang-prod-minio.janime.cn/card-game-public/f0369511-8fa8-4d05-a734-1f14520be4e4/BP01-C_BP01-086★.png
1974864884845568,BP02-001,伊什梅尔·幻日,BP02-星海时溯,SR★★★,8,空,9,2,,角色牌 / 升变角色牌,观测者 / 伊什梅尔,"升变条件 费用7以下的<伊什梅尔>&「费用上限7及以上」
升变代价【3费】将手牌的该牌重叠在对象上方出场，获得【速攻】。
【出】【3任意信号球】：选择我方手牌1张费用不大于我方明费上限的不为空属性的升变角色，将其效果无效出场。根据其属性执行以下行动。
火属性：直到回合结束为止，该牌DP+1。
雷属性：直到回合结束为止，该牌的攻击不会被PP为3000及以下的角色阻挡。
暗属性：选择我方墓地1张该牌以外的角色，将其加入手牌。
冰属性：在不查看对方手牌的情况下选择其中1张，对方将其丢弃。
物理属性：直到下个回合结束为止，该牌PP+2000。",https://zhanshuang-prod-minio.janime.cn/card-game-public/1974864876735488/BP02-001/5d89cc7d-8676-40f5-b5c1-cbe05aee309e/BP02-SR_BP02-001SR★★★.png
1974864884849664,BP02-001,伊什梅尔·幻日,BP02-星海时溯,SR★★,8,空,9,2,,角色牌 / 升变角色牌,观测者 / 伊什梅尔,"升变条件 费用7以下的<伊什梅尔>&「费用上限7及以上」
升变代价【3费】将手牌的该牌重叠在对象上方出场，获得【速攻】。
【出】【3任意信号球】：选择我方手牌1张费用不大于我方明费上限的不为空属性的升变角色，将其效果无效出场。根据其属性执行以下行动。
火属性：直到回合结束为止，该牌DP+1。
雷属性：直到回合结束为止，该牌的攻击不会被PP为3000及以下的角色阻挡。
暗属性：选择我方墓地1张该牌以外的角色，将其加入手牌。
冰属性：在不查看对方手牌的情况下选择其中1张，对方将其丢弃。
物理属性：直到下个回合结束为止，该牌PP+2000。",https://zhanshuang-prod-minio.janime.cn/card-game-public/1974864876735488/BP02-001/84153ebc-90d6-4d69-89be-a88eb876e046/BP02-SR_BP02-001SR★★.png
1974864884849665,BP02-001,伊什梅尔·幻日,BP02-星海时溯,SR★,8,空,9,2,,角色牌 / 升变角色牌,观测者 / 伊什梅尔,"升变条件 费用7以下的<伊什梅尔>&「费用上限7及以上」
升变代价【3费】将手牌的该牌重叠在对象上方出场，获得【速攻】。
【出】【3任意信号球】：选择我方手牌1张费用不大于我方明费上限的不为空属性的升变角色，将其效果无效出场。根据其属性执行以下行动。
火属性：直到回合结束为止，该牌DP+1。
雷属性：直到回合结束为止，该牌的攻击不会被PP为3000及以下的角色阻挡。
暗属性：选择我方墓地1张该牌以外的角色，将其加入手牌。
冰属性：在不查看对方手牌的情况下选择其中1张，对方将其丢弃。
物理属性：直到下个回合结束为止，该牌PP+2000。",https://zhanshuang-prod-minio.janime.cn/card-game-public/1974864876735488/BP02-001/c0091487-a2c7-4774-ac34-23b48b61c804/BP02-SR_BP02-001SR★.png
1974864884849666,BP02-001,伊什梅尔·幻日,BP02-星海时溯,SR,8,空,9,2,,角色牌 / 升变角色牌,观测者 / 伊什梅尔,"升变条件 费用7以下的<伊什梅尔>&「费用上限7及以上」
升变代价【3费】将手牌的该牌重叠在对象上方出场，获得【速攻】。
【出】【3任意信号球】：选择我方手牌1张费用不大于我方明费上限的不为空属性的升变角色，将其效果无效出场。根据其属性执行以下行动。
火属性：直到回合结束为止，该牌DP+1。
雷属性：直到回合结束为止，该牌的攻击不会被PP为3000及以下的角色阻挡。
暗属性：选择我方墓地1张该牌以外的角色，将其加入手牌。
冰属性：在不查看对方手牌的情况下选择其中1张，对方将其丢弃。
物理属性：直到下个回合结束为止，该牌PP+2000。",https://zhanshuang-prod-minio.janime.cn/card-game-public/1974864876735488/BP02-001/fe77ba53-20cf-436e-928d-c9c7aa4e0812/BP02-SR_BP02-001SR.png
1974864884849668,BP02-002,伊什梅尔·幻日,BP02-星海时溯,SR,6,空,8,2,,角色牌,观测者 / 伊什梅尔,"【出】：公开我方手牌最多2张属性不同的升变角色，根据其属性执行以下行动。
火属性：直到回合结束为止，该牌可以攻击对方玩家。
雷属性：直到下个回合结束为止，该牌获得【突进】，PP-1000。
暗属性：选择1位玩家，将其牌组顶5张牌放置到墓地。
冰属性：抽1张牌。
物理属性：直到下个回合结束为止，该牌PP+2000。",https://zhanshuang-prod-minio.janime.cn/card-game-public/1974864876735488/BP02-002/68cd7c7e-40a4-4d4b-8d34-410ced2c9e01/BP02-SR_BP02-002SR.png
1975108428790784,BP02-002,伊什梅尔·幻日,BP02-星海时溯,SR★,6,空,8,2,,角色牌,观测者 / 伊什梅尔,"【出】：公开我方手牌最多2张属性不同的升变角色，根据其属性执行以下行动。
火属性：直到回合结束为止，该牌可以攻击对方玩家。
雷属性：直到下个回合结束为止，该牌获得【突进】，PP-1000。
暗属性：选择1位玩家，将其牌组顶5张牌放置到墓地。
冰属性：抽1张牌。
物理属性：直到下个回合结束为止，该牌PP+2000。",https://zhanshuang-prod-minio.janime.cn/card-game-public/1974864876735488/BP02-002/fb4ba80c-383e-4a22-b014-37bf4dae23b5/BP02-SR_BP02-002SR★.png
1974864884849669,BP02-003,观测纪行,BP02-星海时溯,R★★,5,空,,,,战术牌 / 普通战术牌,,"该牌只能在我方战场存在《伊什梅尔·幻日》时才能使用。
选择我方手牌1张费用不大于我方明费上限的不为空属性的升变角色，将其效果无效出场。",https://zhanshuang-prod-minio.janime.cn/card-game-public/1974864876735488/BP02-003/b76eeebd-259a-4eae-8fcf-5f3c7810835e/BP02-R_BP02-003R★★.png
1974864884853760,BP02-003,观测纪行,BP02-星海时溯,R★,5,空,,,,战术牌 / 普通战术牌,,"该牌只能在我方战场存在《伊什梅尔·幻日》时才能使用。
选择我方手牌1张费用不大于我方明费上限的不为空属性的升变角色，将其效果无效出场。",https://zhanshuang-prod-minio.janime.cn/card-game-public/1974864876735488/BP02-003/5f45f962-b392-434a-b60e-814eaa6a8e09/BP02-R_BP02-003R★.png
1974864884853761,BP02-003,观测纪行,BP02-星海时溯,R,5,空,,,,战术牌 / 普通战术牌,,"该牌只能在我方战场存在《伊什梅尔·幻日》时才能使用。
选择我方手牌1张费用不大于我方明费上限的不为空属性的升变角色，将其效果无效出场。",https://zhanshuang-prod-minio.janime.cn/card-game-public/1974864876735488/BP02-003/f579e86d-061a-437e-af37-f68d4c7f0c02/BP02-R_BP02-003R.png
1974864884853762,BP02-004,伊什梅尔·幻日,BP02-星海时溯,R★★,5,空,6,2,,角色牌,观测者 / 伊什梅尔,【出】丢弃1张手牌：公开我方牌组顶5张牌，选择其中任意数量的属性各不相同的升变角色，将其加入手牌。将剩余的牌加入牌组并洗切。,https://zhanshuang-prod-minio.janime.cn/card-game-public/1974864876735488/BP02-004/4fe83293-bf65-4852-8309-69895355567f/BP02-R_BP02-004R★★.png
1974864884853763,BP02-004,伊什梅尔·幻日,BP02-星海时溯,R★,5,空,6,2,,角色牌,观测者 / 伊什梅尔,【出】丢弃1张手牌：公开我方牌组顶5张牌，选择其中任意数量的属性各不相同的升变角色，将其加入手牌。将剩余的牌加入牌组并洗切。,https://zhanshuang-prod-minio.janime.cn/card-game-public/1974864876735488/BP02-004/aa472122-c4ab-49da-bdfb-104a4221f2ca/BP02-R_BP02-004R★.png
1974864884853764,BP02-004,伊什梅尔·幻日,BP02-星海时溯,R,5,空,6,2,,角色牌,观测者 / 伊什梅尔,【出】丢弃1张手牌：公开我方牌组顶5张牌，选择其中任意数量的属性各不相同的升变角色，将其加入手牌。将剩余的牌加入牌组并洗切。,https://zhanshuang-prod-minio.janime.cn/card-game-public/1974864876735488/BP02-004/d978942e-a80b-4d2f-8be3-ef6671311f13/BP02-R_BP02-004R.png
1974864884853765,BP02-005,伊什梅尔·幻日,BP02-星海时溯,R★,4,空,4,2,,角色牌,观测者 / 伊什梅尔,"【永】：【充能0】。
【出】丢弃2张手牌：选择我方墓地1张不为空属性的升变角色，将其加入手牌。",https://zhanshuang-prod-minio.janime.cn/card-game-public/1974864876735488/BP02-005/6ec9aaeb-3287-4dec-b428-b047e51779c1/BP02-R_BP02-005R★.png
1974864884857856,BP02-005,伊什梅尔·幻日,BP02-星海时溯,R,4,空,4,2,,角色牌,观测者 / 伊什梅尔,"【永】：【充能0】。
【出】丢弃2张手牌：选择我方墓地1张不为空属性的升变角色，将其加入手牌。",https://zhanshuang-prod-minio.janime.cn/card-game-public/1974864876735488/BP02-005/7eee64bb-44d0-4df9-a04f-0df1b74252d2/BP02-R_BP02-005R.png
1974864884857857,BP02-006,伊什梅尔·幻日,BP02-星海时溯,U,6,空,5,2,,角色牌,观测者 / 伊什梅尔,【出】：可以公开我方手牌1张火属性或暗属性的升变角色。若如此做，选择对方战场1张角色，直到回合结束为止，其PP-3000。,https://zhanshuang-prod-minio.janime.cn/card-game-public/1974864876735488/BP02-006/d4b5c806-126a-43e6-b98c-23f51892ce14/BP02-U_BP02-006U.png
1974864884857858,BP02-007,伊什梅尔·幻日,BP02-星海时溯,U,5,空,6,2,,角色牌,观测者 / 伊什梅尔,【自】：该牌阻挡时，可以公开我方手牌1张雷属性或冰属性或物理属性的升变角色。若如此做，直到回合结束为止，该牌PP+2000。,https://zhanshuang-prod-minio.janime.cn/card-game-public/1974864876735488/BP02-007/91aaf0b5-dc7a-4b55-b2a9-d107ac2018df/BP02-U_BP02-007U.png
1974864884857859,BP02-008,伊什梅尔·幻日,BP02-星海时溯,U,4,空,6,1,,角色牌,观测者 / 伊什梅尔,,https://zhanshuang-prod-minio.janime.cn/card-game-public/1974864876735488/BP02-008/6d749df5-c3a9-4a05-af2b-482dec0b886e/BP02-U_BP02-008U.png
1974864884857860,BP02-009,伊什梅尔·幻日,BP02-星海时溯,U,3,空,2,1,,角色牌,观测者 / 伊什梅尔,【永】：若该牌存在于我方战场或费用区，我方可以无视属性条件使用升变角色。（使用升变机制时仍需遵循卡牌属性条件）,https://zhanshuang-prod-minio.janime.cn/card-game-public/1974864876735488/BP02-009/b775e06b-9993-4b89-afd5-e8e63cab354c/BP02-U_BP02-009U.png
1991750340320256,BP02-009,伊什梅尔·幻日,PR-推广卡,PR,3,空,2,1,,角色牌,观测者 / 伊什梅尔,【永】：若该牌存在于我方战场或费用区，我方可以无视属性条件使用升变角色。（使用升变机制时仍需遵循卡牌属性条件）,https://zhanshuang-prod-minio.janime.cn/card-game-public/1979091528694784/BP02-009/6d187234-1a86-4d75-a363-7df208c52ed2/BP02-009.png
1974866089917440,BP02-010,丽芙·极昼,BP02-星海时溯,SR★★★,7,火,9,2,,角色牌 / 升变角色牌,丽芙 / 灰鸦小队·高级,"升变条件 费用为4的<丽芙>&「费用上限6及以上」
升变代价【2费】将手牌的该牌重叠在对象上方出场，获得【速攻】。
【永】：对方回合中，对方选择角色作为攻击对象时，若可以选择该角色，则必须选择该角色。（若存在复数可以作为攻击对象的该牌，则选择其中1张）
【自】【回合1】：我方的<丽芙>角色因效果或代价从战场放置到墓地时，可以消除【2任意信号球】。若如此做，选择我方手牌1张费用为4的《丽芙·极昼》，将其出场。(该牌因效果或代价从战场放置到墓地时也会发动）",https://zhanshuang-prod-minio.janime.cn/card-game-public/1974864876735488/BP02-010/bc6a1bf9-5519-4ed8-8f8e-e1030ef3baa7/BP02-SR_BP02-010SR★★★.png
1974866089917441,BP02-010,丽芙·极昼,BP02-星海时溯,SR★★,7,火,9,2,,角色牌 / 升变角色牌,丽芙 / 灰鸦小队·高级,"升变条件 费用为4的<丽芙>&「费用上限6及以上」
升变代价【2费】将手牌的该牌重叠在对象上方出场，获得【速攻】。
【永】：对方回合中，对方选择角色作为攻击对象时，若可以选择该角色，则必须选择该角色。（若存在复数可以作为攻击对象的该牌，则选择其中1张）
【自】【回合1】：我方的<丽芙>角色因效果或代价从战场放置到墓地时，可以消除【2任意信号球】。若如此做，选择我方手牌1张费用为4的《丽芙·极昼》，将其出场。(该牌因效果或代价从战场放置到墓地时也会发动）",https://zhanshuang-prod-minio.janime.cn/card-game-public/1974864876735488/BP02-010/8315fe42-037d-4abb-89bd-5da2bd63d576/BP02-SR_BP02-010SR★★.png
1974866089917442,BP02-010,丽芙·极昼,BP02-星海时溯,SR★,7,火,9,2,,角色牌 / 升变角色牌,丽芙 / 灰鸦小队·高级,"升变条件 费用为4的<丽芙>&「费用上限6及以上」
升变代价【2费】将手牌的该牌重叠在对象上方出场，获得【速攻】。
【永】：对方回合中，对方选择角色作为攻击对象时，若可以选择该角色，则必须选择该角色。（若存在复数可以作为攻击对象的该牌，则选择其中1张）
【自】【回合1】：我方的<丽芙>角色因效果或代价从战场放置到墓地时，可以消除【2任意信号球】。若如此做，选择我方手牌1张费用为4的《丽芙·极昼》，将其出场。(该牌因效果或代价从战场放置到墓地时也会发动）",https://zhanshuang-prod-minio.janime.cn/card-game-public/1974864876735488/BP02-010/795bc835-b44b-4870-8740-72b90262755d/BP02-SR_BP02-010SR★.png
1974866089917443,BP02-010,丽芙·极昼,BP02-星海时溯,SR,7,火,9,2,,角色牌 / 升变角色牌,丽芙 / 灰鸦小队·高级,"升变条件 费用为4的<丽芙>&「费用上限6及以上」
升变代价【2费】将手牌的该牌重叠在对象上方出场，获得【速攻】。
【永】：对方回合中，对方选择角色作为攻击对象时，若可以选择该角色，则必须选择该角色。（若存在复数可以作为攻击对象的该牌，则选择其中1张）
【自】【回合1】：我方的<丽芙>角色因效果或代价从战场放置到墓地时，可以消除【2任意信号球】。若如此做，选择我方手牌1张费用为4的《丽芙·极昼》，将其出场。(该牌因效果或代价从战场放置到墓地时也会发动）",https://zhanshuang-prod-minio.janime.cn/card-game-public/1974864876735488/BP02-010/8ca28318-6aef-4997-a811-622d60bae932/BP02-SR_BP02-010SR.png
1974866089921536,BP02-011,丽芙·极昼,BP02-星海时溯,SR★,4,火,4,2,,角色牌,丽芙 / 灰鸦小队·高级,"【永】：【充能0】。
【起】【任意信号球】：将竖直状态的该牌从战场放置到墓地。若如此做，选择我方手牌或墓地1张费用为4的《丽芙·极昼》，将其出场。",https://zhanshuang-prod-minio.janime.cn/card-game-public/1974864876735488/BP02-011/9dbaeca2-c900-44a4-8630-5998a6fa42c9/BP02-SR_BP02-011SR★.png
1974866089921537,BP02-011,丽芙·极昼,BP02-星海时溯,SR,4,火,4,2,,角色牌,丽芙 / 灰鸦小队·高级,"【永】：【充能0】。
【起】【任意信号球】：将竖直状态的该牌从战场放置到墓地。若如此做，选择我方手牌或墓地1张费用为4的《丽芙·极昼》，将其出场。",https://zhanshuang-prod-minio.janime.cn/card-game-public/1974864876735488/BP02-011/1993df01-a92a-4ecb-816c-8741ab434c36/BP02-SR_BP02-011SR.png
1974866089921538,BP02-012,丽芙·极昼,BP02-星海时溯,R★,8,火,9,2,,角色牌,丽芙 / 灰鸦小队·高级,"【永】：使用该牌时，可以将我方1张《丽芙·极昼》从战场放置到墓地。若如此做，该牌的费用变为4。
【出】丢弃1张手牌：直到回合结束为止，该牌可以攻击对方玩家。",https://zhanshuang-prod-minio.janime.cn/card-game-public/1974864876735488/BP02-012/831a9050-5eed-4d09-b25d-8de546d8304e/BP02-R_BP02-012R★.png
1974866089921539,BP02-012,丽芙·极昼,BP02-星海时溯,R,8,火,9,2,,角色牌,丽芙 / 灰鸦小队·高级,"【永】：使用该牌时，可以将我方1张《丽芙·极昼》从战场放置到墓地。若如此做，该牌的费用变为4。
【出】丢弃1张手牌：直到回合结束为止，该牌可以攻击对方玩家。",https://zhanshuang-prod-minio.janime.cn/card-game-public/1974864876735488/BP02-012/003f5003-1d28-49e0-96fb-793d184e7e02/BP02-R_BP02-012R.png
1974866089921540,BP02-013,丽芙·极昼,BP02-星海时溯,R★★,5,火,4,2,,角色牌,丽芙 / 灰鸦小队·高级,"【永】：若我方战场的角色少于对方战场的角色，手牌的该牌的费用-1。
【自】：我方的1张费用为6及以下的火属性角色因战斗被破坏时，可以将该牌从战场放置到墓地。若如此做，改为不破坏。",https://zhanshuang-prod-minio.janime.cn/card-game-public/1974864876735488/BP02-013/bd21b5a2-85c3-464c-b43a-c43ab52ecf3f/BP02-R_BP02-013R★★.png
1974866089921541,BP02-013,丽芙·极昼,BP02-星海时溯,R★,5,火,4,2,,角色牌,丽芙 / 灰鸦小队·高级,"【永】：若我方战场的角色少于对方战场的角色，手牌的该牌的费用-1。
【自】：我方的1张费用为6及以下的火属性角色因战斗被破坏时，可以将该牌从战场放置到墓地。若如此做，改为不破坏。",https://zhanshuang-prod-minio.janime.cn/card-game-public/1974864876735488/BP02-013/3aa8d2b9-4497-4693-b592-4d79690069b6/BP02-R_BP02-013R★.png
1974866089925632,BP02-013,丽芙·极昼,BP02-星海时溯,R,5,火,4,2,,角色牌,丽芙 / 灰鸦小队·高级,"【永】：若我方战场的角色少于对方战场的角色，手牌的该牌的费用-1。
【自】：我方的1张费用为6及以下的火属性角色因战斗被破坏时，可以将该牌从战场放置到墓地。若如此做，改为不破坏。",https://zhanshuang-prod-minio.janime.cn/card-game-public/1974864876735488/BP02-013/357088af-8bbf-44e2-af45-39bec407f546/BP02-R_BP02-013R.png
1974866089925633,BP02-014,丽芙·极昼,BP02-星海时溯,R★,5,火,4,2,,角色牌,丽芙 / 灰鸦小队·高级,"【永】：若我方战场的角色少于对方战场的角色，手牌的该牌的费用-1。
【起】将该牌从战场放置到墓地：选择我方战场1张《丽芙·极昼》，该回合结束时，将其竖直。",https://zhanshuang-prod-minio.janime.cn/card-game-public/1974864876735488/BP02-014/b919ecb4-36fe-43dd-8c06-5d19a5471196/BP02-R_BP02-014R★.png
1974866089925634,BP02-014,丽芙·极昼,BP02-星海时溯,R,5,火,4,2,,角色牌,丽芙 / 灰鸦小队·高级,"【永】：若我方战场的角色少于对方战场的角色，手牌的该牌的费用-1。
【起】将该牌从战场放置到墓地：选择我方战场1张《丽芙·极昼》，该回合结束时，将其竖直。",https://zhanshuang-prod-minio.janime.cn/card-game-public/1974864876735488/BP02-014/37c1459b-0707-4200-afb6-3892f369e42f/BP02-R_BP02-014R.png
1974866089925635,BP02-015,丽芙·极昼,BP02-星海时溯,U,5,火,5,2,,角色牌,丽芙 / 灰鸦小队·高级,【自】【回合1】：我方的<丽芙>角色因效果或代价从战场放置到墓地时，抽2张牌，丢弃1张手牌。(该牌因效果或代价从战场放置到墓地时也会发动）,https://zhanshuang-prod-minio.janime.cn/card-game-public/1974864876735488/BP02-015/af997abf-9590-49fe-b6d7-463bf9f07a0e/BP02-U_BP02-015U.png
1991750340324352,BP02-015,丽芙·极昼,PR-推广卡,PR,5,火,5,2,,角色牌,丽芙 / 灰鸦小队·高级,【自】【回合1】：我方的<丽芙>角色因效果或代价从战场放置到墓地时，抽2张牌，丢弃1张手牌。(该牌因效果或代价从战场放置到墓地时也会发动）,https://zhanshuang-prod-minio.janime.cn/card-game-public/1979091528694784/BP02-015/74e57cd8-916c-4338-9be4-8aaee6320183/BP02-015.png
1974866089925636,BP02-016,丽芙·极昼,BP02-星海时溯,U,5,火,6,2,,角色牌,丽芙 / 灰鸦小队·高级,【自】【回合1】：我方的<丽芙>角色因效果或代价从战场放置到墓地时，选择我方战场1张火属性角色，直到回合结束为止，其PP+2000。(该牌因效果或代价从战场放置到墓地时也会发动）,https://zhanshuang-prod-minio.janime.cn/card-game-public/1974864876735488/BP02-016/d4e031d2-d678-4a73-9734-0b6556342814/BP02-U_BP02-016U.png
1974866089925637,BP02-017,丽芙·极昼,BP02-星海时溯,U,4,火,4,1,,角色牌,丽芙 / 灰鸦小队·高级,【出】【1费】：若该牌从手牌出场，直到回合结束为止，该牌获得【突进】，PP+3000。该回合结束时，将该牌从战场放置到墓地。,https://zhanshuang-prod-minio.janime.cn/card-game-public/1974864876735488/BP02-017/872cca86-2e69-445f-91b3-178a4c05d8b2/BP02-U_BP02-017U.png
1974867520117760,BP02-018,里·异火,BP02-星海时溯,U,5,火,6,2,,角色牌,灰鸦小队 / 里,【出】：直到回合结束为止，我方战场所有角色PP+1000。,https://zhanshuang-prod-minio.janime.cn/card-game-public/1974864876735488/BP02-018/38e5cb56-8dd6-4312-a6dc-0ddc49d43f53/BP02-U_BP02-018U.png
1974867520117761,BP02-019,露西亚·鸦羽,BP02-星海时溯,R★,5,冰,6,2,,角色牌,灰鸦小队 / 露西亚,【自】：该牌攻击时，可以丢弃手牌最多2张<灰鸦小队>，因此方法丢弃的牌每有1张，抽1张牌。,https://zhanshuang-prod-minio.janime.cn/card-game-public/1974864876735488/BP02-019/13694e1c-5faf-48c5-8659-e76ce77bfcb9/BP02-R_BP02-019R★.png
1974867520121856,BP02-019,露西亚·鸦羽,BP02-星海时溯,R,5,冰,6,2,,角色牌,灰鸦小队 / 露西亚,【自】：该牌攻击时，可以丢弃手牌最多2张<灰鸦小队>，因此方法丢弃的牌每有1张，抽1张牌。,https://zhanshuang-prod-minio.janime.cn/card-game-public/1974864876735488/BP02-019/76992464-13fa-4851-bc38-da8dafaf4d35/BP02-R_BP02-019R.png
1974867520121857,BP02-020,永夜曙光,BP02-星海时溯,U,3,火,,,,战术牌 / 普通战术牌,,可以将我方1张《丽芙·极昼》从战场放置到墓地。若如此做，选择对方战场1张PP为5000及以下的角色，将其破坏。,https://zhanshuang-prod-minio.janime.cn/card-game-public/1974864876735488/BP02-020/1f9adad8-a776-41ec-be4f-b4ec511d0598/BP02-U_BP02-020U.png
1974867520121858,BP02-021,比安卡·晖暮,BP02-星海时溯,SR★★★,9,暗,11,3,,角色牌,比安卡 / 清理部队,"【出】丢弃手牌2张暗属性的牌：选择对方战场1张角色，直到回合结束为止，其PP-5000。
晖【起】【回合1】消除2同色信号球：将该牌竖直。
暮【永】：【突进】。",https://zhanshuang-prod-minio.janime.cn/card-game-public/1974864876735488/BP02-021/4d236991-828b-4c7f-bf24-499fbbaec0ad/BP02-SR_BP02-021SR★★★.png
1974867520121859,BP02-021,比安卡·晖暮,BP02-星海时溯,SR★★,9,暗,11,3,,角色牌,比安卡 / 清理部队,"【出】丢弃手牌2张暗属性的牌：选择对方战场1张角色，直到回合结束为止，其PP-5000。
晖【起】【回合1】消除2同色信号球：将该牌竖直。
暮【永】：【突进】。",https://zhanshuang-prod-minio.janime.cn/card-game-public/1974864876735488/BP02-021/62be3567-3206-465c-b24f-7f9e24bb70be/BP02-SR_BP02-021SR★★.png
1974867520121860,BP02-021,比安卡·晖暮,BP02-星海时溯,SR★,9,暗,11,3,,角色牌,比安卡 / 清理部队,"【出】丢弃手牌2张暗属性的牌：选择对方战场1张角色，直到回合结束为止，其PP-5000。
晖【起】【回合1】消除2同色信号球：将该牌竖直。
暮【永】：【突进】。",https://zhanshuang-prod-minio.janime.cn/card-game-public/1974864876735488/BP02-021/ffa8db3f-d889-456a-a7d3-fde5a1cdbe73/BP02-SR_BP02-021SR★.png
1974867520121861,BP02-021,比安卡·晖暮,BP02-星海时溯,SR,9,暗,11,3,,角色牌,比安卡 / 清理部队,"【出】丢弃手牌2张暗属性的牌：选择对方战场1张角色，直到回合结束为止，其PP-5000。
晖【起】【回合1】消除2同色信号球：将该牌竖直。
暮【永】：【突进】。",https://zhanshuang-prod-minio.janime.cn/card-game-public/1974864876735488/BP02-021/a6758d64-aff9-4c02-9e77-9fa81ffc5e73/BP02-SR_BP02-021SR.png
1974867520125952,BP02-022,比安卡·晖暮,BP02-星海时溯,SR★,8,暗,15,2,,角色牌,比安卡 / 清理部队,"晖（我方信号球区最下方的牌的费用为奇数时有效）【永】：手牌的该牌的费用-4。
暮（我方信号球区最下方的牌的费用为偶数时有效）【永】：【速攻】。",https://zhanshuang-prod-minio.janime.cn/card-game-public/1974864876735488/BP02-022/d107a837-e7d1-417d-88c5-6ac386faee24/BP02-SR_BP02-022SR★.png
1981925695159296,BP02-022,比安卡·晖暮,BP02-星海时溯,SR,8,暗,15,2,,角色牌,比安卡 / 清理部队,"晖（我方信号球区最下方的牌的费用为奇数时有效）【永】：手牌的该牌的费用-4。
暮（我方信号球区最下方的牌的费用为偶数时有效）【永】：【速攻】。",https://zhanshuang-prod-minio.janime.cn/card-game-public/5b67aec2-2b90-4611-8ac3-00a91c4039c3/BP02-SR_BP02-022SR.png
1995614903917570,BP02-022,比安卡·晖暮,PR-推广卡,PR,8,暗,15,2,,角色牌,比安卡 / 清理部队,"晖（我方信号球区最下方的牌的费用为奇数时有效）【永】：手牌的该牌的费用-4。
暮（我方信号球区最下方的牌的费用为偶数时有效）【永】：【速攻】。",https://zhanshuang-prod-minio.janime.cn/card-game-public/485cc3dd-b180-49e3-afbd-11584c49887d/BP02-022PR.png
1995616623733760,BP02-022【冠军】,比安卡·晖暮,PR-推广卡,PR,8,暗,15,2,,角色牌,比安卡 / 清理部队,"晖（我方信号球区最下方的牌的费用为奇数时有效）【永】：手牌的该牌的费用-4。
暮（我方信号球区最下方的牌的费用为偶数时有效）【永】：【速攻】。",https://zhanshuang-prod-minio.janime.cn/card-game-public/181abc6b-30ca-470b-b78a-4fd39cea4443/BP02-022PR冠军.png
1974867520125953,BP02-023,比安卡·晖暮,BP02-星海时溯,R★★,4,暗,5,1,,角色牌,比安卡 / 清理部队,【自】：该牌攻击时，可以将我方手牌1张《比安卡·晖暮》放置到我方信号球区最下方。若如此做，直到回合结束为止，该牌PP+2000。该回合结束时，将因此方法放置到信号球区最下方的牌放置到墓地。,https://zhanshuang-prod-minio.janime.cn/card-game-public/1974864876735488/BP02-023/fa462b62-66ba-4d1e-a1b5-db8c7ea90dd3/BP02-R_BP02-023R★★.png
1974867520125954,BP02-023,比安卡·晖暮,BP02-星海时溯,R★,4,暗,5,1,,角色牌,比安卡 / 清理部队,【自】：该牌攻击时，可以将我方手牌1张《比安卡·晖暮》放置到我方信号球区最下方。若如此做，直到回合结束为止，该牌PP+2000。该回合结束时，将因此方法放置到信号球区最下方的牌放置到墓地。,https://zhanshuang-prod-minio.janime.cn/card-game-public/1974864876735488/BP02-023/32ca3636-cc18-4056-abcd-e96e67c0456a/BP02-R_BP02-023R★.png
1974867520125955,BP02-023,比安卡·晖暮,BP02-星海时溯,R,4,暗,5,1,,角色牌,比安卡 / 清理部队,【自】：该牌攻击时，可以将我方手牌1张《比安卡·晖暮》放置到我方信号球区最下方。若如此做，直到回合结束为止，该牌PP+2000。该回合结束时，将因此方法放置到信号球区最下方的牌放置到墓地。,https://zhanshuang-prod-minio.janime.cn/card-game-public/1974864876735488/BP02-023/559f47ec-5b5d-48d8-98ca-eb91f557609b/BP02-R_BP02-023R.png
1974867520125956,BP02-024,比安卡·晖暮,BP02-星海时溯,U,5,暗,7,2,,角色牌,比安卡 / 清理部队,"【永】：信号球区的该牌的费用+1。
晖（我方信号球区最下方的牌的费用为奇数时有效）【起】【回合1】：将我方信号球区的牌按任意顺序排列。",https://zhanshuang-prod-minio.janime.cn/card-game-public/1974864876735488/BP02-024/243216cb-8a1b-402e-ba0b-c46b09da5dad/BP02-U_BP02-024U.png
1984716611009536,BP02-024,比安卡·晖暮,PR-推广卡,PR,5,暗,7,2,,角色牌,比安卡 / 清理部队,"【永】：信号球区的该牌的费用+1。
晖（我方信号球区最下方的牌的费用为奇数时有效）【起】【回合1】：将我方信号球区的牌按任意顺序排列。",https://zhanshuang-prod-minio.janime.cn/card-game-public/1979091528694784/BP02-024/ce7f1ff0-ecd3-451f-ba0a-0eb10e693219/BP02-024.png
1974867520125957,BP02-025,浊璃,BP02-星海时溯,U,4,暗,,,,道具牌 / 辅助机牌,,"晖【起】【回合1】横置该牌：选择我方信号球区最下方的牌，将其加入手牌。
暮【起】【回合1】横置该牌：可以将我方手牌1张《比安卡·晖暮》放置到我方信号球区最下方。若如此做，抽1张牌。该回合结束时，将因此方法放置到信号球区最下方的牌放置到墓地。",https://zhanshuang-prod-minio.janime.cn/card-game-public/1974864876735488/BP02-025/359ec37c-5c4e-4345-9ea8-5f93e3e9510e/BP02-U_BP02-025U.png
1974869387979776,BP02-026,拉弥亚·深谣 沉渊终局,BP02-星海时溯,SR★★★,11,暗,11,3,,角色牌 / 升变角色牌,升格者 / 拉弥亚,"升变条件 竖直状态《拉弥亚·深谣 狂涛肇始》&「信号球区的《潮涌球》3张及以上」
升变代价【2费】将手牌或墓地的该牌重叠在对象上方出场，获得【速攻】。
【出】：选择我方墓地最多1张费用为4及以下的《拉弥亚·深谣》，将其出场。
【自】：该牌攻击时，可以将我方信号球区1张《潮涌球》放置到墓地。若如此做，选择我方墓地最多5张各不相同的<拉弥亚>角色，将其加入牌组并洗切。那之后，所有玩家将自己牌组顶5张牌放置到墓地。",https://zhanshuang-prod-minio.janime.cn/card-game-public/1974864876735488/BP02-026/c6439034-ff0f-4968-bb72-21d0e5cdc62d/BP02-SR_BP02-026SR★★★.png
1974869387979777,BP02-026,拉弥亚·深谣 沉渊终局,BP02-星海时溯,SR★★,11,暗,11,3,,角色牌 / 升变角色牌,升格者 / 拉弥亚,"升变条件 竖直状态《拉弥亚·深谣 狂涛肇始》&「信号球区的《潮涌球》3张及以上」
升变代价【2费】将手牌或墓地的该牌重叠在对象上方出场，获得【速攻】。
【出】：选择我方墓地最多1张费用为4及以下的《拉弥亚·深谣》，将其出场。
【自】：该牌攻击时，可以将我方信号球区1张《潮涌球》放置到墓地。若如此做，选择我方墓地最多5张各不相同的<拉弥亚>角色，将其加入牌组并洗切。那之后，所有玩家将自己牌组顶5张牌放置到墓地。",https://zhanshuang-prod-minio.janime.cn/card-game-public/1974864876735488/BP02-026/12cf92f8-020b-408c-a2fd-7b087efde79c/BP02-SR_BP02-026SR★★.png
1974869387983872,BP02-026,拉弥亚·深谣 沉渊终局,BP02-星海时溯,SR★,11,暗,11,3,,角色牌 / 升变角色牌,升格者 / 拉弥亚,"升变条件 竖直状态《拉弥亚·深谣 狂涛肇始》&「信号球区的《潮涌球》3张及以上」
升变代价【2费】将手牌或墓地的该牌重叠在对象上方出场，获得【速攻】。
【出】：选择我方墓地最多1张费用为4及以下的《拉弥亚·深谣》，将其出场。
【自】：该牌攻击时，可以将我方信号球区1张《潮涌球》放置到墓地。若如此做，选择我方墓地最多5张各不相同的<拉弥亚>角色，将其加入牌组并洗切。那之后，所有玩家将自己牌组顶5张牌放置到墓地。",https://zhanshuang-prod-minio.janime.cn/card-game-public/1974864876735488/BP02-026/abe88ec8-b1c9-4928-912d-0cd5343c9b8d/BP02-SR_BP02-026SR★.png
1974869387983873,BP02-026,拉弥亚·深谣 沉渊终局,BP02-星海时溯,SR,11,暗,11,3,,角色牌 / 升变角色牌,升格者 / 拉弥亚,"升变条件 竖直状态《拉弥亚·深谣 狂涛肇始》&「信号球区的《潮涌球》3张及以上」
升变代价【2费】将手牌或墓地的该牌重叠在对象上方出场，获得【速攻】。
【出】：选择我方墓地最多1张费用为4及以下的《拉弥亚·深谣》，将其出场。
【自】：该牌攻击时，可以将我方信号球区1张《潮涌球》放置到墓地。若如此做，选择我方墓地最多5张各不相同的<拉弥亚>角色，将其加入牌组并洗切。那之后，所有玩家将自己牌组顶5张牌放置到墓地。",https://zhanshuang-prod-minio.janime.cn/card-game-public/1974864876735488/BP02-026/32844e56-8f20-417d-8413-ea8220a1ba00/BP02-SR_BP02-026SR.png
1974869387983874,BP02-027,拉弥亚·深谣 狂涛肇始,BP02-星海时溯,SR★,9,暗,9,2,,角色牌 / 升变角色牌,升格者 / 拉弥亚,"升变条件 《拉弥亚·深谣 强压层流》&「信号球区的《潮涌球》2张及以上」
升变代价【3费】将手牌的该牌重叠在对象上方出场，获得【速攻】。
【出】【2任意信号球】：选择对方战场1张角色，直到回合结束为止，其PP-5000。
【自】：该牌离场时，可以丢弃2张手牌。若如此做，选择我方墓地1张费用为3及以下的《拉弥亚·深谣》，将其出场。",https://zhanshuang-prod-minio.janime.cn/card-game-public/1974864876735488/BP02-027/e68ed32f-d2e1-4796-bdd9-7db212d68954/BP02-SR_BP02-027SR★.png
1974869387983875,BP02-027,拉弥亚·深谣 狂涛肇始,BP02-星海时溯,SR,9,暗,9,2,,角色牌 / 升变角色牌,升格者 / 拉弥亚,"升变条件 《拉弥亚·深谣 强压层流》&「信号球区的《潮涌球》2张及以上」
升变代价【3费】将手牌的该牌重叠在对象上方出场，获得【速攻】。
【出】【2任意信号球】：选择对方战场1张角色，直到回合结束为止，其PP-5000。
【自】：该牌离场时，可以丢弃2张手牌。若如此做，选择我方墓地1张费用为3及以下的《拉弥亚·深谣》，将其出场。",https://zhanshuang-prod-minio.janime.cn/card-game-public/1974864876735488/BP02-027/b9ee8761-5e08-4f5d-ad61-f31ebdcc7ed5/BP02-SR_BP02-027SR.png
1974869387983876,BP02-028,拉弥亚·深谣  强压层流,BP02-星海时溯,SR★,7,暗,15,2,,角色牌 / 升变角色牌,升格者 / 拉弥亚,"升变条件 费用6以下的<拉弥亚>&「信号球区的《潮涌球》1张及以上」
升变代价【3费】将手牌的该牌重叠在对象上方出场，获得【速攻】。
【出】：公开我方牌组顶4张牌，选择其中最多1张<拉弥亚>角色加入手牌，选择其中最多1张暗属性的牌放置到墓地，将剩余的牌按任意顺序放置到牌组底。",https://zhanshuang-prod-minio.janime.cn/card-game-public/1974864876735488/BP02-028/363a8f6f-e097-4660-a5ae-b865a3601372/BP02-SR_BP02-028SR★.png
1974869387987968,BP02-028,拉弥亚·深谣  强压层流,BP02-星海时溯,SR,7,暗,15,2,,角色牌 / 升变角色牌,升格者 / 拉弥亚,"升变条件 费用6以下的<拉弥亚>&「信号球区的《潮涌球》1张及以上」
升变代价【3费】将手牌的该牌重叠在对象上方出场，获得【速攻】。
【出】：公开我方牌组顶4张牌，选择其中最多1张<拉弥亚>角色加入手牌，选择其中最多1张暗属性的牌放置到墓地，将剩余的牌按任意顺序放置到牌组底。",https://zhanshuang-prod-minio.janime.cn/card-game-public/1974864876735488/BP02-028/ec9633ea-bcc6-4977-9c4c-93b38e767672/BP02-SR_BP02-028SR.png
1974869387987969,BP02-029,拉弥亚·深谣,BP02-星海时溯,R★,4,暗,4,2,,角色牌,升格者 / 拉弥亚,"【永】：【充能0】。
【出】丢弃1张手牌：公开我方牌组顶2张牌，选择其中最多1张<拉弥亚>角色或《最终棋盘》加入手牌，将剩余的牌放置到墓地。",https://zhanshuang-prod-minio.janime.cn/card-game-public/1974864876735488/BP02-029/bbf62531-feb6-4c05-be8b-7bd9c56d90e1/BP02-R_BP02-029R★.png
1974869387987970,BP02-029,拉弥亚·深谣,BP02-星海时溯,R,4,暗,4,2,,角色牌,升格者 / 拉弥亚,"【永】：【充能0】。
【出】丢弃1张手牌：公开我方牌组顶2张牌，选择其中最多1张<拉弥亚>角色或《最终棋盘》加入手牌，将剩余的牌放置到墓地。",https://zhanshuang-prod-minio.janime.cn/card-game-public/1974864876735488/BP02-029/68baa45a-1fb2-4135-bb8f-b36c78ac41db/BP02-R_BP02-029R.png
1974869387987971,BP02-030,拉弥亚·深谣,BP02-星海时溯,R★★,3,暗,1,1,,角色牌,升格者 / 拉弥亚,【自】：该牌从牌组放置到墓地时，可以丢弃2张手牌。若如此做，将该牌从墓地以横置状态出场。若对方战场的角色为4张及以上，改为将该牌从墓地出场。,https://zhanshuang-prod-minio.janime.cn/card-game-public/1974864876735488/BP02-030/5432fa6a-effb-4aa9-901c-2573290b639f/BP02-R_BP02-030R★★.png
1974869387987972,BP02-030,拉弥亚·深谣,BP02-星海时溯,R★,3,暗,1,1,,角色牌,升格者 / 拉弥亚,【自】：该牌从牌组放置到墓地时，可以丢弃2张手牌。若如此做，将该牌从墓地以横置状态出场。若对方战场的角色为4张及以上，改为将该牌从墓地出场。,https://zhanshuang-prod-minio.janime.cn/card-game-public/c56dd71c-9a28-49c7-b54c-43fe4a15ceea/BP02-R_BP02-030R★.png
1974869387987973,BP02-030,拉弥亚·深谣,BP02-星海时溯,R,3,暗,1,1,,角色牌,升格者 / 拉弥亚,【自】：该牌从牌组放置到墓地时，可以丢弃2张手牌。若如此做，将该牌从墓地以横置状态出场。若对方战场的角色为4张及以上，改为将该牌从墓地出场。,https://zhanshuang-prod-minio.janime.cn/card-game-public/63c3725c-cefb-47ac-a37b-1a57d753fc67/BP02-R_BP02-030R.png
1974869387992064,BP02-031,拉弥亚·深谣,BP02-星海时溯,U,6,暗,7,2,,角色牌,升格者 / 拉弥亚,"【自】：该牌从牌组放置到墓地时，选择我方战场最多1张<拉弥亚>角色，直到下个回合结束为止，其PP+1000。
【出】：选择我方费用区或墓地最多1张《潮涌球》，将其放置到我方信号球区最下方。",https://zhanshuang-prod-minio.janime.cn/card-game-public/1974864876735488/BP02-031/09ba8a9e-bf3c-440e-8398-f1ea85e0cfdb/BP02-U_BP02-031U.png
1974869387992065,BP02-032,拉弥亚·深谣,BP02-星海时溯,U,5,暗,6,2,,角色牌,升格者 / 拉弥亚,"【永】：若我方墓地的<拉弥亚>角色为10张及以上，该牌PP+1500。
【出】：将我方牌组顶3张牌放置到墓地。",https://zhanshuang-prod-minio.janime.cn/card-game-public/1974864876735488/BP02-032/8d447492-b3d9-4d6a-a212-e901fc6c81e7/BP02-U_BP02-032U.png
1991750340324353,BP02-032,拉弥亚·深谣,PR-推广卡,PR,5,暗,6,2,,角色牌,升格者 / 拉弥亚,"【永】：若我方墓地的<拉弥亚>角色为10张及以上，该牌PP+1500。
【出】：将我方牌组顶3张牌放置到墓地。",https://zhanshuang-prod-minio.janime.cn/card-game-public/1979091528694784/BP02-032/1184ec43-cbac-498d-8fbf-197d4c093f7b/BP02-032.png
1974869387992066,BP02-033,拉弥亚·深谣,BP02-星海时溯,U,4,暗,4,1,,角色牌,升格者 / 拉弥亚,【自】：该牌从牌组放置到墓地时，可以消除《红色信号球》。若如此做，选择我方战场最多1张<拉弥亚>角色，直到回合结束为止，其DP+1。,https://zhanshuang-prod-minio.janime.cn/card-game-public/1974864876735488/BP02-033/ad837812-a88b-4681-9bfa-649ace09ac48/BP02-U_BP02-033U.png
1974869387992067,BP02-034,最终棋盘,BP02-星海时溯,U,6,暗,,,,战术牌 / 普通战术牌,,选择我方墓地1张费用为6及以下的<拉弥亚>角色，将其出场。,https://zhanshuang-prod-minio.janime.cn/card-game-public/1974864876735488/BP02-034/2d664e92-51aa-456e-946e-5c51461110e5/BP02-U_BP02-034U.png
1974869387992068,BP02-035,暗潮波动,BP02-星海时溯,U,5,暗,,,,战术牌 / 普通战术牌,,"该牌只能在我方战场存在<拉弥亚>角色时才能使用。
选择对方战场1张角色，直到回合结束为止，我方墓地的<拉弥亚>角色每有1张，其PP-1000。",https://zhanshuang-prod-minio.janime.cn/card-game-public/1974864876735488/BP02-035/5e62c4c2-a870-4a23-9b37-ec38138f7308/BP02-U_BP02-035U.png
1974869387992069,BP02-036,潮涌球,BP02-星海时溯,R★★,3,暗,,,,战术牌 / 瞬时战术牌,,"【永】：该牌可以从墓地使用。该牌的【瞬时】在主要阶段也可以发动。
【瞬时】公开我方牌组顶3张牌，选择其中最多1张<拉弥亚>角色加入手牌，将剩余的牌放置到墓地。将该牌放置到我方信号球区最下方。",https://zhanshuang-prod-minio.janime.cn/card-game-public/1974864876735488/BP02-036/9ccecc12-81ac-45a6-8bea-f194e121f8bd/BP02-R_BP02-036R★★.png
1974869387996160,BP02-036,潮涌球,BP02-星海时溯,R★,3,暗,,,,战术牌 / 瞬时战术牌,,"【永】：该牌可以从墓地使用。该牌的【瞬时】在主要阶段也可以发动。
【瞬时】公开我方牌组顶3张牌，选择其中最多1张<拉弥亚>角色加入手牌，将剩余的牌放置到墓地。将该牌放置到我方信号球区最下方。",https://zhanshuang-prod-minio.janime.cn/card-game-public/b4eac9b9-4ed1-42d2-8132-426c4a6a8309/BP02-R_BP02-036R★.png
1980067423239168,BP02-036,潮涌球,BP02-星海时溯,R,3,暗,,,,战术牌 / 瞬时战术牌,,"【永】：该牌可以从墓地使用。该牌的【瞬时】在主要阶段也可以发动。
【瞬时】公开我方牌组顶3张牌，选择其中最多1张<拉弥亚>角色牌加入手牌，将剩余的牌放置到墓地。将该牌放置到我方信号球区最下方。",https://zhanshuang-prod-minio.janime.cn/card-game-public/4562b1ce-76f9-414d-9b0f-2e635ca039e4/BP02-R_BP02-036R .png
1995614903921664,BP02-036,潮涌球,PR-推广卡,PR,3,暗,,,,战术牌 / 瞬时战术牌,,"【永】：该牌可以从墓地使用。该牌的【瞬时】在主要阶段也可以发动。
【瞬时】公开我方牌组顶3张牌，选择其中最多1张<拉弥亚>角色加入手牌，将剩余的牌放置到墓地。将该牌放置到我方信号球区最下方。",https://zhanshuang-prod-minio.janime.cn/card-game-public/2eefbb03-9e76-4dad-a7e3-7ffba1795541/BP02-036.png
1974870867258368,BP02-037,含英·檀心,BP02-星海时溯,SR★★,8,物理,10,2,,角色牌,机械教会 / 九龙商会 / 含英,"【起】【回合1】：从以下2项选择1项。
·若为该牌出场的回合，选择我方手牌或墓地1张《飞叶点翠》，将其装备。若如此做，选择我方费用区最多3张<含英>角色，将其竖直。
·可以将该牌下方的1张《飞叶点翠》放置到墓地并消除【2任意信号球】。若如此做，直到下个回合结束为止，该牌获得【贯通】，PP+1000。",https://zhanshuang-prod-minio.janime.cn/card-game-public/1974864876735488/BP02-037/6ba7a84e-1af0-4566-a15d-e3c45a4b15a0/BP02-SR_BP02-037SR★★.png
1974870867262464,BP02-037,含英·檀心,BP02-星海时溯,SR★,8,物理,10,2,,角色牌,机械教会 / 九龙商会 / 含英,"【起】【回合1】：从以下2项选择1项。
·若为该牌出场的回合，选择我方手牌或墓地1张《飞叶点翠》，将其装备。若如此做，选择我方费用区最多3张<含英>角色，将其竖直。
·可以将该牌下方的1张《飞叶点翠》放置到墓地并消除【2任意信号球】。若如此做，直到下个回合结束为止，该牌获得【贯通】，PP+1000。",https://zhanshuang-prod-minio.janime.cn/card-game-public/1974864876735488/BP02-037/827f490f-c070-4091-bddb-35c45162dcd0/BP02-SR_BP02-037SR★.png
1974870867262465,BP02-037,含英·檀心,BP02-星海时溯,SR,8,物理,10,2,,角色牌,机械教会 / 九龙商会 / 含英,"【起】【回合1】：从以下2项选择1项。
·若为该牌出场的回合，选择我方手牌或墓地1张《飞叶点翠》，将其装备。若如此做，选择我方费用区最多3张<含英>角色，将其竖直。
·可以将该牌下方的1张《飞叶点翠》放置到墓地并消除【2任意信号球】。若如此做，直到下个回合结束为止，该牌获得【贯通】，PP+1000。",https://zhanshuang-prod-minio.janime.cn/card-game-public/1974864876735488/BP02-037/aadbfed1-41d2-41f3-949d-ca539414fed3/BP02-SR_BP02-037SR.png
1974870867262466,BP02-038,含英·檀心,BP02-星海时溯,SR★,6,物理,8,2,,角色牌,机械教会 / 九龙商会 / 含英,"【起】【回合1】：从以下2项选择1项。
·选择我方手牌1张《飞叶点翠》，将其装备。
·可以将该牌下方的1张《飞叶点翠》放置到墓地。若如此做，选择我方手牌1张费用为3及以下的<含英>角色，将其出场。",https://zhanshuang-prod-minio.janime.cn/card-game-public/1974864876735488/BP02-038/2994e024-e023-4427-9bdc-0bdced093cc0/BP02-SR_BP02-038SR★.png
1974870867262467,BP02-038,含英·檀心,BP02-星海时溯,SR,6,物理,8,2,,角色牌,机械教会 / 九龙商会 / 含英,"【起】【回合1】：从以下2项选择1项。
·选择我方手牌1张《飞叶点翠》，将其装备。
·可以将该牌下方的1张《飞叶点翠》放置到墓地。若如此做，选择我方手牌1张费用为3及以下的<含英>角色，将其出场。",https://zhanshuang-prod-minio.janime.cn/card-game-public/1974864876735488/BP02-038/015cf149-d6c9-48d7-ac68-e9bdfda5cd4e/BP02-SR_BP02-038SR.png
1974870867266560,BP02-039,含英·檀心,BP02-星海时溯,R★,5,物理,6,2,,角色牌,机械教会 / 九龙商会 / 含英,【出】丢弃1张手牌：公开我方牌组顶4张牌，选择其中最多1张<含英>角色或《飞叶点翠》加入手牌，将剩余的牌按任意顺序放置到牌组底。,https://zhanshuang-prod-minio.janime.cn/card-game-public/1974864876735488/BP02-039/e89d9c68-f63c-4a54-a36d-d44f1e7dcd6e/BP02-R_BP02-039R★.png
1974870867266561,BP02-039,含英·檀心,BP02-星海时溯,R,5,物理,6,2,,角色牌,机械教会 / 九龙商会 / 含英,【出】丢弃1张手牌：公开我方牌组顶4张牌，选择其中最多1张<含英>角色或《飞叶点翠》加入手牌，将剩余的牌按任意顺序放置到牌组底。,https://zhanshuang-prod-minio.janime.cn/card-game-public/1974864876735488/BP02-039/f0d01b08-935d-4bfc-bd1d-7770fed7ed94/BP02-R_BP02-039R.png
1974870867266562,BP02-040,含英·檀心,BP02-星海时溯,R★★,3,物理,2,1,,角色牌,机械教会 / 九龙商会 / 含英,"【永】：该牌的卡牌名称在所有区域可以视为《飞叶点翠》。
【起】：选择我方战场其他1张《含英·檀心》，将竖直状态的该牌从战场放置到其下方。",https://zhanshuang-prod-minio.janime.cn/card-game-public/1974864876735488/BP02-040/31ac09d8-7f86-412d-8afc-62c40c27aa4b/BP02-R_BP02-040R★★.png
1974870867266563,BP02-040,含英·檀心,BP02-星海时溯,R★,3,物理,2,1,,角色牌,机械教会 / 九龙商会 / 含英,"【永】：该牌的卡牌名称在所有区域可以视为《飞叶点翠》。
【起】：选择我方战场其他1张《含英·檀心》，将竖直状态的该牌从战场放置到其下方。",https://zhanshuang-prod-minio.janime.cn/card-game-public/1974864876735488/BP02-040/f156a106-f96f-4c8a-af2b-5e3e421a2f21/BP02-R_BP02-040R★.png
1974870867266564,BP02-040,含英·檀心,BP02-星海时溯,R,3,物理,2,1,,角色牌,机械教会 / 九龙商会 / 含英,"【永】：该牌的卡牌名称在所有区域可以视为《飞叶点翠》。
【起】：选择我方战场其他1张《含英·檀心》，将竖直状态的该牌从战场放置到其下方。",https://zhanshuang-prod-minio.janime.cn/card-game-public/1974864876735488/BP02-040/38b35a20-5093-4f74-87e4-9118febb06e1/BP02-R_BP02-040R.png
1974870867266565,BP02-041,含英·檀心,BP02-星海时溯,U,7,物理,15,2,,角色牌,机械教会 / 九龙商会 / 含英,"【永】：【速攻】。
【永】：使用该牌时，可以将我方战场1张《飞叶点翠》放置到墓地。若如此做，该牌的费用-2。",https://zhanshuang-prod-minio.janime.cn/card-game-public/1974864876735488/BP02-041/67ec60df-e65f-4281-8fcb-326d0425d28d/BP02-U_BP02-041U.png
1974870867270656,BP02-042,含英·檀心,BP02-星海时溯,U,6,物理,6,2,,角色牌,机械教会 / 九龙商会 / 含英,【出】：选择对方战场1张费用为2及以下的角色，将其破坏。若对方战场的角色为4张及以上，改为选择对方战场1张费用为5及以下的角色，将其破坏。,https://zhanshuang-prod-minio.janime.cn/card-game-public/1974864876735488/BP02-042/632d9b8e-1831-42b9-b91f-b987451bd305/BP02-U_BP02-042U.png
1979383405886464,BP02-043,含英·檀心,BP02-星海时溯,U,5,物理,6,2,,角色牌,机械教会 / 九龙商会 / 含英,"【永】：若该牌下方存在《飞叶点翠》，该牌获得【充能+1】。
【出】：选择我方战场其他1张<九龙商会>角色牌或<机械教会>角色牌，公开我方牌组顶2张牌，选择其中最多1张角色牌放置到其下方，将剩余的牌按任意顺序放置到牌组底。",https://zhanshuang-prod-minio.janime.cn/card-game-public/f63391ca-4fb0-44a9-953a-f9a90a47ad0f/BP02-U_BP02-043U.png
1974870867270657,BP02-044,含英·檀心,BP02-星海时溯,U,4,物理,4,1,,角色牌,机械教会 / 九龙商会 / 含英,【永】：若该牌下方存在《飞叶点翠》，该牌PP+1500，DP+1。,https://zhanshuang-prod-minio.janime.cn/card-game-public/1974864876735488/BP02-044/1ee4151a-b796-4651-8d8d-44438efcf984/BP02-U_BP02-044U.png
1974870867270658,BP02-045,含英·檀心,BP02-星海时溯,U,4,物理,6,2,,角色牌,机械教会 / 九龙商会 / 含英,【永】：【充能0】。,https://zhanshuang-prod-minio.janime.cn/card-game-public/1974864876735488/BP02-045/2c628dfd-9a45-43be-b128-2fbcf998bce8/BP02-U_BP02-045U.png
1974870867270659,BP02-046,月寒一声,BP02-星海时溯,U,5,物理,,,,战术牌 / 普通战术牌,,"该牌只能在我方费用区的<含英>为3张及以上时才能使用。
选择对方战场1张PP为8000及以下的角色，将其破坏。
可以追加消除【2任意信号球】。若如此做，选择我方墓地1张《飞叶点翠》，将其加入手牌。",https://zhanshuang-prod-minio.janime.cn/card-game-public/1974864876735488/BP02-046/483b3c6b-ad07-4324-8355-afd11a9d5b2d/BP02-U_BP02-046U.png
1974870867270660,BP02-047,飞叶点翠,BP02-星海时溯,R★,3,物理,12,,,道具牌 / 装备牌,发簪,"（使用后可在主要阶段放置在装备角色下方，每张角色只能装备1张装备）
【出】：若装备角色为《含英·檀心》，直到回合结束为止，其获得【突进】。",https://zhanshuang-prod-minio.janime.cn/card-game-public/1974864876735488/BP02-047/cb531e81-c872-48a6-bf16-cc7185ffbc77/BP02-R_BP02-047R★.png
1974870867274752,BP02-047,飞叶点翠,BP02-星海时溯,R,3,物理,12,,,道具牌 / 装备牌,发簪,"（使用后可在主要阶段放置在装备角色下方，每张角色只能装备1张装备）
【出】：若装备角色为《含英·檀心》，直到回合结束为止，其获得【突进】。",https://zhanshuang-prod-minio.janime.cn/card-game-public/1974864876735488/BP02-047/fc5d5ff1-e191-4b96-80b2-fdcc69163b7e/BP02-R_BP02-047R.png
1974871413103616,BP02-048,曲·启明,BP02-星海时溯,SR★★,8,冰,15,2,,角色牌 / 升变角色牌,曲 / 九龙商会,"升变条件 费用7以下的《曲·启明》
升变代价【3费】将手牌的该牌重叠在对象上方出场。
【出】：选择我方费用区和手牌任意数量的<万世铭>，将其放置到墓地。根据因此方法放置到墓地的<万世铭>的区域，执行以下行动。
  <费用区>  直到下个回合结束为止，该牌获得【速攻】，基本PP变为9999。
  <手牌> 公开我方牌组顶4张牌，选择其中最多2张牌加入手牌，将剩余的牌按任意顺序放置到牌组底。",https://zhanshuang-prod-minio.janime.cn/card-game-public/1974864876735488/BP02-048/566f9bf8-d55c-4602-9d85-1e87eb0abc39/BP02-SR_BP02-048SR★★.png
1974871413103617,BP02-048,曲·启明,BP02-星海时溯,SR★,8,冰,15,2,,角色牌 / 升变角色牌,曲 / 九龙商会,"升变条件 费用7以下的《曲·启明》
升变代价【3费】将手牌的该牌重叠在对象上方出场。
【出】：选择我方费用区和手牌任意数量的<万世铭>，将其放置到墓地。根据因此方法放置到墓地的<万世铭>的区域，执行以下行动。
  <费用区>  直到下个回合结束为止，该牌获得【速攻】，基本PP变为9999。
  <手牌> 公开我方牌组顶4张牌，选择其中最多2张牌加入手牌，将剩余的牌按任意顺序放置到牌组底。",https://zhanshuang-prod-minio.janime.cn/card-game-public/1974864876735488/BP02-048/8a64d240-9d08-4a14-9989-4bb3011bfabb/BP02-SR_BP02-048SR★.png
1974871413103618,BP02-048,曲·启明,BP02-星海时溯,SR,8,冰,15,2,,角色牌 / 升变角色牌,曲 / 九龙商会,"升变条件 费用7以下的《曲·启明》
升变代价【3费】将手牌的该牌重叠在对象上方出场。
【出】：选择我方费用区和手牌任意数量的<万世铭>，将其放置到墓地。根据因此方法放置到墓地的<万世铭>的区域，执行以下行动。
  <费用区>  直到下个回合结束为止，该牌获得【速攻】，基本PP变为9999。
  <手牌> 公开我方牌组顶4张牌，选择其中最多2张牌加入手牌，将剩余的牌按任意顺序放置到牌组底。",https://zhanshuang-prod-minio.janime.cn/card-game-public/1974864876735488/BP02-048/65100c6d-1b9d-4662-9ba8-2c8f35077f76/BP02-SR_BP02-048SR.png
1974871413103619,BP02-049,曲·启明,BP02-星海时溯,SR★,5,冰,6,2,,角色牌,曲 / 九龙商会,"【出】：可以将我方费用区和墓地合计2张<万世铭>加入牌组并洗切。若如此做，直到回合结束为止，该牌获得【速攻】。
【自】【回合1】：该牌因战斗被破坏时，可以将我方手牌1张<万世铭>放置到墓地。若如此做，改为不破坏。",https://zhanshuang-prod-minio.janime.cn/card-game-public/1974864876735488/BP02-049/f79ebf0a-e9f2-4c10-8bfb-45fe713c67cd/BP02-SR_BP02-049SR★.png
1974871413107712,BP02-049,曲·启明,BP02-星海时溯,SR,5,冰,6,2,,角色牌,曲 / 九龙商会,"【出】：可以将我方费用区和墓地合计2张<万世铭>加入牌组并洗切。若如此做，直到回合结束为止，该牌获得【速攻】。
【自】【回合1】：该牌因战斗被破坏时，可以将我方手牌1张<万世铭>放置到墓地。若如此做，改为不破坏。",https://zhanshuang-prod-minio.janime.cn/card-game-public/1974864876735488/BP02-049/eb1eeba4-5616-410b-b584-78a8a3d9b5c5/BP02-SR_BP02-049SR.png
1974871413107713,BP02-050,曲·启明,BP02-星海时溯,R★,7,冰,15,2,,角色牌,曲 / 九龙商会,"【出】：公开我方牌组顶5张牌，选择其中最多2张<万世铭>放置到墓地，洗切牌组。因此方法放置到墓地的<万世铭>每有1张，从以下2项选择最多1项。
·直到回合结束为止，该牌获得【速攻】。
·选择我方战场1张《曲·启明》，直到回合结束为止，其获得【充能+1】，PP+1000。",https://zhanshuang-prod-minio.janime.cn/card-game-public/1974864876735488/BP02-050/a9b2b166-0757-4243-9df8-4cfe35a3ecb7/BP02-R_BP02-050R★.png
1974871413107714,BP02-050,曲·启明,BP02-星海时溯,R,7,冰,15,2,,角色牌,曲 / 九龙商会,"【出】：公开我方牌组顶5张牌，选择其中最多2张<万世铭>放置到墓地，洗切牌组。因此方法放置到墓地的<万世铭>每有1张，从以下2项选择最多1项。
·直到回合结束为止，该牌获得【速攻】。
·选择我方战场1张《曲·启明》，直到回合结束为止，其获得【充能+1】，PP+1000。",https://zhanshuang-prod-minio.janime.cn/card-game-public/1974864876735488/BP02-050/63efed33-f734-42c7-b3a1-8172c5a3f8eb/BP02-R_BP02-050R.png
1974871413107715,BP02-051,曲·启明,BP02-星海时溯,R★★,6,冰,7,2,,角色牌,曲 / 九龙商会,【出】：可以将我方费用区和墓地合计最少1张<万世铭>加入牌组并洗切。若如此做，选择我方费用区最多2张《曲·启明》，将其竖直。若因此方法加入牌组的<万世铭>为2张及以上，选择对方战场1张费用为3及以下的角色，将其横置。,https://zhanshuang-prod-minio.janime.cn/card-game-public/1974864876735488/BP02-051/63aef6d1-c8ab-46e9-a616-4e4c649b378b/BP02-R_BP02-051R★★.png
1974871413107716,BP02-051,曲·启明,BP02-星海时溯,R★,6,冰,7,2,,角色牌,曲 / 九龙商会,【出】：可以将我方费用区和墓地合计最少1张<万世铭>加入牌组并洗切。若如此做，选择我方费用区最多2张《曲·启明》，将其竖直。若因此方法加入牌组的<万世铭>为2张及以上，选择对方战场1张费用为3及以下的角色，将其横置。,https://zhanshuang-prod-minio.janime.cn/card-game-public/1974864876735488/BP02-051/38790353-1c29-4369-a449-ec97141949b7/BP02-R_BP02-051R★.png
1974871413107717,BP02-051,曲·启明,BP02-星海时溯,R,6,冰,7,2,,角色牌,曲 / 九龙商会,【出】：可以将我方费用区和墓地合计最少1张<万世铭>加入牌组并洗切。若如此做，选择我方费用区最多2张《曲·启明》，将其竖直。若因此方法加入牌组的<万世铭>为2张及以上，选择对方战场1张费用为3及以下的角色，将其横置。,https://zhanshuang-prod-minio.janime.cn/card-game-public/1974864876735488/BP02-051/2e0d531f-5f3e-4238-851b-2e2cd1d4439c/BP02-R_BP02-051R.png
1974871413111808,BP02-052,曲·启明,BP02-星海时溯,U,5,冰,5,2,,角色牌,曲 / 九龙商会,"【永】：我方回合中，我方费用区的<万世铭>每有1张，该牌PP+500。
【自】：该牌的攻击结束时，可以消除【3任意信号球】，若如此做，公开我方牌组1张《曲·启明》或<万世铭>，洗切牌组。那之后，将因此方法公开的牌放置到牌组顶。",https://zhanshuang-prod-minio.janime.cn/card-game-public/1974864876735488/BP02-052/65e090e0-7e3f-4da2-aa52-5bd39149f344/BP02-U_BP02-052U.png
1974871413111809,BP02-053,曲·启明,BP02-星海时溯,U,4,冰,4,2,,角色牌,曲 / 九龙商会,"【永】：【充能0】。
【自】：该牌攻击时，可以将我方墓地最少1张<万世铭>加入牌组并洗切。若如此做，直到回合结束为止，该牌获得【充能+1】。若因此方法加入牌组的<万世铭>为2张及以上，直到下个回合结束为止，该牌PP+2000。",https://zhanshuang-prod-minio.janime.cn/card-game-public/1974864876735488/BP02-053/55ce67dd-85af-4d19-b185-862f753c9a40/BP02-U_BP02-053U.png
1974871413111810,BP02-054,曲·启明,BP02-星海时溯,U,4,冰,4,1,,角色牌,曲 / 九龙商会,【出】：公开我方牌组顶1张牌，若其为<曲>角色，可以将其加入手牌。若如此做，丢弃1张手牌。,https://zhanshuang-prod-minio.janime.cn/card-game-public/1974864876735488/BP02-054/5af5a377-df4e-4850-86a9-169d1fb9e4a7/BP02-U_BP02-054U.png
1974871413111811,BP02-055,启星册魂,BP02-星海时溯,U,2,冰,,,,战术牌 / 普通战术牌,,"该牌只能在我方战场存在《曲·启明》时才能使用。
选择我方牌组1张<万世铭>，将其放置到墓地。那之后，选择我方战场1张《曲·启明》，直到下个回合结束为止，其PP+1000。",https://zhanshuang-prod-minio.janime.cn/card-game-public/1974864876735488/BP02-055/7b9fc2e2-55c8-4494-922c-e6a9bfac7801/BP02-U_BP02-055U.png
1974872040283136,BP02-056,薇拉·绯耀,BP02-星海时溯,SR★★,7,雷,15,2,,角色牌 / 升变角色牌,三头犬小队 / 薇拉,"升变条件 费用6以下的<薇拉>&「费用上限6及以上」
升变代价【3费】将手牌的该牌重叠在对象上方出场，获得【速攻】。
【起】【回合1】【2任意信号球】：选择我方战场1张费用为2及以下的<三头犬小队>角色，直到回合结束为止，其获得【速攻】，PP+2000，基本DP变为1。",https://zhanshuang-prod-minio.janime.cn/card-game-public/1974864876735488/BP02-056/111ffa8d-4f4d-4be2-8fe9-85de8b319e15/BP02-SR_BP02-056SR★★.png
1974872040283137,BP02-056,薇拉·绯耀,BP02-星海时溯,SR★,7,雷,15,2,,角色牌 / 升变角色牌,三头犬小队 / 薇拉,"升变条件 费用6以下的<薇拉>&「费用上限6及以上」
升变代价【3费】将手牌的该牌重叠在对象上方出场，获得【速攻】。
【起】【回合1】【2任意信号球】：选择我方战场1张费用为2及以下的<三头犬小队>角色，直到回合结束为止，其获得【速攻】，PP+2000，基本DP变为1。",https://zhanshuang-prod-minio.janime.cn/card-game-public/1974864876735488/BP02-056/9933f4eb-e42d-4a9f-bb17-7697f347208a/BP02-SR_BP02-056SR★.png
1974872040283138,BP02-056,薇拉·绯耀,BP02-星海时溯,SR,7,雷,15,2,,角色牌 / 升变角色牌,三头犬小队 / 薇拉,"升变条件 费用6以下的<薇拉>&「费用上限6及以上」
升变代价【3费】将手牌的该牌重叠在对象上方出场，获得【速攻】。
【起】【回合1】【2任意信号球】：选择我方战场1张费用为2及以下的<三头犬小队>角色，直到回合结束为止，其获得【速攻】，PP+2000，基本DP变为1。",https://zhanshuang-prod-minio.janime.cn/card-game-public/1974864876735488/BP02-056/15f63d65-7bcc-4ab6-977b-b67dccdcd11a/BP02-SR_BP02-056SR.png
1974872040287232,BP02-057,21号·森息,BP02-星海时溯,SR,6,雷,8,2,,角色牌 / 升变角色牌,21号 / 三头犬小队,"升变条件 费用5以下的<21号>&「明费上限5及以上」
升变代价【3费】将手牌的该牌重叠在对象上方出场，获得【速攻】。
【出】：抽2张牌，丢弃2张手牌。
【出】【2任意信号球】：选择我方墓地1张费用为2及以下的<薇拉>角色或<诺克提>角色，将其出场。",https://zhanshuang-prod-minio.janime.cn/card-game-public/1974864876735488/BP02-057/a70cf41d-d038-430a-99df-392c95bc016f/BP02-SR_BP02-057SR.png
1975098350050304,BP02-057,21号·森息,BP02-星海时溯,SR★,6,雷,8,2,,角色牌 / 升变角色牌,21号 / 三头犬小队,"升变条件 费用5以下的<21号>&「明费上限5及以上」
升变代价【3费】将手牌的该牌重叠在对象上方出场，获得【速攻】。
【出】：抽2张牌，丢弃2张手牌。
【出】【2任意信号球】：选择我方墓地1张费用为2及以下的<薇拉>角色或<诺克提>角色，将其出场。",https://zhanshuang-prod-minio.janime.cn/card-game-public/1974864876735488/BP02-057/6ca3a7cd-4c04-4d7c-ad94-67d42233e102/BP02-SR_BP02-057SR★.png
1974872040287233,BP02-058,诺克提·擎驱,BP02-星海时溯,R★★,6,雷,8,2,,角色牌 / 升变角色牌,诺克提 / 三头犬小队,"升变条件 费用5以下的<诺克提>&「费用上限5及以上」
升变代价【3费】将手牌的该牌重叠在对象上方出场，获得【速攻】。
【出】：若我方战场的雷属性角色为2张及以上，选择对方战场1张角色，直到回合结束为止，其失去能力，不能获得新能力。",https://zhanshuang-prod-minio.janime.cn/card-game-public/1974864876735488/BP02-058/cc5afea6-d977-43f1-bfae-7d98be525c2e/BP02-R_BP02-058R★★.png
1974872040287234,BP02-058,诺克提·擎驱,BP02-星海时溯,R★,6,雷,8,2,,角色牌 / 升变角色牌,诺克提 / 三头犬小队,"升变条件 费用5以下的<诺克提>&「费用上限5及以上」
升变代价【3费】将手牌的该牌重叠在对象上方出场，获得【速攻】。
【出】：若我方战场的雷属性角色为2张及以上，选择对方战场1张角色，直到回合结束为止，其失去能力，不能获得新能力。",https://zhanshuang-prod-minio.janime.cn/card-game-public/1974864876735488/BP02-058/d80c2bf5-f967-407e-bf3a-2cb34fbf4e54/BP02-R_BP02-058R★.png
1974872040287235,BP02-058,诺克提·擎驱,BP02-星海时溯,R,6,雷,8,2,,角色牌 / 升变角色牌,诺克提 / 三头犬小队,"升变条件 费用5以下的<诺克提>&「费用上限5及以上」
升变代价【3费】将手牌的该牌重叠在对象上方出场，获得【速攻】。
【出】：若我方战场的雷属性角色为2张及以上，选择对方战场1张角色，直到回合结束为止，其失去能力，不能获得新能力。",https://zhanshuang-prod-minio.janime.cn/card-game-public/1974864876735488/BP02-058/a23827f9-6476-4129-92e6-7547cb13c600/BP02-R_BP02-058R.png
1974872040287236,BP02-059,薇拉·绯耀,BP02-星海时溯,R★,5,雷,6,2,,角色牌,三头犬小队 / 薇拉,【出】丢弃手牌1张费用为2及以下的<三头犬小队>角色：抽2张牌。,https://zhanshuang-prod-minio.janime.cn/card-game-public/1974864876735488/BP02-059/b6eabdfe-a438-45ec-8dd0-f23481d291e7/BP02-R_BP02-059R★.png
1974872040291328,BP02-059,薇拉·绯耀,BP02-星海时溯,R,5,雷,6,2,,角色牌,三头犬小队 / 薇拉,【出】丢弃手牌1张费用为2及以下的<三头犬小队>角色：抽2张牌。,https://zhanshuang-prod-minio.janime.cn/card-game-public/1974864876735488/BP02-059/19073119-126d-44cd-8ca6-74c505a0db70/BP02-R_BP02-059R.png
1974872040291329,BP02-060,21号·森息,BP02-星海时溯,R★,4,雷,5,1,,角色牌,21号 / 三头犬小队,【永】：若我方费用上限不大于对方，手牌和战场的该牌的费用-1。,https://zhanshuang-prod-minio.janime.cn/card-game-public/1974864876735488/BP02-060/580ba74e-74ba-4b45-93b9-11ed3169b3c0/BP02-R_BP02-060R★.png
1974872040291330,BP02-060,21号·森息,BP02-星海时溯,R,4,雷,5,1,,角色牌,21号 / 三头犬小队,【永】：若我方费用上限不大于对方，手牌和战场的该牌的费用-1。,https://zhanshuang-prod-minio.janime.cn/card-game-public/1974864876735488/BP02-060/96397a91-ad75-4a2e-abf1-af87196f6c07/BP02-R_BP02-060R.png
1974872040291331,BP02-061,21号·森息,BP02-星海时溯,U,7,雷,8,2,,角色牌,21号 / 三头犬小队,"【出】：从以下2项选择1项。若我方战场的<三头犬小队>角色为3张及以上，改为选择2项。
·直到回合结束为止，该牌获得【速攻】。
·选择我方战场1张<三头犬小队>角色，直到回合结束为止，其基本DP变为1。",https://zhanshuang-prod-minio.janime.cn/card-game-public/1974864876735488/BP02-061/c5d3b64d-7a94-4c83-8ed1-aada3a010614/BP02-U_BP02-061U.png
1974872040291332,BP02-062,薇拉·绯耀,BP02-星海时溯,U,3,雷,3,1,,角色牌,三头犬小队 / 薇拉,【自】：该牌攻击时，选择我方战场1张<三头犬小队>角色，直到回合结束为止，其PP+1000。,https://zhanshuang-prod-minio.janime.cn/card-game-public/1974864876735488/BP02-062/d90515c9-144f-459b-97e1-894db2bbaa74/BP02-U_BP02-062U.png
1974872040291333,BP02-063,21号·森息,BP02-星海时溯,U,3,雷,2,1,,角色牌,21号 / 三头犬小队,【自】：该牌横置时，抽1张牌，丢弃1张手牌。,https://zhanshuang-prod-minio.janime.cn/card-game-public/1974864876735488/BP02-063/2b5f23af-850a-4aaf-bec3-998f8c7d18d4/BP02-U_BP02-063U.png
1974872040295424,BP02-064,诺克提·擎驱,BP02-星海时溯,U,3,雷,4,1,,角色牌,诺克提 / 三头犬小队,,https://zhanshuang-prod-minio.janime.cn/card-game-public/1974864876735488/BP02-064/61b37475-d846-454a-acb6-7db3e6215ba3/BP02-U_BP02-064U.png
1974872040295425,BP02-065,胜光战旗,BP02-星海时溯,U,5,雷,,,,战术牌 / 普通战术牌,,直到回合结束为止，我方战场所有费用为2及以下的<三头犬小队>角色获得【充能1】，PP+2000，基本DP变为1。,https://zhanshuang-prod-minio.janime.cn/card-game-public/1974864876735488/BP02-065/9a39d61b-5761-45e7-983e-d6dbecc7ab3a/BP02-U_BP02-065U.png
1974873857149952,BP02-066,万事·明晰梦,BP02-星海时溯,SR★★,10,冰,11,3,,角色牌 / 升变角色牌,突击鹰小队 / 万事,"升变条件 费用9以下的<万事>&「费用上限9及以上」
升变代价【4费】将手牌的该牌重叠在对象上方出场，获得【速攻】。
【出】消除2同色信号球：若对方战场不存在冰冻状态的角色，选择对方战场1张角色，将其横置并冰冻。（处于冰冻状态的卡牌在其操控玩家下个回合的竖直阶段无法因规则竖直）
【出】：若该牌为升变出场，选择对方信号球区最多1张信号球，直到下个回合结束为止，其不能被消除。",https://zhanshuang-prod-minio.janime.cn/card-game-public/1974864876735488/BP02-066/282e0c7a-ac4b-44af-90d2-6b2791445ab8/BP02-SR_BP02-066SR★★.png
1974873857149953,BP02-066,万事·明晰梦,BP02-星海时溯,SR★,10,冰,11,3,,角色牌 / 升变角色牌,突击鹰小队 / 万事,"升变条件 费用9以下的<万事>&「费用上限9及以上」
升变代价【4费】将手牌的该牌重叠在对象上方出场，获得【速攻】。
【出】消除2同色信号球：若对方战场不存在冰冻状态的角色，选择对方战场1张角色，将其横置并冰冻。（处于冰冻状态的卡牌在其操控玩家下个回合的竖直阶段无法因规则竖直）
【出】：若该牌为升变出场，选择对方信号球区最多1张信号球，直到下个回合结束为止，其不能被消除。",https://zhanshuang-prod-minio.janime.cn/card-game-public/1974864876735488/BP02-066/48b2cfa3-9f21-46b9-9553-ba82b626e534/BP02-SR_BP02-066SR★.png
1974873857149954,BP02-066,万事·明晰梦,BP02-星海时溯,SR,10,冰,11,3,,角色牌 / 升变角色牌,突击鹰小队 / 万事,"升变条件 费用9以下的<万事>&「费用上限9及以上」
升变代价【4费】将手牌的该牌重叠在对象上方出场，获得【速攻】。
【出】消除2同色信号球：若对方战场不存在冰冻状态的角色，选择对方战场1张角色，将其横置并冰冻。（处于冰冻状态的卡牌在其操控玩家下个回合的竖直阶段无法因规则竖直）
【出】：若该牌为升变出场，选择对方信号球区最多1张信号球，直到下个回合结束为止，其不能被消除。",https://zhanshuang-prod-minio.janime.cn/card-game-public/1974864876735488/BP02-066/087e38ca-da12-40f0-bfff-b030b3d378d2/BP02-SR_BP02-066SR.png
1974873857149955,BP02-067,万事·明晰梦,BP02-星海时溯,SR★,6,冰,7,2,,角色牌 / 升变角色牌,突击鹰小队 / 万事,"升变条件 费用5以下的<万事>&「明费上限5及以上」
升变代价【3费】将手牌的该牌重叠在对象上方出场，获得【速攻】。
【出】【2任意信号球】：若对方战场不存在冰冻状态的角色，选择对方战场1张角色，将其冰冻。（处于冰冻状态的卡牌在其操控玩家下个回合的竖直阶段无法因规则竖直）
【永】：若该牌为横置状态，对方只要不额外支付【1费】则不能在横置状态的角色上方进行升变。",https://zhanshuang-prod-minio.janime.cn/card-game-public/1974864876735488/BP02-067/16199196-a13f-4a64-a169-8cb5b01abe95/BP02-SR_BP02-067SR★.png
1974873857149956,BP02-067,万事·明晰梦,BP02-星海时溯,SR,6,冰,7,2,,角色牌 / 升变角色牌,突击鹰小队 / 万事,"升变条件 费用5以下的<万事>&「明费上限5及以上」
升变代价【3费】将手牌的该牌重叠在对象上方出场，获得【速攻】。
【出】【2任意信号球】：若对方战场不存在冰冻状态的角色，选择对方战场1张角色，将其冰冻。（处于冰冻状态的卡牌在其操控玩家下个回合的竖直阶段无法因规则竖直）
【永】：若该牌为横置状态，对方只要不额外支付【1费】则不能在横置状态的角色上方进行升变。",https://zhanshuang-prod-minio.janime.cn/card-game-public/1974864876735488/BP02-067/894974fa-a0b2-4b38-9ac4-baa4c76852bf/BP02-SR_BP02-067SR.png
1974873857154048,BP02-068,万事·明晰梦,BP02-星海时溯,R★★,7,冰,15,2,,角色牌,突击鹰小队 / 万事,"【永】：使用该牌时，若对方战场存在冰冻状态的角色，该牌的费用-2。
【永】：【突进】。",https://zhanshuang-prod-minio.janime.cn/card-game-public/1974864876735488/BP02-068/c972421c-4755-4295-a2ab-e8d5b9c7b9dc/BP02-R_BP02-068R★★.png
1974873857154049,BP02-068,万事·明晰梦,BP02-星海时溯,R★,7,冰,15,2,,角色牌,突击鹰小队 / 万事,"【永】：使用该牌时，若对方战场存在冰冻状态的角色，该牌的费用-2。
【永】：【突进】。",https://zhanshuang-prod-minio.janime.cn/card-game-public/1974864876735488/BP02-068/7bf5b98d-1719-44a5-b5d1-67cb9c7127d3/BP02-R_BP02-068R★.png
1974873857154050,BP02-068,万事·明晰梦,BP02-星海时溯,R,7,冰,15,2,,角色牌,突击鹰小队 / 万事,"【永】：使用该牌时，若对方战场存在冰冻状态的角色，该牌的费用-2。
【永】：【突进】。",https://zhanshuang-prod-minio.janime.cn/card-game-public/1974864876735488/BP02-068/c5339dfd-7d27-4052-9dbc-f85a8a7b151a/BP02-R_BP02-068R.png
1974873857154051,BP02-069,万事·明晰梦,BP02-星海时溯,R★,5,冰,6,2,,角色牌,突击鹰小队 / 万事,"【出】：将我方信号球区的牌按任意顺序排列。
【自】：该牌因战斗被破坏时，可以公开我方手牌2张<万事>。若如此做，选择对方战场1张费用为6及以下的角色，将其冰冻。（处于冰冻状态的卡牌在其操控玩家下个回合的竖直阶段无法因规则竖直）",https://zhanshuang-prod-minio.janime.cn/card-game-public/1974864876735488/BP02-069/31bffd37-fc04-4535-8811-c6cd44c391d6/BP02-R_BP02-069R★.png
1974873857154052,BP02-069,万事·明晰梦,BP02-星海时溯,R,5,冰,6,2,,角色牌,突击鹰小队 / 万事,"【出】：将我方信号球区的牌按任意顺序排列。
【自】：该牌因战斗被破坏时，可以公开我方手牌2张<万事>。若如此做，选择对方战场1张费用为6及以下的角色，将其冰冻。（处于冰冻状态的卡牌在其操控玩家下个回合的竖直阶段无法因规则竖直）",https://zhanshuang-prod-minio.janime.cn/card-game-public/1974864876735488/BP02-069/a4b7f4eb-5164-4e01-a787-ebfe7cb385fa/BP02-R_BP02-069R.png
1974873857154053,BP02-070,万事·明晰梦,BP02-星海时溯,R★,4,冰,4,2,,角色牌,突击鹰小队 / 万事,"【永】：【充能0】。
【出】【2任意信号球】：可以公开我方手牌2张<万事>。若如此做，选择对方战场1张费用为5及以下的角色，将其冰冻。（处于冰冻状态的卡牌在其操控玩家下个回合的竖直阶段无法因规则竖直）",https://zhanshuang-prod-minio.janime.cn/card-game-public/1974864876735488/BP02-070/23b9c344-c199-452b-bde9-d139c4b8cc6c/BP02-R_BP02-070R★.png
1974873857158144,BP02-070,万事·明晰梦,BP02-星海时溯,R,4,冰,4,2,,角色牌,突击鹰小队 / 万事,"【永】：【充能0】。
【出】【2任意信号球】：可以公开我方手牌2张<万事>。若如此做，选择对方战场1张费用为5及以下的角色，将其冰冻。（处于冰冻状态的卡牌在其操控玩家下个回合的竖直阶段无法因规则竖直）",https://zhanshuang-prod-minio.janime.cn/card-game-public/1974864876735488/BP02-070/7382581d-e8dd-4d35-897e-dc1f94969c35/BP02-R_BP02-070R.png
1974873857158145,BP02-071,万事·明晰梦,BP02-星海时溯,U,6,冰,8,2,,角色牌,突击鹰小队 / 万事,【自】：该牌攻击时，若对方战场存在冰冻状态的角色，选择对方战场1张费用为3及以下的角色，将其返回手牌。,https://zhanshuang-prod-minio.janime.cn/card-game-public/1974864876735488/BP02-071/6da9674e-deea-4837-bc41-a8b2f24f0afe/BP02-U_BP02-071U.png
1974873857158146,BP02-072,万事·明晰梦,BP02-星海时溯,U,5,冰,6,2,,角色牌,突击鹰小队 / 万事,【自】：该牌攻击时，若对方战场存在冰冻状态的角色，直到回合结束为止，该牌PP+2000。,https://zhanshuang-prod-minio.janime.cn/card-game-public/1974864876735488/BP02-072/108273bd-59c2-4422-a69d-e87156a0ea75/BP02-U_BP02-072U.png
1974873857158147,BP02-073,万事·明晰梦,BP02-星海时溯,U,4,冰,6,1,,角色牌,突击鹰小队 / 万事,,https://zhanshuang-prod-minio.janime.cn/card-game-public/1974864876735488/BP02-073/bf840b3b-c7f8-446c-a764-8c323e55966a/BP02-U_BP02-073U.png
1974873857158148,BP02-074,万事·明晰梦,BP02-星海时溯,U,3,冰,2,1,,角色牌,突击鹰小队 / 万事,【出】：若对方战场存在冰冻状态的角色，抽1张牌。,https://zhanshuang-prod-minio.janime.cn/card-game-public/1974864876735488/BP02-074/bf0b5e7d-0975-4f30-9d17-5022c65c1caf/BP02-U_BP02-074U.png
1974873857158149,BP02-075,狙杀,BP02-星海时溯,U,4,冰,,,,战术牌 / 普通战术牌,,若我方战场的《万事·明晰梦》为2张及以上，选择对方战场1张冰冻状态的角色，将其破坏。,https://zhanshuang-prod-minio.janime.cn/card-game-public/1974864876735488/BP02-075/7fad0ae8-087a-46e4-9da4-283d99c5e4d2/BP02-U_BP02-075U.png
1974873857162240,BP02-076,瑞雪,BP02-星海时溯,U,3,冰,,,,道具牌 / 辅助机牌,,【起】将该牌从战场放置到墓地：可以公开我方手牌2张<万事>。若如此做，选择对方战场1张费用为5及以下的角色，将其冰冻。,https://zhanshuang-prod-minio.janime.cn/card-game-public/1974864876735488/BP02-076/a9cd5f30-580d-424c-9c3c-c8b7df5ce15b/BP02-U_BP02-076U.png
1974874975116288,BP02-077,塞壬,BP02-星海时溯,U,5,暗,4,2,,角色牌,,"【永】：【充能0】。
【永】：【同命】（持有【同命】能力的角色的攻击结束时，可以将该角色破坏。若如此做，将该次攻击中与该角色发生战斗的角色破坏）",https://zhanshuang-prod-minio.janime.cn/card-game-public/1974864876735488/BP02-077/a2405aad-0b5d-42af-b61d-a52981cd50b7/BP02-U_BP02-077U.png
1974874975116289,BP02-078,喷涂机械,BP02-星海时溯,U,4,物理,2,1,,角色牌,,"【永】：【充能0】。
【永】：【同命】（持有【同命】能力的角色的攻击结束时，可以将该角色破坏。若如此做，将该次攻击中与该角色发生战斗的角色破坏）",https://zhanshuang-prod-minio.janime.cn/card-game-public/1974864876735488/BP02-078/15921a8d-dac8-4f0c-b50a-6f63e1190331/BP02-U_BP02-078U.png
1974874975120384,BP02-079,武藏玖型,BP02-星海时溯,U,4,火,2,1,,角色牌,,"【永】：【充能0】。
【永】：【同命】（持有【同命】能力的角色的攻击结束时，可以将该角色破坏。若如此做，将该次攻击中与该角色发生战斗的角色破坏）",https://zhanshuang-prod-minio.janime.cn/card-game-public/1974864876735488/BP02-079/85f83bb4-3f08-4d90-85f6-8e3615d78067/BP02-U_BP02-079U.png
1974874975120385,BP02-080,华胥,BP02-星海时溯,U,4,冰,2,1,,角色牌,,"【永】：【充能0】。
【永】：【同命】（持有【同命】能力的角色的攻击结束时，可以将该角色破坏。若如此做，将该次攻击中与该角色发生战斗的角色破坏）",https://zhanshuang-prod-minio.janime.cn/card-game-public/1974864876735488/BP02-080/1ea74afb-cc91-4d38-b4f5-25f3b3783576/BP02-U_BP02-080U.png
1974874975120386,BP02-081,光辉行进者,BP02-星海时溯,U,5,雷,4,2,,角色牌,,"【永】：【充能0】。
【永】：【同命】（持有【同命】能力的角色的攻击结束时，可以将该角色破坏。若如此做，将该次攻击中与该角色发生战斗的角色破坏）",https://zhanshuang-prod-minio.janime.cn/card-game-public/1974864876735488/BP02-081/69a72ba1-e7c8-41ec-8088-a476d10842b0/BP02-U_BP02-081U.png
1974874975120387,BP02-082,落木惊堂,BP02-星海时溯,C★,1,无,,,红,战术牌 / 普通战术牌,信号球·红,"使用后将该牌放置到我方信号球区最上方，抽1张牌。
【充能自】：从以下2项选择1项。
·选择我方战场最多1张角色，直到回合结束为止，其DP+1。
·选择我方战场最多1张角色，直到回合结束为止，其PP+2000。",https://zhanshuang-prod-minio.janime.cn/card-game-public/1974864876735488/BP02-082/0e73917d-10f2-4abf-92ab-deeb6d76c3da/BP02-C_BP02-082C★.png
1974874975120388,BP02-082,落木惊堂,BP02-星海时溯,C,1,无,,,红,战术牌 / 普通战术牌,信号球·红,"使用后将该牌放置到我方信号球区最上方，抽1张牌。
【充能自】：从以下2项选择1项。
·选择我方战场最多1张角色，直到回合结束为止，其DP+1。
·选择我方战场最多1张角色，直到回合结束为止，其PP+2000。",https://zhanshuang-prod-minio.janime.cn/card-game-public/1974864876735488/BP02-082/0f40226f-6760-4732-8cbf-7ee1ab55f2a9/BP02-C_BP02-082C.png
1974874975124480,BP02-083,纯白的救赎,BP02-星海时溯,C★,1,无,,,红,战术牌 / 普通战术牌,信号球·红,"使用后将该牌放置到我方信号球区最上方，抽1张牌。
【充能自】：从以下2项选择1项。
·选择我方战场最多1张角色，直到回合结束为止，其DP+1。
·选择我方战场最多1张角色，直到回合结束为止，其PP+2000。",https://zhanshuang-prod-minio.janime.cn/card-game-public/1974864876735488/BP02-083/8718037c-6cbb-4c32-bdb1-d1c336fa87dd/BP02-C_BP02-083C★.png
1974874975124481,BP02-083,纯白的救赎,BP02-星海时溯,C,1,无,,,红,战术牌 / 普通战术牌,信号球·红,"使用后将该牌放置到我方信号球区最上方，抽1张牌。
【充能自】：从以下2项选择1项。
·选择我方战场最多1张角色，直到回合结束为止，其DP+1。
·选择我方战场最多1张角色，直到回合结束为止，其PP+2000。",https://zhanshuang-prod-minio.janime.cn/card-game-public/1974864876735488/BP02-083/21d19ab0-745b-4d87-a7d2-f14cdfd655ef/BP02-C_BP02-083C.png
1974874975124482,BP02-084,黑与白,BP02-星海时溯,C★,1,无,,,红,战术牌 / 普通战术牌,信号球·红,"使用后将该牌放置到我方信号球区最上方，抽1张牌。
【充能自】：从以下2项选择1项。
·选择我方战场最多1张角色，直到回合结束为止，其DP+1。
·选择我方战场最多1张角色，直到回合结束为止，其PP+2000。",https://zhanshuang-prod-minio.janime.cn/card-game-public/1974864876735488/BP02-084/214871ea-c2c5-4524-a389-f47196f712d1/BP02-C_BP02-084C★.png
1974874975124483,BP02-084,黑与白,BP02-星海时溯,C,1,无,,,红,战术牌 / 普通战术牌,信号球·红,"使用后将该牌放置到我方信号球区最上方，抽1张牌。
【充能自】：从以下2项选择1项。
·选择我方战场最多1张角色，直到回合结束为止，其DP+1。
·选择我方战场最多1张角色，直到回合结束为止，其PP+2000。",https://zhanshuang-prod-minio.janime.cn/card-game-public/1974864876735488/BP02-084/abdb3828-e91c-4a6b-b762-91321bc38594/BP02-C_BP02-084C.png
1974874975124484,BP02-085,折影虚暮,BP02-星海时溯,C★,1,无,,,蓝,战术牌 / 普通战术牌,信号球·蓝,"使用后将该牌放置到我方信号球区最上方，抽1张牌。
【充能自】：从以下2项选择1项。
·抽1张牌。
·选择我方战场最多1张角色，直到回合结束为止，其PP+2000。",https://zhanshuang-prod-minio.janime.cn/card-game-public/1974864876735488/BP02-085/ed5aba26-5996-4221-8e1e-242187d34648/BP02-C_BP02-085C★.png
1974874975124485,BP02-085,折影虚暮,BP02-星海时溯,C,1,无,,,蓝,战术牌 / 普通战术牌,信号球·蓝,"使用后将该牌放置到我方信号球区最上方，抽1张牌。
【充能自】：从以下2项选择1项。
·抽1张牌。
·选择我方战场最多1张角色，直到回合结束为止，其PP+2000。",https://zhanshuang-prod-minio.janime.cn/card-game-public/1974864876735488/BP02-085/b831f554-bf42-4108-97b5-913a8430e3b2/BP02-C_BP02-085C.png
1974874975128576,BP02-086,灯塔,BP02-星海时溯,C★,1,无,,,蓝,战术牌 / 普通战术牌,信号球·蓝,"使用后将该牌放置到我方信号球区最上方，抽1张牌。
【充能自】：从以下2项选择1项。
·抽1张牌。
·选择我方战场最多1张角色，直到回合结束为止，其PP+2000。",https://zhanshuang-prod-minio.janime.cn/card-game-public/1974864876735488/BP02-086/39115bd7-514f-473d-bd00-0740f43d3d40/BP02-C_BP02-086C★.png
1974874975128577,BP02-086,灯塔,BP02-星海时溯,C,1,无,,,蓝,战术牌 / 普通战术牌,信号球·蓝,"使用后将该牌放置到我方信号球区最上方，抽1张牌。
【充能自】：从以下2项选择1项。
·抽1张牌。
·选择我方战场最多1张角色，直到回合结束为止，其PP+2000。",https://zhanshuang-prod-minio.janime.cn/card-game-public/1974864876735488/BP02-086/2522aa27-b6e9-4cab-a7bd-5a224ef731a5/BP02-C_BP02-086C.png
1974874975128578,BP02-087,写给繁星的情书,BP02-星海时溯,C★,1,无,,,蓝,战术牌 / 普通战术牌,信号球·蓝,"使用后将该牌放置到我方信号球区最上方，抽1张牌。
【充能自】：从以下2项选择1项。
·抽1张牌。
·选择我方战场最多1张角色，直到回合结束为止，其PP+2000。",https://zhanshuang-prod-minio.janime.cn/card-game-public/1974864876735488/BP02-087/0615f858-38bd-4adb-863c-dcd287a74226/BP02-C_BP02-087C★.png
1974874975128579,BP02-087,写给繁星的情书,BP02-星海时溯,C,1,无,,,蓝,战术牌 / 普通战术牌,信号球·蓝,"使用后将该牌放置到我方信号球区最上方，抽1张牌。
【充能自】：从以下2项选择1项。
·抽1张牌。
·选择我方战场最多1张角色，直到回合结束为止，其PP+2000。",https://zhanshuang-prod-minio.janime.cn/card-game-public/1974864876735488/BP02-087/63185358-5ad6-4316-9225-64b55609eb9b/BP02-C_BP02-087C.png
1974874975128580,BP02-088,琥珀,BP02-星海时溯,C★,1,无,,,黄,战术牌 / 普通战术牌,信号球·黄,"使用后将该牌放置到我方信号球区最上方，抽1张牌。
【充能自】：从以下2项选择1项。
·若我方侵蚀计数不小于对方，我方侵蚀计数-1。
·选择我方战场最多1张角色，直到回合结束为止，其PP+2000。",https://zhanshuang-prod-minio.janime.cn/card-game-public/1974864876735488/BP02-088/42cd6a04-cba1-4226-80eb-1d483d90f3e6/BP02-C_BP02-088C★.png
1974874975128581,BP02-088,琥珀,BP02-星海时溯,C,1,无,,,黄,战术牌 / 普通战术牌,信号球·黄,"使用后将该牌放置到我方信号球区最上方，抽1张牌。
【充能自】：从以下2项选择1项。
·若我方侵蚀计数不小于对方，我方侵蚀计数-1。
·选择我方战场最多1张角色，直到回合结束为止，其PP+2000。",https://zhanshuang-prod-minio.janime.cn/card-game-public/1974864876735488/BP02-088/8865fdb5-0f1e-41b2-8da9-e9bcd4dc3561/BP02-C_BP02-088C.png
1974874975132672,BP02-089,过往与未来,BP02-星海时溯,C★,1,无,,,黄,战术牌 / 普通战术牌,信号球·黄,"使用后将该牌放置到我方信号球区最上方，抽1张牌。
【充能自】：从以下2项选择1项。
·若我方侵蚀计数不小于对方，我方侵蚀计数-1。
·选择我方战场最多1张角色，直到回合结束为止，其PP+2000。",https://zhanshuang-prod-minio.janime.cn/card-game-public/1974864876735488/BP02-089/cdc10115-e65c-4e01-b635-a8a79a35c478/BP02-C_BP02-089C★.png
1974874975132673,BP02-089,过往与未来,BP02-星海时溯,C,1,无,,,黄,战术牌 / 普通战术牌,信号球·黄,"使用后将该牌放置到我方信号球区最上方，抽1张牌。
【充能自】：从以下2项选择1项。
·若我方侵蚀计数不小于对方，我方侵蚀计数-1。
·选择我方战场最多1张角色，直到回合结束为止，其PP+2000。",https://zhanshuang-prod-minio.janime.cn/card-game-public/1974864876735488/BP02-089/38b28b18-dd09-4fe6-9e5d-62c670737a3b/BP02-C_BP02-089C.png
1974874975132674,BP02-090,午后休憩,BP02-星海时溯,C★,1,无,,,黄,战术牌 / 普通战术牌,信号球·黄,"使用后将该牌放置到我方信号球区最上方，抽1张牌。
【充能自】：从以下2项选择1项。
·若我方侵蚀计数不小于对方，我方侵蚀计数-1。
·选择我方战场最多1张角色，直到回合结束为止，其PP+2000。",https://zhanshuang-prod-minio.janime.cn/card-game-public/1974864876735488/BP02-090/1f5ee5be-e616-4ef8-b48c-3201d80c9100/BP02-C_BP02-090C★.png
1974874975132675,BP02-090,午后休憩,BP02-星海时溯,C,1,无,,,黄,战术牌 / 普通战术牌,信号球·黄,"使用后将该牌放置到我方信号球区最上方，抽1张牌。
【充能自】：从以下2项选择1项。
·若我方侵蚀计数不小于对方，我方侵蚀计数-1。
·选择我方战场最多1张角色，直到回合结束为止，其PP+2000。",https://zhanshuang-prod-minio.janime.cn/card-game-public/c56bc055-72f7-40cf-ade1-9bda9337c2d5/BP02-C_BP02-090C.png
2016626058669056,BP03-001,露西亚·誓焰,BP03-誓焰破晓,SR★★,9,火,10,2,,角色牌 / 升变角色牌,露西亚 / 灰鸦小队·高级,"【升变条件】战场或浮空模式的费用8以下的《露西亚·誓焰》＆「费用上限8及以上」
【升变费用】3费
【升变能力】将手牌的该牌重叠在对象上方出场，获得【速攻】
【起】：若我方战场的角色只存在《露西亚·誓焰》，将该牌【浮空】。
【出】：该牌从处理区出场或将浮空模式的角色作为升变对象升变出场时，从以下2项选择最多1项。若我方侵蚀计数为4及以上，改为选择最多2项。
·直到下个回合结束为止，该牌PP+1000，DP+1。
·若该牌为升变出场且我方战场的角色少于对方战场的角色，可以消除2同色信号球。若如此做，选择对方战场任意数量的费用合计为8及以下的角色，将其破坏。",https://zhanshuang-prod-minio.janime.cn/card-game-public/2016625972792320/BP03-001/f5c366b6-21b2-413e-bf25-b3e40f124f2c/BP03-SR_BP03-001SR★★.png
2016626058669057,BP03-001,露西亚·誓焰,BP03-誓焰破晓,SR★,9,火,10,2,,角色牌 / 升变角色牌,露西亚 / 灰鸦小队·高级,"【升变条件】战场或浮空模式的费用8以下的《露西亚·誓焰》＆「费用上限8及以上」
【升变费用】3费
【升变能力】将手牌的该牌重叠在对象上方出场，获得【速攻】
【起】：若我方战场的角色只存在《露西亚·誓焰》，将该牌【浮空】。
【出】：该牌从处理区出场或将浮空模式的角色作为升变对象升变出场时，从以下2项选择最多1项。若我方侵蚀计数为4及以上，改为选择最多2项。
·直到下个回合结束为止，该牌PP+1000，DP+1。
·若该牌为升变出场且我方战场的角色少于对方战场的角色，可以消除2同色信号球。若如此做，选择对方战场任意数量的费用合计为8及以下的角色，将其破坏。",https://zhanshuang-prod-minio.janime.cn/card-game-public/2016625972792320/BP03-001/5c9e2de8-03a3-48b2-a910-fddbb097625c/BP03-SR_BP03-001SR★.png
2016626058669058,BP03-001,露西亚·誓焰,BP03-誓焰破晓,SR,9,火,10,2,,角色牌 / 升变角色牌,露西亚 / 灰鸦小队·高级,"【升变条件】战场或浮空模式的费用8以下的《露西亚·誓焰》＆「费用上限8及以上」
【升变费用】3费
【升变能力】将手牌的该牌重叠在对象上方出场，获得【速攻】
【起】：若我方战场的角色只存在《露西亚·誓焰》，将该牌【浮空】。
【出】：该牌从处理区出场或将浮空模式的角色作为升变对象升变出场时，从以下2项选择最多1项。若我方侵蚀计数为4及以上，改为选择最多2项。
·直到下个回合结束为止，该牌PP+1000，DP+1。
·若该牌为升变出场且我方战场的角色少于对方战场的角色，可以消除2同色信号球。若如此做，选择对方战场任意数量的费用合计为8及以下的角色，将其破坏。",https://zhanshuang-prod-minio.janime.cn/card-game-public/2016625972792320/BP03-001/e134d2df-2040-4d8e-8847-cf70ea819a94/BP03-SR_BP03-001SR.png
2016629077228544,BP03-001,露西亚·誓焰,BP03-誓焰破晓,SR★★★,9,火,10,2,,角色牌 / 升变角色牌,露西亚 / 灰鸦小队·高级,"【升变条件】战场或浮空模式的费用8以下的《露西亚·誓焰》＆「费用上限8及以上」
【升变费用】3费
【升变能力】将手牌的该牌重叠在对象上方出场，获得【速攻】
【起】：若我方战场的角色只存在《露西亚·誓焰》，将该牌【浮空】。
【出】：该牌从处理区出场或将浮空模式的角色作为升变对象升变出场时，从以下2项选择最多1项。若我方侵蚀计数为4及以上，改为选择最多2项。
·直到下个回合结束为止，该牌PP+1000，DP+1。
·若该牌为升变出场且我方战场的角色少于对方战场的角色，可以消除2同色信号球。若如此做，选择对方战场任意数量的费用合计为8及以下的角色，将其破坏。",https://zhanshuang-prod-minio.janime.cn/card-game-public/2016625972792320/BP03-001/4507a5ec-3699-46af-92c5-9721995a08ad/BP03-001SR★★★.png
2016626058669059,BP03-002,露西亚·誓焰,BP03-誓焰破晓,R★,8,火,9,2,,角色牌,露西亚 / 灰鸦小队·高级,"【起】【5费】：若我方战场的角色只存在《露西亚·誓焰》，将手牌的该牌【浮空】。（若我方处理区不存在浮空模式的卡牌，将该牌放置到处理区变为浮空模式。其操控玩家下个回合开始时，将该牌从处理区出场）
【永】：【速攻】。",https://zhanshuang-prod-minio.janime.cn/card-game-public/2016625972792320/BP03-002/c386ac56-a3b3-4d89-a1cf-9ebdface0936/BP03-R_BP03-002R★.png
2016626058669060,BP03-002,露西亚·誓焰,BP03-誓焰破晓,R,8,火,9,2,,角色牌,露西亚 / 灰鸦小队·高级,"【起】【5费】：若我方战场的角色只存在《露西亚·誓焰》，将手牌的该牌【浮空】。（若我方处理区不存在浮空模式的卡牌，将该牌放置到处理区变为浮空模式。其操控玩家下个回合开始时，将该牌从处理区出场）
【永】：【速攻】。",https://zhanshuang-prod-minio.janime.cn/card-game-public/2016625972792320/BP03-002/5b60d30e-5ada-4420-a11c-52f5abdcd532/BP03-R_BP03-002R.png
2016626058669061,BP03-003,露西亚·誓焰,BP03-誓焰破晓,SR★,7,火,15,2,,角色牌 / 升变角色牌,露西亚 / 灰鸦小队·高级,"【升变条件】费用6以下的《露西亚·誓焰》＆「我方战场的角色为3张及以下」
【升变费用】3费
【升变能力】将手牌的该牌重叠在对象上方出场
【出】：直到回合结束为止，该牌可以攻击对方玩家。
【起】【回合1】：若我方战场的角色只存在《露西亚·誓焰》，将竖直状态的该牌【浮空】。可以追加消除【2任意信号球icon】。若如此做，选择我方战场1张《露西亚·誓焰》，直到回合结束为止，其获得【速攻】，PP+1000。（若未将该牌【浮空】则无法执行后续行动）",https://zhanshuang-prod-minio.janime.cn/card-game-public/2016625972792320/BP03-003/a0d01333-7c5f-4fa6-ae3b-5b9029e89e50/BP03-SR_BP03-003SR★.png
2016626058669062,BP03-003,露西亚·誓焰,BP03-誓焰破晓,SR,7,火,15,2,,角色牌 / 升变角色牌,露西亚 / 灰鸦小队·高级,"【升变条件】费用6以下的《露西亚·誓焰》＆「我方战场的角色为3张及以下」
【升变费用】3费
【升变能力】将手牌的该牌重叠在对象上方出场
【出】：直到回合结束为止，该牌可以攻击对方玩家。
【起】【回合1】：若我方战场的角色只存在《露西亚·誓焰》，将竖直状态的该牌【浮空】。可以追加消除【2任意信号球icon】。若如此做，选择我方战场1张《露西亚·誓焰》，直到回合结束为止，其获得【速攻】，PP+1000。（若未将该牌【浮空】则无法执行后续行动）",https://zhanshuang-prod-minio.janime.cn/card-game-public/2016625972792320/BP03-003/d7ddb518-6197-4294-985b-a276e94798b4/BP03-SR_BP03-003SR.png
2016626058669063,BP03-004,露西亚·誓焰,BP03-誓焰破晓,SR★,7,火,8,2,,角色牌,露西亚 / 灰鸦小队·高级,"【永】：使用该牌时，若我方费用区存在暗费，该牌的费用-2。（仅在使用该牌时费用-2）
【出】：若我方处理区存在浮空模式的《露西亚·誓焰》，可以丢弃手牌2张火属性的牌。若如此做，从以下2项选择1项。
·选择我方处理区1张浮空模式的《露西亚·誓焰》，将其出场。
·选择对方战场1张PP为4000及以下的角色，将其破坏。",https://zhanshuang-prod-minio.janime.cn/card-game-public/2016625972792320/BP03-004/104fad4f-8626-49ec-9bc8-b07bf9eb6f44/BP03-SR_BP03-004SR★.png
2016626058673152,BP03-004,露西亚·誓焰,BP03-誓焰破晓,SR,7,火,8,2,,角色牌,露西亚 / 灰鸦小队·高级,"【永】：使用该牌时，若我方费用区存在暗费，该牌的费用-2。（仅在使用该牌时费用-2）
【出】：若我方处理区存在浮空模式的《露西亚·誓焰》，可以丢弃手牌2张火属性的牌。若如此做，从以下2项选择1项。
·选择我方处理区1张浮空模式的《露西亚·誓焰》，将其出场。
·选择对方战场1张PP为4000及以下的角色，将其破坏。",https://zhanshuang-prod-minio.janime.cn/card-game-public/2016625972792320/BP03-004/98794cd6-13a7-46b6-a697-d8015c8d1f59/BP03-SR_BP03-004SR.png
2016626058673153,BP03-005,露西亚·誓焰,BP03-誓焰破晓,R★★,6,火,8,2,,角色牌,露西亚 / 灰鸦小队·高级,"【出】：选择我方战场其他1张《露西亚·誓焰》，可以将其【浮空】。（若我方处理区不存在浮空模式的卡牌，将选择的牌放置到处理区变为浮空模式。其操控玩家下个回合开始时，将其从处理区出场）
【自】【回合1】：我方1张《露西亚·誓焰》从处理区出场或将浮空模式的角色作为升变对象升变出场时，可以消除【2任意信号球icon】。若如此做，直到回合结束为止，该牌获得【速攻】，PP+1000。",https://zhanshuang-prod-minio.janime.cn/card-game-public/2016625972792320/BP03-005/4e3f1113-5a01-4b88-942a-4aae25fec298/BP03-R_BP03-005R★★.png
2016626058673154,BP03-005,露西亚·誓焰,BP03-誓焰破晓,R★,6,火,8,2,,角色牌,露西亚 / 灰鸦小队·高级,"【出】：选择我方战场其他1张《露西亚·誓焰》，可以将其【浮空】。（若我方处理区不存在浮空模式的卡牌，将选择的牌放置到处理区变为浮空模式。其操控玩家下个回合开始时，将其从处理区出场）
【自】【回合1】：我方1张《露西亚·誓焰》从处理区出场或将浮空模式的角色作为升变对象升变出场时，可以消除【2任意信号球icon】。若如此做，直到回合结束为止，该牌获得【速攻】，PP+1000。",https://zhanshuang-prod-minio.janime.cn/card-game-public/2016625972792320/BP03-005/279961ea-30aa-4afc-b72f-e5a87b17a7c7/BP03-R_BP03-005R★.png
2016626058673155,BP03-005,露西亚·誓焰,BP03-誓焰破晓,R,6,火,8,2,,角色牌,露西亚 / 灰鸦小队·高级,"【出】：选择我方战场其他1张《露西亚·誓焰》，可以将其【浮空】。（若我方处理区不存在浮空模式的卡牌，将选择的牌放置到处理区变为浮空模式。其操控玩家下个回合开始时，将其从处理区出场）
【自】【回合1】：我方1张《露西亚·誓焰》从处理区出场或将浮空模式的角色作为升变对象升变出场时，可以消除【2任意信号球icon】。若如此做，直到回合结束为止，该牌获得【速攻】，PP+1000。",https://zhanshuang-prod-minio.janime.cn/card-game-public/2016625972792320/BP03-005/c048ee72-5759-4121-ba0d-d6c53591a23f/BP03-R_BP03-005R.png
2016626058673156,BP03-006,露西亚·誓焰,BP03-誓焰破晓,U,5,火,6,2,,角色牌,露西亚 / 灰鸦小队·高级,"【起】【1费】：若我方战场的角色只存在《露西亚·誓焰》，将该牌【浮空】。（若我方处理区不存在浮空模式的卡牌，将该牌放置到处理区变为浮空模式。其操控玩家下个回合开始时，将该牌从处理区出场）
【出】：抽1张牌，丢弃1张手牌。",https://zhanshuang-prod-minio.janime.cn/card-game-public/2016625972792320/BP03-006/ab85e56b-2cda-4068-8bd5-859277045727/BP03-U_BP03-006U.png
2024313926683648,BP03-006,露西亚·誓焰,PR-推广卡,PR,5,火,6,2,,角色牌,露西亚 / 灰鸦小队·高级,"【起】【1费】：若我方战场的角色只存在《露西亚·誓焰》，将该牌【浮空】。（若我方处理区不存在浮空模式的卡牌，将该牌放置到处理区变为浮空模式。其操控玩家下个回合开始时，将该牌从处理区出场）
【出】：抽1张牌，丢弃1张手牌。",https://zhanshuang-prod-minio.janime.cn/card-game-public/1979091528694784/BP03-006/97694c1c-fd20-4e47-8c87-9d47227e899d/BP03-006.png
2016626058673157,BP03-007,露西亚·誓焰,BP03-誓焰破晓,R★,5,火,7,2,,角色牌,露西亚 / 灰鸦小队·高级,【自】：该牌攻击结束时，若我方战场的角色只存在《露西亚·誓焰》，可以将该牌【浮空】。（若我方处理区不存在浮空模式的卡牌，将该牌放置到处理区变为浮空模式。其操控玩家下个回合开始时，将该牌从处理区出场）,https://zhanshuang-prod-minio.janime.cn/card-game-public/2016625972792320/BP03-007/016c0287-3601-4d11-a193-77d1f01c4f9e/BP03-R_BP03-007R★.png
2016626058673158,BP03-007,露西亚·誓焰,BP03-誓焰破晓,R,5,火,7,2,,角色牌,露西亚 / 灰鸦小队·高级,【自】：该牌攻击结束时，若我方战场的角色只存在《露西亚·誓焰》，可以将该牌【浮空】。（若我方处理区不存在浮空模式的卡牌，将该牌放置到处理区变为浮空模式。其操控玩家下个回合开始时，将该牌从处理区出场）,https://zhanshuang-prod-minio.janime.cn/card-game-public/2016625972792320/BP03-007/bebbe0ac-594f-4cb7-8f5d-97220d4e4b26/BP03-R_BP03-007R.png
2016626058673159,BP03-008,露西亚·誓焰,BP03-誓焰破晓,U,4,火,4,2,,角色牌,露西亚 / 灰鸦小队·高级,"【起】【1费】：若我方战场的角色只存在《露西亚·誓焰》，将该牌【浮空】。（若我方处理区不存在浮空模式的卡牌，将该牌放置到处理区变为浮空模式。其操控玩家下个回合开始时，将该牌从处理区出场）
【永】：【充能0】。",https://zhanshuang-prod-minio.janime.cn/card-game-public/2016625972792320/BP03-008/2f3da910-4487-4c04-b8e6-24c9d82723ce/BP03-U_BP03-008U.png
2016626058673160,BP03-009,露西亚·誓焰,BP03-誓焰破晓,U,4,火,4,1,,角色牌,露西亚 / 灰鸦小队·高级,【永】：若我方处理区存在浮空模式的角色，该牌基本DP变为1。,https://zhanshuang-prod-minio.janime.cn/card-game-public/2016625972792320/BP03-009/fdc6fff9-abb0-4c17-86dd-da116aa136a9/BP03-U_BP03-009U.png
2016626058673161,BP03-010,旋光灿昼,BP03-誓焰破晓,R★★,3,火,,,,战术牌 / 瞬时战术牌,,【瞬时】：选择我方处理区1张浮空模式的《露西亚·誓焰》，将其以横置状态出场。若我方战场的角色少于对方战场的角色，改为将其出场。,https://zhanshuang-prod-minio.janime.cn/card-game-public/2016625972792320/BP03-010/277ff19b-00db-4a6b-9d03-310fae10c71f/BP03-R_BP03-010R★★.png
2016626058673162,BP03-010,旋光灿昼,BP03-誓焰破晓,R★,3,火,,,,战术牌 / 瞬时战术牌,,【瞬时】：选择我方处理区1张浮空模式的《露西亚·誓焰》，将其以横置状态出场。若我方战场的角色少于对方战场的角色，改为将其出场。,https://zhanshuang-prod-minio.janime.cn/card-game-public/2016625972792320/BP03-010/cd73208d-3544-41c8-b926-88b57a5e75e4/BP03-R_BP03-010R★.png
2016626058673163,BP03-010,旋光灿昼,BP03-誓焰破晓,R,3,火,,,,战术牌 / 瞬时战术牌,,【瞬时】：选择我方处理区1张浮空模式的《露西亚·誓焰》，将其以横置状态出场。若我方战场的角色少于对方战场的角色，改为将其出场。,https://zhanshuang-prod-minio.janime.cn/card-game-public/2016625972792320/BP03-010/350cd63c-4e45-4a10-b82f-80bcb9eab28f/BP03-R_BP03-010R.png
2016626058673164,BP03-011,烈羽扬锋,BP03-誓焰破晓,U,2,火,,,,战术牌 / 瞬时战术牌,,【瞬时】：对方回合中，若我方战场的角色只存在《露西亚·誓焰》，选择我方战场1张《露西亚·誓焰》，将其【浮空】。（若我方处理区不存在浮空模式的卡牌，将选择的牌放置到处理区变为浮空模式。其操控玩家下个回合开始时，将其从处理区出场）,https://zhanshuang-prod-minio.janime.cn/card-game-public/2016625972792320/BP03-011/caffdccd-65c6-4b13-a483-399540c10c46/BP03-U_BP03-011U.png
2016626058673165,BP03-012,七实·芒星之迹,BP03-誓焰破晓,SR★★,8,雷,15,2,,角色牌 / 升变角色牌,七实 / 机械教会,"【升变条件】 费用7以下的《七实·芒星之迹》＆「信号球区的牌7张及以上」
【升变费用】【3费】
【升变能力】将手牌的该牌重叠在对象上方出场，获得【突进】
【出】：可以将信号球区所有牌放置到墓地。若因此方法将7张及以上的牌放置到墓地，执行以下行动。（根据任意顺序执行）
·直到回合结束为止，该牌基本PP变为7777，可以选择竖直状态的角色作为攻击对象，获得【贯通】。
·选择对方战场最多1张角色，直到回合结束为止，其PP变为70。",https://zhanshuang-prod-minio.janime.cn/card-game-public/2016625972792320/BP03-012/4471d54f-0490-4013-a552-0cc8a850f513/BP03-SR_BP03-012SR★★.png
2016626058677248,BP03-012,七实·芒星之迹,BP03-誓焰破晓,SR★,8,雷,15,2,,角色牌 / 升变角色牌,七实 / 机械教会,"【升变条件】 费用7以下的《七实·芒星之迹》＆「信号球区的牌7张及以上」
【升变费用】【3费】
【升变能力】将手牌的该牌重叠在对象上方出场，获得【突进】
【出】：可以将信号球区所有牌放置到墓地。若因此方法将7张及以上的牌放置到墓地，执行以下行动。（根据任意顺序执行）
·直到回合结束为止，该牌基本PP变为7777，可以选择竖直状态的角色作为攻击对象，获得【贯通】。
·选择对方战场最多1张角色，直到回合结束为止，其PP变为70。",https://zhanshuang-prod-minio.janime.cn/card-game-public/2016625972792320/BP03-012/e9545992-fd02-4d21-bd1c-08687145b461/BP03-SR_BP03-012SR★.png
2016626058677249,BP03-012,七实·芒星之迹,BP03-誓焰破晓,SR,8,雷,15,2,,角色牌 / 升变角色牌,七实 / 机械教会,"【升变条件】 费用7以下的《七实·芒星之迹》＆「信号球区的牌7张及以上」
【升变费用】【3费】
【升变能力】将手牌的该牌重叠在对象上方出场，获得【突进】
【出】：可以将信号球区所有牌放置到墓地。若因此方法将7张及以上的牌放置到墓地，执行以下行动。（根据任意顺序执行）
·直到回合结束为止，该牌基本PP变为7777，可以选择竖直状态的角色作为攻击对象，获得【贯通】。
·选择对方战场最多1张角色，直到回合结束为止，其PP变为70。",https://zhanshuang-prod-minio.janime.cn/card-game-public/2016625972792320/BP03-012/fd1b18f6-2f54-4cf8-aeb0-63345aac64b3/BP03-SR_BP03-012SR.png
2016629077228545,BP03-012,七实·芒星之迹,BP03-誓焰破晓,SR★★★,8,雷,15,2,,角色牌 / 升变角色牌,七实 / 机械教会,"【升变条件】 费用7以下的《七实·芒星之迹》＆「信号球区的牌7张及以上」
【升变费用】【3费】
【升变能力】将手牌的该牌重叠在对象上方出场，获得【突进】
【出】：可以将信号球区所有牌放置到墓地。若因此方法将7张及以上的牌放置到墓地，执行以下行动。（根据任意顺序执行）
·直到回合结束为止，该牌基本PP变为7777，可以选择竖直状态的角色作为攻击对象，获得【贯通】。
·选择对方战场最多1张角色，直到回合结束为止，其PP变为70。",https://zhanshuang-prod-minio.janime.cn/card-game-public/2016625972792320/BP03-012/d23cfea1-10b3-4ffa-ac87-8deb8481c8dd/BP03-012SR★★★.png
2016626058677250,BP03-013,七实·芒星之迹,BP03-誓焰破晓,SR★,8,雷,9,2,,角色牌 / 升变角色牌,七实 / 机械教会,"【升变条件】 费用7以下的《七实·芒星之迹》＆「费用上限7及以上」
【升变费用】【3费】
【升变能力】将手牌的该牌重叠在对象上方出场，获得【速攻】
【自】：该牌攻击时，可以将我方手牌最多2张雷属性的牌以背面表示放置到信号球区最下方。若如此做，抽1张牌。直到回合结束为止，该牌基本PP变为7777。
【起】【回合1】：可以将信号球区最上方3张牌放置到墓地。若如此做，选择我方战场1张《七实·芒星之迹》，直到回合结束为止，其获得【速攻】。",https://zhanshuang-prod-minio.janime.cn/card-game-public/2016625972792320/BP03-013/937e8fb1-3749-40fc-b78e-ad5d33be9cfc/BP03-SR_BP03-013SR★.png
2016626058677251,BP03-013,七实·芒星之迹,BP03-誓焰破晓,SR,8,雷,9,2,,角色牌 / 升变角色牌,七实 / 机械教会,"【升变条件】 费用7以下的《七实·芒星之迹》＆「费用上限7及以上」
【升变费用】【3费】
【升变能力】将手牌的该牌重叠在对象上方出场，获得【速攻】
【自】：该牌攻击时，可以将我方手牌最多2张雷属性的牌以背面表示放置到信号球区最下方。若如此做，抽1张牌。直到回合结束为止，该牌基本PP变为7777。
【起】【回合1】：可以将信号球区最上方3张牌放置到墓地。若如此做，选择我方战场1张《七实·芒星之迹》，直到回合结束为止，其获得【速攻】。",https://zhanshuang-prod-minio.janime.cn/card-game-public/2016625972792320/BP03-013/3a05cb93-c380-499b-a62a-bd06b6cd5ff7/BP03-SR_BP03-013SR.png
2016626058677252,BP03-014,七实·芒星之迹,BP03-誓焰破晓,R,6,雷,8,2,,角色牌,七实 / 机械教会,"【出】：若我方战场的角色只存在《七实·芒星之迹》，从以下2项选择1项。
·若我方信号球区的牌为7张以下，可以将我方牌组顶2张牌以背面表示放置到信号球区最下方。
·若我方信号球区的牌为7张及以上，可以将信号球区最上方4张牌放置到墓地。若如此做，直到回合结束为止，该牌获得【突进】【贯通】，基本PP变为7777。",https://zhanshuang-prod-minio.janime.cn/card-game-public/2016625972792320/BP03-014/68f74b89-9e0c-4f06-955a-2b55fe7e2d80/BP03-R_BP03-014R.png
2016629077228546,BP03-014,七实·芒星之迹,BP03-誓焰破晓,R★,6,雷,8,2,,角色牌,七实 / 机械教会,"【出】：若我方战场的角色只存在《七实·芒星之迹》，从以下2项选择1项。
·若我方信号球区的牌为7张以下，可以将我方牌组顶2张牌以背面表示放置到信号球区最下方。
·若我方信号球区的牌为7张及以上，可以将信号球区最上方4张牌放置到墓地。若如此做，直到回合结束为止，该牌获得【突进】【贯通】，基本PP变为7777。",https://zhanshuang-prod-minio.janime.cn/card-game-public/2016625972792320/BP03-014/16cd5cfd-39b8-4e73-b328-ef146472baea/BP03-R_BP03-0014R★.png
2015807127976970,BP03-015,七实·芒星之迹,PR-推广卡,PR,6,雷,8,2,,角色牌,七实 / 机械教会,"【出】：若因该牌的使用代价支付过暗费，直到回合结束为止，该牌获得【突进】。
【自】：该牌攻击时，若我方信号球区的牌为7张以下，可以将我方牌组顶2张牌以背面表示放置到信号球区最下方。",https://zhanshuang-prod-minio.janime.cn/card-game-public/2015807117573121/BP03-015/a86acc42-eece-4d06-8a34-0e8d854171ba/BP03-015_01.png
2016626058677253,BP03-015,七实·芒星之迹,BP03-誓焰破晓,U,6,雷,8,2,,角色牌,七实 / 机械教会,"【出】：若因该牌的使用代价支付过暗费，直到回合结束为止，该牌获得【突进】。
【自】：该牌攻击时，若我方信号球区的牌为7张以下，可以将我方牌组顶2张牌以背面表示放置到信号球区最下方。",https://zhanshuang-prod-minio.janime.cn/card-game-public/2016625972792320/BP03-015/2ad912d9-ad68-410c-bfbd-e78c7c5b8384/BP03-U_BP03-015U.png
2016626058677254,BP03-016,七实·芒星之迹,BP03-誓焰破晓,U,5,雷,6,2,,角色牌,七实 / 机械教会,【出】：若我方信号球区的牌为7张及以上，可以将信号球区最上方2张牌放置到墓地。若如此做，直到回合结束为止，该牌获得【速攻】。,https://zhanshuang-prod-minio.janime.cn/card-game-public/2016625972792320/BP03-016/d7f5efd3-9be5-41d5-afd7-2171d2d0c48d/BP03-U_BP03-016U.png
2016626058677255,BP03-017,七实·芒星之迹,BP03-誓焰破晓,R★★,5,雷,5,2,,角色牌,七实 / 机械教会,【出】：可以将我方最多1张手牌以背面表示放置到信号球区最下方。若如此做，公开我方牌组顶4张牌，选择其中最多1张《七实·芒星之迹》加入手牌，将剩余的牌按任意顺序放置到牌组底。,https://zhanshuang-prod-minio.janime.cn/card-game-public/2016625972792320/BP03-017/c9d714be-1ad0-41b9-ad22-bdcce9e40f7a/BP03-R_BP03-017R★★.png
2016626058677256,BP03-017,七实·芒星之迹,BP03-誓焰破晓,R,5,雷,5,2,,角色牌,七实 / 机械教会,【出】：可以将我方最多1张手牌以背面表示放置到信号球区最下方。若如此做，公开我方牌组顶4张牌，选择其中最多1张《七实·芒星之迹》加入手牌，将剩余的牌按任意顺序放置到牌组底。,https://zhanshuang-prod-minio.janime.cn/card-game-public/2016625972792320/BP03-017/549c8047-e5b0-41be-8b67-264a098aff44/BP03-R_BP03-017R.png
2016629077228547,BP03-017,七实·芒星之迹,BP03-誓焰破晓,R★,5,雷,5,2,,角色牌,七实 / 机械教会,【出】：可以将我方最多1张手牌以背面表示放置到信号球区最下方。若如此做，公开我方牌组顶4张牌，选择其中最多1张《七实·芒星之迹》加入手牌，将剩余的牌按任意顺序放置到牌组底。,https://zhanshuang-prod-minio.janime.cn/card-game-public/2016625972792320/BP03-017/5d20812d-41ab-41f8-970d-13b29c7ab1f8/BP03-R_BP03-0017R★.png
2016626058677257,BP03-018,七实·芒星之迹,BP03-誓焰破晓,U,4,雷,4,1,,角色牌,七实 / 机械教会,【自】：该牌攻击时，若我方信号球区的牌为7张及以上，直到回合结束为止，该牌PP+2000。,https://zhanshuang-prod-minio.janime.cn/card-game-public/2016625972792320/BP03-018/838d1be8-ee5a-4ef8-90a1-c116b8c5d9d2/BP03-U_BP03-018U.png
2016626058677258,BP03-019,七实·芒星之迹,BP03-誓焰破晓,U,4,雷,4,2,,角色牌,七实 / 机械教会,"【永】：【充能0】。
【出】：可以将我方最多1张手牌以背面表示放置到信号球区最下方。若如此做，抽1张牌。",https://zhanshuang-prod-minio.janime.cn/card-game-public/2016625972792320/BP03-019/b58a2615-05f2-4d3e-b43f-77f830c4343c/BP03-U_BP03-019U.png
2016626058677259,BP03-020,七实·芒星之迹,BP03-誓焰破晓,U,3,雷,2,1,,角色牌,七实 / 机械教会,【自】：该牌因战斗被破坏时，若我方信号球区的牌为7张以下，可以将该牌以背面表示放置到信号球区最下方。,https://zhanshuang-prod-minio.janime.cn/card-game-public/2016625972792320/BP03-020/950b82cb-3b3f-4ffe-941a-c1e47047f88c/BP03-U_BP03-020U.png
2016626058677260,BP03-021,鮟棘,BP03-誓焰破晓,U,3,雷,,,,道具牌 / 辅助机牌,,【起】横置该牌：若我方信号球区的牌为7张以下，公开我方牌组顶1张牌。若其为《七实·芒星之迹》或《鮟棘》，将其以背面表示放置到信号球区最下方。,https://zhanshuang-prod-minio.janime.cn/card-game-public/2016625972792320/BP03-021/6b2de5eb-7385-4e04-91b0-7e151a38e7b8/BP03-U_BP03-021U.png
2016626058677261,BP03-022,星芒构解,BP03-誓焰破晓,R★,3,雷,,,,战术牌 / 普通战术牌,,选择我方战场1张《七实·芒星之迹》，直到回合结束为止，其可以选择费用为4及以下的竖直状态的角色作为攻击对象。,https://zhanshuang-prod-minio.janime.cn/card-game-public/2016625972792320/BP03-022/035b5310-b6a4-4b2b-92e0-e49199c6bf7e/BP03-R_BP03-022R★.png
2016626058677262,BP03-022,星芒构解,BP03-誓焰破晓,R,3,雷,,,,战术牌 / 普通战术牌,,选择我方战场1张《七实·芒星之迹》，直到回合结束为止，其可以选择费用为4及以下的竖直状态的角色作为攻击对象。,https://zhanshuang-prod-minio.janime.cn/card-game-public/2016625972792320/BP03-022/8e395508-f64b-4bba-9332-482d09ebb311/BP03-R_BP03-022R.png
2016626058681344,BP03-023,里·超刻,BP03-誓焰破晓,SR★★,10,火,16,2,,角色牌 / 升变角色牌,里 / 灰鸦小队·高级,"【升变条件】 费用9以下的《里·超刻》&「费用上限9及以上」
【升变代价】【4费】
【升变能力】 将手牌的该牌重叠在对象上方出场，获得【速攻】
【自】：该牌攻击结束时，若该牌攻击的充能步骤中充能持有【充能自icon】的卡牌，可以消除【2任意信号球icon】。若如此做，选择对方战场1张PP为5000及以下的角色，将其破坏。
【充能自】：若为《里·超刻》的攻击充能，可以将该牌无视【升变条件「费用上限9及以上」】，升变代价变为【3费】从处理区升变出场。",https://zhanshuang-prod-minio.janime.cn/card-game-public/2016625972792320/BP03-023/787cc483-7807-4fb1-b4e5-12dceea2fe02/BP03-SR_BP03-023SR★★.png
2016626058681345,BP03-023,里·超刻,BP03-誓焰破晓,SR★,10,火,16,2,,角色牌 / 升变角色牌,里 / 灰鸦小队·高级,"【升变条件】 费用9以下的《里·超刻》&「费用上限9及以上」
【升变代价】【4费】
【升变能力】 将手牌的该牌重叠在对象上方出场，获得【速攻】
【自】：该牌攻击结束时，若该牌攻击的充能步骤中充能持有【充能自icon】的卡牌，可以消除【2任意信号球icon】。若如此做，选择对方战场1张PP为5000及以下的角色，将其破坏。
【充能自】：若为《里·超刻》的攻击充能，可以将该牌无视【升变条件「费用上限9及以上」】，升变代价变为【3费】从处理区升变出场。",https://zhanshuang-prod-minio.janime.cn/card-game-public/2016625972792320/BP03-023/cf55f7ba-4e01-4cd1-996b-7a46f158460f/BP03-SR_BP03-023SR★.png
2016626058681346,BP03-023,里·超刻,BP03-誓焰破晓,SR,10,火,16,2,,角色牌 / 升变角色牌,里 / 灰鸦小队·高级,"【升变条件】 费用9以下的《里·超刻》&「费用上限9及以上」
【升变代价】【4费】
【升变能力】 将手牌的该牌重叠在对象上方出场，获得【速攻】
【自】：该牌攻击结束时，若该牌攻击的充能步骤中充能持有【充能自icon】的卡牌，可以消除【2任意信号球icon】。若如此做，选择对方战场1张PP为5000及以下的角色，将其破坏。
【充能自】：若为《里·超刻》的攻击充能，可以将该牌无视【升变条件「费用上限9及以上」】，升变代价变为【3费】从处理区升变出场。",https://zhanshuang-prod-minio.janime.cn/card-game-public/2016625972792320/BP03-023/c06dfc3e-fc15-48b9-8679-ba14b0e1556a/BP03-SR_BP03-023SR.png
2016629077228549,BP03-023,里·超刻,BP03-誓焰破晓,SR★★★,10,火,16,2,,角色牌 / 升变角色牌,里 / 灰鸦小队·高级,"【升变条件】 费用9以下的《里·超刻》&「费用上限9及以上」
【升变代价】【4费】
【升变能力】 将手牌的该牌重叠在对象上方出场，获得【速攻】
【自】：该牌攻击结束时，若该牌攻击的充能步骤中充能持有【充能自icon】的卡牌，可以消除【2任意信号球icon】。若如此做，选择对方战场1张PP为5000及以下的角色，将其破坏。
【充能自】：若为《里·超刻》的攻击充能，可以将该牌无视【升变条件「费用上限9及以上」】，升变代价变为【3费】从处理区升变出场。",https://zhanshuang-prod-minio.janime.cn/card-game-public/2016625972792320/BP03-023/a4322edf-f460-48c2-b2fd-436bce4a6ffb/BP03-023SR★★★.png
2016626058681347,BP03-024,里·超刻,BP03-誓焰破晓,R★★,10,火,17,2,,角色牌,里 / 灰鸦小队·高级,"【出】：直到回合结束为止，该牌可以攻击对方玩家。
【充能自】：《里·超刻》的该【充能自icon】能力每回合最多发动1次。若我方战场的角色只存在《里·超刻》，可以丢弃手牌3张《里·超刻》。若如此做，将该牌从处理区出场。该回合结束时，将该牌从战场放置到牌组底。",https://zhanshuang-prod-minio.janime.cn/card-game-public/2016625972792320/BP03-024/9eb7b47d-e370-4019-95df-5cc9b8073396/BP03-R_BP03-024R★★.png
2016626058681348,BP03-024,里·超刻,BP03-誓焰破晓,R★,10,火,17,2,,角色牌,里 / 灰鸦小队·高级,"【出】：直到回合结束为止，该牌可以攻击对方玩家。
【充能自】：《里·超刻》的该【充能自icon】能力每回合最多发动1次。若我方战场的角色只存在《里·超刻》，可以丢弃手牌3张《里·超刻》。若如此做，将该牌从处理区出场。该回合结束时，将该牌从战场放置到牌组底。",https://zhanshuang-prod-minio.janime.cn/card-game-public/2016625972792320/BP03-024/044e643e-0a09-45cd-8a98-58d26d9be6a8/BP03-R_BP03-024R★.png
2016626058681349,BP03-024,里·超刻,BP03-誓焰破晓,R,10,火,17,2,,角色牌,里 / 灰鸦小队·高级,"【出】：直到回合结束为止，该牌可以攻击对方玩家。
【充能自】：《里·超刻》的该【充能自icon】能力每回合最多发动1次。若我方战场的角色只存在《里·超刻》，可以丢弃手牌3张《里·超刻》。若如此做，将该牌从处理区出场。该回合结束时，将该牌从战场放置到牌组底。",https://zhanshuang-prod-minio.janime.cn/card-game-public/2016625972792320/BP03-024/7dc5e228-b056-4c53-b99d-280d596de2e5/BP03-R_BP03-024R.png
2016626058681350,BP03-025,里·超刻,BP03-誓焰破晓,SR★,7,火,9,2,,角色牌 / 升变角色牌,里 / 灰鸦小队·高级,"【升变条件】 费用6以下的《里·超刻》&「费用上限6及以上」
【升变代价】【3费】
【升变能力】 将手牌的该牌重叠在对象上方出场，获得【速攻】
【自】：该牌攻击时，可以查看我方牌组顶最多1张牌，选择其中最多1张牌放置到牌组顶，将剩余的牌按任意顺序放置到牌组底。
【出】：抽1张牌。可以公开我方手牌最多1张《里·超刻》，将其放置到牌组顶。",https://zhanshuang-prod-minio.janime.cn/card-game-public/2016625972792320/BP03-025/7f0e3922-e1b6-4155-90df-a45be9d9097f/BP03-SR_BP03-025SR★.png
2016626058681351,BP03-025,里·超刻,BP03-誓焰破晓,SR,7,火,9,2,,角色牌 / 升变角色牌,里 / 灰鸦小队·高级,"【升变条件】 费用6以下的《里·超刻》&「费用上限6及以上」
【升变代价】【3费】
【升变能力】 将手牌的该牌重叠在对象上方出场，获得【速攻】
【自】：该牌攻击时，可以查看我方牌组顶最多1张牌，选择其中最多1张牌放置到牌组顶，将剩余的牌按任意顺序放置到牌组底。
【出】：抽1张牌。可以公开我方手牌最多1张《里·超刻》，将其放置到牌组顶。",https://zhanshuang-prod-minio.janime.cn/card-game-public/2016625972792320/BP03-025/9b916365-2bab-4696-81c7-940a3405ccc4/BP03-SR_BP03-025SR.png
2016626058681352,BP03-026,里·超刻,BP03-誓焰破晓,R★,7,火,8,2,,角色牌,里 / 灰鸦小队·高级,"【永】：使用该牌时，若该回合中我方在《里·超刻》攻击的充能步骤中充能持有【充能自icon】的卡牌，该牌的费用-2。（仅在使用该牌时费用-2）
【永】：【速攻】。",https://zhanshuang-prod-minio.janime.cn/card-game-public/2016625972792320/BP03-026/f74edbe9-367d-4f9c-829a-a51723114141/BP03-R_BP03-026R★.png
2016626058681353,BP03-026,里·超刻,BP03-誓焰破晓,R,7,火,8,2,,角色牌,里 / 灰鸦小队·高级,"【永】：使用该牌时，若该回合中我方在《里·超刻》攻击的充能步骤中充能持有【充能自icon】的卡牌，该牌的费用-2。（仅在使用该牌时费用-2）
【永】：【速攻】。",https://zhanshuang-prod-minio.janime.cn/card-game-public/2016625972792320/BP03-026/ba2122f1-b2f3-437c-a971-c923df8ca0ba/BP03-R_BP03-026R.png
2016626058681354,BP03-027,里·超刻,BP03-誓焰破晓,U,6,火,8,2,,角色牌,里 / 灰鸦小队·高级,"【出】：公开我方牌组顶1张牌，若其为持有【充能自icon】的牌，直到回合结束为止，该牌可以攻击对方玩家。
【起】【回合1】丢弃手牌1张《里·超刻》：直到回合结束为止，该牌获得【充能+1icon】。",https://zhanshuang-prod-minio.janime.cn/card-game-public/2016625972792320/BP03-027/127f4daa-5ec9-4b8c-97d5-eec967d52f07/BP03-U_BP03-027U.png
2016626058681355,BP03-028,里·超刻,BP03-誓焰破晓,R★,5,火,7,2,,角色牌,里 / 灰鸦小队·高级,"【充能自】：若为《里·超刻》的攻击充能，可以将该牌从处理区放置到墓地并消除【黄色信号球icon】。若如此做，从以下2项选择1项。
·选择我方战场1张《里·超刻》，直到回合结束为止，其获得【速攻】。
·选择我方战场1张《里·超刻》，该回合结束时，将其竖直。",https://zhanshuang-prod-minio.janime.cn/card-game-public/2016625972792320/BP03-028/1769f1b0-cdab-4604-b8e7-994a089e8d72/BP03-R_BP03-028R★.png
2016626058681356,BP03-028,里·超刻,BP03-誓焰破晓,R,5,火,7,2,,角色牌,里 / 灰鸦小队·高级,"【充能自】：若为《里·超刻》的攻击充能，可以将该牌从处理区放置到墓地并消除【黄色信号球icon】。若如此做，从以下2项选择1项。
·选择我方战场1张《里·超刻》，直到回合结束为止，其获得【速攻】。
·选择我方战场1张《里·超刻》，该回合结束时，将其竖直。",https://zhanshuang-prod-minio.janime.cn/card-game-public/2016625972792320/BP03-028/3952c631-9779-4efc-8e72-a05ffbac5675/BP03-R_BP03-028R.png
2016626058681357,BP03-029,里·超刻,BP03-誓焰破晓,U,5,火,6,2,,角色牌,里 / 灰鸦小队·高级,【自】：该牌攻击时，可以公开我方手牌最多1张《里·超刻》，将其放置到牌组顶。,https://zhanshuang-prod-minio.janime.cn/card-game-public/2016625972792320/BP03-029/0ef023b7-1d05-4649-9b28-7cd53b94d87b/BP03-U_BP03-029U.png
2024313926683649,BP03-029,里·超刻,PR-推广卡,PR,5,火,6,2,,角色牌,里 / 灰鸦小队·高级,【自】：该牌攻击时，可以公开我方手牌最多1张《里·超刻》，将其放置到牌组顶。,https://zhanshuang-prod-minio.janime.cn/card-game-public/1979091528694784/BP03-029/1d5a7edf-7512-4f7d-bc3f-7498cb6b877a/BP03-029.png
2016626058685440,BP03-030,里·超刻,BP03-誓焰破晓,U,4,火,4,1,,角色牌,里 / 灰鸦小队·高级,【出】：公开我方牌组顶1张牌，若其为持有【充能自icon】的牌，直到下个回合结束为止，该牌PP+1500。,https://zhanshuang-prod-minio.janime.cn/card-game-public/2016625972792320/BP03-030/2e80397f-bff2-4249-a80d-8d71ac40edeb/BP03-U_BP03-030U.png
2016626058685441,BP03-031,里·超刻,BP03-誓焰破晓,U,4,火,4,1,,角色牌,里 / 灰鸦小队·高级,【永】：若我方战场的角色只存在《里·超刻》，该牌基本DP变为1。,https://zhanshuang-prod-minio.janime.cn/card-game-public/2016625972792320/BP03-031/abdbf347-479b-4c64-b3d2-c1abad532675/BP03-U_BP03-031U.png
2016626058685442,BP03-032,超宏爆发,BP03-誓焰破晓,R★,5,火,,,,战术牌 / 普通战术牌,,"若我方战场的角色只存在《里·超刻》，选择对方战场1张PP为7000及以下的角色，将其放置到对方牌组底。
【充能自】：若我方战场的角色只存在《里·超刻》，可以将该牌从处理区放置到墓地并支付【3费 icon】。若如此做，选择对方战场1张角色，将其放置到对方牌组底。",https://zhanshuang-prod-minio.janime.cn/card-game-public/2016625972792320/BP03-032/5fcaf3e6-6c09-4b9c-9658-72b86bf0fbe7/BP03-R_BP03-032R★.png
2016626058685443,BP03-032,超宏爆发,BP03-誓焰破晓,R,5,火,,,,战术牌 / 普通战术牌,,"若我方战场的角色只存在《里·超刻》，选择对方战场1张PP为7000及以下的角色，将其放置到对方牌组底。
【充能自】：若我方战场的角色只存在《里·超刻》，可以将该牌从处理区放置到墓地并支付【3费 icon】。若如此做，选择对方战场1张角色，将其放置到对方牌组底。",https://zhanshuang-prod-minio.janime.cn/card-game-public/2016625972792320/BP03-032/efb75c42-098e-4fbd-8e05-f197ac71abf5/BP03-R_BP03-032R.png
2016626058685444,BP03-033,时隧之钥-斯托克斯,BP03-誓焰破晓,U,3,火,12,,,道具牌 / 装备牌,复合兵装,"（使用后可在主要阶段放置在装备角色下方，每张角色只能装备1张装备）
【永】：若装备角色为《里·超刻》，其获得【充能+1icon】。",https://zhanshuang-prod-minio.janime.cn/card-game-public/2016625972792320/BP03-033/9487531e-c07f-4538-b293-1b5b7ba49c78/BP03-U_BP03-033U.png
2016626058685445,BP03-034,罗塞塔·凛冽,BP03-誓焰破晓,SR★★,7,物理,9,2,,角色牌,罗塞塔 / 守林人,"【永】 ：若我方战场的角色只存在《罗塞塔·凛冽》，该牌获得【速攻】。
【出】：根据该回合中我方已使用的卡牌的张数，执行以下行动。
·1张：选择我方战场1张《冈格尼尔》，选择我方最多1张手牌放置到其下方。
·2张：直到回合结束为止，我方使用的下1张《罗塞塔·凛冽》的费用-4。
·3张：可以消除【2任意信号球icon】。若如此做，选择对方战场1张角色，将其返回手牌。",https://zhanshuang-prod-minio.janime.cn/card-game-public/2016625972792320/BP03-034/0503c59d-5034-41b7-a422-5fe15bbd7276/BP03-SR_BP03-034SR★★.png
2016626058685446,BP03-034,罗塞塔·凛冽,BP03-誓焰破晓,SR★,7,物理,9,2,,角色牌,罗塞塔 / 守林人,"【永】 ：若我方战场的角色只存在《罗塞塔·凛冽》，该牌获得【速攻】。
【出】：根据该回合中我方已使用的卡牌的张数，执行以下行动。
·1张：选择我方战场1张《冈格尼尔》，选择我方最多1张手牌放置到其下方。
·2张：直到回合结束为止，我方使用的下1张《罗塞塔·凛冽》的费用-4。
·3张：可以消除【2任意信号球icon】。若如此做，选择对方战场1张角色，将其返回手牌。",https://zhanshuang-prod-minio.janime.cn/card-game-public/2016625972792320/BP03-034/5694415f-9fac-4e96-9999-9d18fb1864dc/BP03-SR_BP03-034SR★.png
2016626058685447,BP03-034,罗塞塔·凛冽,BP03-誓焰破晓,SR,7,物理,9,2,,角色牌,罗塞塔 / 守林人,"【永】 ：若我方战场的角色只存在《罗塞塔·凛冽》，该牌获得【速攻】。
【出】：根据该回合中我方已使用的卡牌的张数，执行以下行动。
·1张：选择我方战场1张《冈格尼尔》，选择我方最多1张手牌放置到其下方。
·2张：直到回合结束为止，我方使用的下1张《罗塞塔·凛冽》的费用-4。
·3张：可以消除【2任意信号球icon】。若如此做，选择对方战场1张角色，将其返回手牌。",https://zhanshuang-prod-minio.janime.cn/card-game-public/2016625972792320/BP03-034/7e9494d7-f1f6-467b-8283-4bcff2bc702e/BP03-SR_BP03-034SR.png
2016626058685448,BP03-035,罗塞塔·凛冽,BP03-誓焰破晓,SR★,6,物理,8,2,,角色牌,罗塞塔 / 守林人,"【出】 ：抽1张牌。可以将该回合中我方已使用的卡牌的张数视为增加1张。
【自】 ：我方回合结束时，若我方战场的角色只存在《罗塞塔·凛冽》，直到下个回合结束为止，该牌PP+1000。",https://zhanshuang-prod-minio.janime.cn/card-game-public/2016625972792320/BP03-035/dcb52872-ca50-456b-8830-6e2d0cd70e2d/BP03-SR_BP03-035SR★.png
2016626058685449,BP03-035,罗塞塔·凛冽,BP03-誓焰破晓,SR,6,物理,8,2,,角色牌,罗塞塔 / 守林人,"【出】 ：抽1张牌。可以将该回合中我方已使用的卡牌的张数视为增加1张。
【自】 ：我方回合结束时，若我方战场的角色只存在《罗塞塔·凛冽》，直到下个回合结束为止，该牌PP+1000。",https://zhanshuang-prod-minio.janime.cn/card-game-public/2016625972792320/BP03-035/754aee8f-6f6f-47d2-ac3c-94ae5f31fcb6/BP03-SR_BP03-035SR.png
2016626058685450,BP03-036,罗塞塔·凛冽,BP03-誓焰破晓,U,6,物理,8,2,,角色牌,罗塞塔 / 守林人,【永】 ：使用该牌时，若该牌为该回合中我方使用的第3张牌，该牌的费用-2。（仅在使用该牌时费用-2）,https://zhanshuang-prod-minio.janime.cn/card-game-public/2016625972792320/BP03-036/de80d7be-db68-4238-80c4-d53a7421c4fa/BP03-U_BP03-036U.png
2016626058685451,BP03-037,罗塞塔·凛冽,BP03-誓焰破晓,U,5,物理,5,2,,角色牌,罗塞塔 / 守林人,【出】 ：公开我方牌组顶4张牌，选择其中最多1张《罗塞塔·凛冽》或《冈格尼尔》加入手牌，将剩余的牌按任意顺序放置到牌组底。,https://zhanshuang-prod-minio.janime.cn/card-game-public/2016625972792320/BP03-037/496f048c-1c19-4cb8-aad3-cf03cc6d2dd7/BP03-U_BP03-037U.png
2016626058685452,BP03-038,罗塞塔·凛冽,BP03-誓焰破晓,U,5,物理,6,2,,角色牌,罗塞塔 / 守林人,【出】 ：若该牌为该回合中我方使用的第3张牌，直到下个回合结束为止，该牌获得【突进】，PP+1500。,https://zhanshuang-prod-minio.janime.cn/card-game-public/2016625972792320/BP03-038/b4b6011c-be4b-4d5e-9f87-197ab37fb0ba/BP03-U_BP03-038U.png
2016626058685453,BP03-039,罗塞塔·凛冽,BP03-誓焰破晓,R★,4,物理,4,2,,角色牌,罗塞塔 / 守林人,"【永】 ：【充能0】。
【自】 ：我方回合结束时，若该回合中我方已使用的卡牌的张数为3张，抽1张牌。",https://zhanshuang-prod-minio.janime.cn/card-game-public/2016625972792320/BP03-039/e74af2d5-dee6-44d5-b299-922b540ae9a3/BP03-R_BP03-039R★.png
2016626058689536,BP03-039,罗塞塔·凛冽,BP03-誓焰破晓,R,4,物理,4,2,,角色牌,罗塞塔 / 守林人,"【永】 ：【充能0】。
【自】 ：我方回合结束时，若该回合中我方已使用的卡牌的张数为3张，抽1张牌。",https://zhanshuang-prod-minio.janime.cn/card-game-public/2016625972792320/BP03-039/b8ee63a5-7550-4c43-a53f-61d32f7af36a/BP03-R_BP03-039R.png
2016626058689537,BP03-040,罗塞塔·凛冽,BP03-誓焰破晓,U,3,物理,3,1,,角色牌,罗塞塔 / 守林人,【自】 ：该牌攻击时，若该回合中我方已使用的卡牌的张数为3张，直到下个回合结束为止，该牌PP+1000，DP+1。,https://zhanshuang-prod-minio.janime.cn/card-game-public/2016625972792320/BP03-040/7fffd74b-d309-4712-831a-6e4b00ebb1b9/BP03-U_BP03-040U.png
2016626058689538,BP03-041,罗塞塔·凛冽,BP03-誓焰破晓,U,3,物理,2,1,,角色牌,罗塞塔 / 守林人,【出】 ：可以将该回合中我方已使用的卡牌的张数视为增加1张。,https://zhanshuang-prod-minio.janime.cn/card-game-public/2016625972792320/BP03-041/6c3962ac-ae26-4513-aa43-6ebda0233633/BP03-U_BP03-041U.png
2016626058689539,BP03-042,冈格尼尔,BP03-誓焰破晓,R★★,3,物理,12,,,道具牌 / 装备牌,枪盾,"【起】【回合1】：若该牌未被装备且该回合中我方已使用的卡牌的张数为3张，从以下2项选择1项。
·若我方战场的角色只存在《罗塞塔·凛冽》，选择我方手牌或战场1张物理属性的牌，将其放置到该牌下方。
·若该牌下方的牌为3张及以上，可以将该牌下方的所有牌放置到墓地并消除2同色信号球。若如此做，将对方战场所有横置状态的角色破坏。",https://zhanshuang-prod-minio.janime.cn/card-game-public/2016625972792320/BP03-042/8b45c6a1-4876-4057-bfab-0413345f95d1/BP03-R_BP03-042R★★.png
2016626058689540,BP03-042,冈格尼尔,BP03-誓焰破晓,R★,3,物理,12,,,道具牌 / 装备牌,枪盾,"【起】【回合1】：若该牌未被装备且该回合中我方已使用的卡牌的张数为3张，从以下2项选择1项。
·若我方战场的角色只存在《罗塞塔·凛冽》，选择我方手牌或战场1张物理属性的牌，将其放置到该牌下方。
·若该牌下方的牌为3张及以上，可以将该牌下方的所有牌放置到墓地并消除2同色信号球。若如此做，将对方战场所有横置状态的角色破坏。",https://zhanshuang-prod-minio.janime.cn/card-game-public/2016625972792320/BP03-042/922dddaa-557d-493c-b0cb-08f9d3e3c902/BP03-R_BP03-042R★.png
2016626058689541,BP03-042,冈格尼尔,BP03-誓焰破晓,R,3,物理,12,,,道具牌 / 装备牌,枪盾,"【起】【回合1】：若该牌未被装备且该回合中我方已使用的卡牌的张数为3张，从以下2项选择1项。
·若我方战场的角色只存在《罗塞塔·凛冽》，选择我方手牌或战场1张物理属性的牌，将其放置到该牌下方。
·若该牌下方的牌为3张及以上，可以将该牌下方的所有牌放置到墓地并消除2同色信号球。若如此做，将对方战场所有横置状态的角色破坏。",https://zhanshuang-prod-minio.janime.cn/card-game-public/2016625972792320/BP03-042/3e17bb94-1973-4eac-b213-a814fa338847/BP03-R_BP03-042R.png
2016626058689542,BP03-043,涤罪之枪,BP03-誓焰破晓,R★,5,物理,,,,战术牌 / 普通战术牌,,"【永】：使用该牌时，若该牌为该回合中我方使用的第3张牌，该牌的费用-1。
若我方战场存在《罗塞塔·凛冽》，选择对方战场1张PP为7000及以下的角色，将其返回手牌。",https://zhanshuang-prod-minio.janime.cn/card-game-public/2016625972792320/BP03-043/2c6e80eb-82f0-475b-941f-a45efb0b372a/BP03-R_BP03-043R★.png
2016626058689543,BP03-043,涤罪之枪,BP03-誓焰破晓,R,5,物理,,,,战术牌 / 普通战术牌,,"【永】：使用该牌时，若该牌为该回合中我方使用的第3张牌，该牌的费用-1。
若我方战场存在《罗塞塔·凛冽》，选择对方战场1张PP为7000及以下的角色，将其返回手牌。",https://zhanshuang-prod-minio.janime.cn/card-game-public/2016625972792320/BP03-043/85110ef1-d4cf-401c-b25c-cc16d0367e42/BP03-R_BP03-043R.png
2016626058689544,BP03-044,凛冽之心,BP03-誓焰破晓,U,3,物理,,,,战术牌 / 普通战术牌,,"抽1张牌。从以下2项选择1项。
·可以将该回合中我方已使用的卡牌的张数视为增加1张。
·若该牌为该回合中我方使用的第3张牌，选择我方战场1张《罗塞塔·凛冽》，将其竖直。",https://zhanshuang-prod-minio.janime.cn/card-game-public/2016625972792320/BP03-044/3a7ea914-bcc3-4e67-bbc2-35ed09151541/BP03-U_BP03-044U.png
2016626058689545,BP03-045,艾拉·万华,BP03-誓焰破晓,SR★★,11,冰,9,3,,角色牌,艺术协会 / 虹莺小队 / 艾拉,"【永】：【速攻】。
【自】：该牌攻击时，若我方战场的角色少于对方战场的角色，直到回合结束为止，该牌获得【贯通】。
【起】【5费】：若该牌存在于费用区且我方费用区的《艾拉·万华》为7张及以上时才能发动。选择我方战场1张该牌以外的《艾拉·万华》，将其放置到牌组底。若如此做，将该牌从费用区出场。",https://zhanshuang-prod-minio.janime.cn/card-game-public/2016625972792320/BP03-045/a3c8a9b1-7f4e-4488-8d1f-bed8123d0177/BP03-SR_BP03-045SR★★.png
2016626058689546,BP03-045,艾拉·万华,BP03-誓焰破晓,SR★,11,冰,9,3,,角色牌,艺术协会 / 虹莺小队 / 艾拉,"【永】：【速攻】。
【自】：该牌攻击时，若我方战场的角色少于对方战场的角色，直到回合结束为止，该牌获得【贯通】。
【起】【5费】：若该牌存在于费用区且我方费用区的《艾拉·万华》为7张及以上时才能发动。选择我方战场1张该牌以外的《艾拉·万华》，将其放置到牌组底。若如此做，将该牌从费用区出场。",https://zhanshuang-prod-minio.janime.cn/card-game-public/2016625972792320/BP03-045/7229f64f-c5da-431f-87ee-5d74801e11f7/BP03-SR_BP03-045SR★.png
2016626058689547,BP03-045,艾拉·万华,BP03-誓焰破晓,SR,11,冰,9,3,,角色牌,艺术协会 / 虹莺小队 / 艾拉,"【永】：【速攻】。
【自】：该牌攻击时，若我方战场的角色少于对方战场的角色，直到回合结束为止，该牌获得【贯通】。
【起】【5费】：若该牌存在于费用区且我方费用区的《艾拉·万华》为7张及以上时才能发动。选择我方战场1张该牌以外的《艾拉·万华》，将其放置到牌组底。若如此做，将该牌从费用区出场。",https://zhanshuang-prod-minio.janime.cn/card-game-public/2016625972792320/BP03-045/3002d0fa-556a-42c9-b8c3-20bb40a7065c/BP03-SR_BP03-045SR.png
2016626058689548,BP03-046,艾拉·万华,BP03-誓焰破晓,R★★,11,冰,9,2,,角色牌,艺术协会 / 虹莺小队 / 艾拉,"【自】：该牌阻挡时，直到回合结束为止，该牌PP+3000。
【自】：对方回合中，该牌离场时，可以选择我方费用区1张费用为5及以下的《艾拉·万华》出场。因此方法出场的角色的【出icon】能力不能发动。
【起】【5费】：若该牌存在于费用区且我方费用区的《艾拉·万华》为7张及以上时才能发动。选择我方战场1张该牌以外的《艾拉·万华》，将其放置到牌组底。若如此做，将该牌从费用区出场。",https://zhanshuang-prod-minio.janime.cn/card-game-public/2016625972792320/BP03-046/b6cb6e2a-0de7-453b-b379-11889bc16622/BP03-R_BP03-046R★★.png
2016626058693632,BP03-046,艾拉·万华,BP03-誓焰破晓,R★,11,冰,9,2,,角色牌,艺术协会 / 虹莺小队 / 艾拉,"【自】：该牌阻挡时，直到回合结束为止，该牌PP+3000。
【自】：对方回合中，该牌离场时，可以选择我方费用区1张费用为5及以下的《艾拉·万华》出场。因此方法出场的角色的【出icon】能力不能发动。
【起】【5费】：若该牌存在于费用区且我方费用区的《艾拉·万华》为7张及以上时才能发动。选择我方战场1张该牌以外的《艾拉·万华》，将其放置到牌组底。若如此做，将该牌从费用区出场。",https://zhanshuang-prod-minio.janime.cn/card-game-public/2016625972792320/BP03-046/630fa3e4-3a12-422a-b18c-dc47a23fb1e6/BP03-R_BP03-046R★.png
2016626058693633,BP03-046,艾拉·万华,BP03-誓焰破晓,R,11,冰,9,2,,角色牌,艺术协会 / 虹莺小队 / 艾拉,"【自】：该牌阻挡时，直到回合结束为止，该牌PP+3000。
【自】：对方回合中，该牌离场时，可以选择我方费用区1张费用为5及以下的《艾拉·万华》出场。因此方法出场的角色的【出icon】能力不能发动。
【起】【5费】：若该牌存在于费用区且我方费用区的《艾拉·万华》为7张及以上时才能发动。选择我方战场1张该牌以外的《艾拉·万华》，将其放置到牌组底。若如此做，将该牌从费用区出场。",https://zhanshuang-prod-minio.janime.cn/card-game-public/2016625972792320/BP03-046/bb93eaa0-7a98-416f-ade9-8f7732a5ff06/BP03-R_BP03-046R.png
2016626058693634,BP03-047,艾拉·万华,BP03-誓焰破晓,U,7,冰,15,2,,角色牌,艺术协会 / 虹莺小队 / 艾拉,"【永】：【速攻】。
【起】：若该牌存在于费用区且我方费用区的《艾拉·万华》为7张及以上时才能发动。可以将该牌从费用区放置到牌组底并消除【2任意信号球icon】。若如此做，选择对方战场1张费用为3及以下的角色，将其以横置状态放置到费用区。",https://zhanshuang-prod-minio.janime.cn/card-game-public/2016625972792320/BP03-047/2e4d2a93-2e15-42ba-a9b2-4ad1f396194d/BP03-U_BP03-047U.png
2016626058693635,BP03-048,艾拉·万华,BP03-誓焰破晓,SR★,6,冰,7,2,,角色牌,艺术协会 / 虹莺小队 / 艾拉,"【永】：【突进】。
【自】：该牌攻击时，选择我方手牌最多1张《艾拉·万华》，将其以横置状态放置到费用区。",https://zhanshuang-prod-minio.janime.cn/card-game-public/2016625972792320/BP03-048/f01abd8e-a606-49d5-9fd8-0a8364488b9a/BP03-SR_BP03-048SR★.png
2016626058693636,BP03-048,艾拉·万华,BP03-誓焰破晓,SR,6,冰,7,2,,角色牌,艺术协会 / 虹莺小队 / 艾拉,"【永】：【突进】。
【自】：该牌攻击时，选择我方手牌最多1张《艾拉·万华》，将其以横置状态放置到费用区。",https://zhanshuang-prod-minio.janime.cn/card-game-public/2016625972792320/BP03-048/3f49df7c-8c05-4edc-afce-c82d6e2ab86a/BP03-SR_BP03-048SR.png
2016626058693637,BP03-049,艾拉·万华,BP03-誓焰破晓,R★,6,冰,8,2,,角色牌,艺术协会 / 虹莺小队 / 艾拉,"【起】【回合1】【2任意信号球icon】：根据因此方法消除的牌持有的信号球标记，执行以下行动。
·1种：若我方费用区的《艾拉·万华》为6张及以上，可以将该牌以横置状态放置到费用区。若如此做，选择我方费用区1张《艾拉·万华》，将其出场。
·2种及以上：直到回合结束为止，该牌获得【速攻】。",https://zhanshuang-prod-minio.janime.cn/card-game-public/2016625972792320/BP03-049/ac68a040-52f9-4155-97c3-03933afe3faf/BP03-R_BP03-049R★.png
2016626058693638,BP03-049,艾拉·万华,BP03-誓焰破晓,R,6,冰,8,2,,角色牌,艺术协会 / 虹莺小队 / 艾拉,"【起】【回合1】【2任意信号球icon】：根据因此方法消除的牌持有的信号球标记，执行以下行动。
·1种：若我方费用区的《艾拉·万华》为6张及以上，可以将该牌以横置状态放置到费用区。若如此做，选择我方费用区1张《艾拉·万华》，将其出场。
·2种及以上：直到回合结束为止，该牌获得【速攻】。",https://zhanshuang-prod-minio.janime.cn/card-game-public/2016625972792320/BP03-049/c2aca2dc-3061-4831-acca-bdacc26763e7/BP03-R_BP03-049R.png
2016626058693639,BP03-050,艾拉·万华,BP03-誓焰破晓,U,5,冰,6,2,,角色牌,艺术协会 / 虹莺小队 / 艾拉,【起】：若该牌存在于费用区且我方费用区的《艾拉·万华》为6张及以上时才能发动。将该牌从费用区放置到牌组底。若如此做，选择我方战场1张《艾拉·万华》，直到回合结束为止，其PP+2000。可以追加消除【2任意信号球icon】。若如此做，追加直到回合结束为止，其获得【速攻】。,https://zhanshuang-prod-minio.janime.cn/card-game-public/2016625972792320/BP03-050/0d4aca7f-01df-4944-a0fb-df22bd6aa764/BP03-U_BP03-050U.png
2016626058693640,BP03-051,艾拉·万华,BP03-誓焰破晓,U,5,冰,5,2,,角色牌,艺术协会 / 虹莺小队 / 艾拉,"【永】：若我方费用上限为7及以上，该牌获得【突进】，PP+1000。
【出】丢弃手牌1张冰属性的牌：将我方牌组顶1张牌以横置状态放置到费用区，选择我方费用区1张牌，将其加入手牌。若我方费用区的《艾拉·万华》为6张及以上，改为选择我方费用区最多1张牌，将其加入手牌。",https://zhanshuang-prod-minio.janime.cn/card-game-public/2016625972792320/BP03-051/c3d9976c-23a0-46a8-b1f2-b7e4f333c2ce/BP03-U_BP03-051U.png
2024313926683650,BP03-051,艾拉·万华,PR-推广卡,PR,5,冰,5,2,,角色牌,艺术协会 / 虹莺小队 / 艾拉,"【永】：若我方费用上限为7及以上，该牌获得【突进】，PP+1000。
【出】丢弃手牌1张冰属性的牌：将我方牌组顶1张牌以横置状态放置到费用区，选择我方费用区1张牌，将其加入手牌。若我方费用区的《艾拉·万华》为6张及以上，改为选择我方费用区最多1张牌，将其加入手牌。",https://zhanshuang-prod-minio.janime.cn/card-game-public/1979091528694784/BP03-051/adf8adb9-ac61-41ed-8c60-2dbeff0cf76d/BP03-051.png
2016626058693641,BP03-052,艾拉·万华,BP03-誓焰破晓,U,4,冰,4,1,,角色牌,艺术协会 / 虹莺小队 / 艾拉,【永】：若该牌存在于费用区且我方费用区的《艾拉·万华》为5张及以上，我方费用区的费用数量上限变为11。,https://zhanshuang-prod-minio.janime.cn/card-game-public/2016625972792320/BP03-052/3e74f1d0-0cba-402b-bd44-b0047c0d3a72/BP03-U_BP03-052U.png
2016626058693642,BP03-053,艾拉·万华,BP03-誓焰破晓,U,4,冰,4,2,,角色牌,艺术协会 / 虹莺小队 / 艾拉,"【永】：【充能0】。
【出】丢弃手牌1张冰属性的牌：将我方牌组顶1张牌以横置状态放置到费用区，选择我方费用区1张牌，将其加入手牌。若我方费用区的《艾拉·万华》为5张及以上，改为选择我方费用区最多1张牌，将其加入手牌。",https://zhanshuang-prod-minio.janime.cn/card-game-public/2016625972792320/BP03-053/9d2e607b-3b95-4344-8885-9065e5732830/BP03-U_BP03-053U.png
2016626058697728,BP03-054,艾拉·万华,BP03-誓焰破晓,R★,3,冰,1,1,,角色牌,艺术协会 / 虹莺小队 / 艾拉,【瞬时】：若该牌存在于费用区且角色攻击时才能发动。将该牌从费用区放置到牌组底。若如此做，选择我方战场1张<艺术协会>角色，直到那次攻击结束为止，其PP+1000。,https://zhanshuang-prod-minio.janime.cn/card-game-public/2016625972792320/BP03-054/28eb36fc-84c6-4f96-867f-ece4f618d4d6/BP03-R_BP03-054R★.png
2016626058697729,BP03-054,艾拉·万华,BP03-誓焰破晓,R,3,冰,1,1,,角色牌,艺术协会 / 虹莺小队 / 艾拉,【瞬时】：若该牌存在于费用区且角色攻击时才能发动。将该牌从费用区放置到牌组底。若如此做，选择我方战场1张<艺术协会>角色，直到那次攻击结束为止，其PP+1000。,https://zhanshuang-prod-minio.janime.cn/card-game-public/2016625972792320/BP03-054/3e28f8dd-0d64-4df1-bdcb-1c90db2282e5/BP03-R_BP03-054R.png
2016626058697730,BP03-055,虹霁,BP03-誓焰破晓,U,3,冰,,,,道具牌 / 辅助机牌,,【起】横置该牌：可以将我方手牌1张《艾拉·万华》以横置状态放置到费用区。若如此做，选择我方费用区1张明费，将其加入手牌。若我方费用区的《艾拉·万华》为6张及以上，改为选择我方费用区最多1张明费，将其加入手牌。,https://zhanshuang-prod-minio.janime.cn/card-game-public/2016625972792320/BP03-055/2369ec47-d5f4-4ad2-b45a-b103b4af749c/BP03-U_BP03-055U.png
2016626058697731,BP03-056,莉莉丝·谬影 纸牌屋,BP03-誓焰破晓,SR★★,7,暗,15,2,,角色牌 / 升变角色牌,升格者 / 莉莉丝,"【升变条件】 费用6以下的《莉莉丝·谬影》＆「费用上限6及以上」
【升变费用】【3费】
【升变能力】将手牌的该牌重叠在对象上方出场，获得【速攻】。
【出】：抽1张牌，丢弃1张手牌。
【起】【回合1】【2任意信号球icon】：选择我方墓地1张《莉莉丝·谬影》，选择其持有的1个【出icon】能力。该牌发动因此方法选择的【出icon】能力。那之后，将因此方法选择的《莉莉丝·谬影》从墓地放置到牌组底。",https://zhanshuang-prod-minio.janime.cn/card-game-public/2016625972792320/BP03-056/7ff10c51-6568-4b27-9bd6-e2241e05f36c/BP03-SR_BP03-056SR★★.png
2016626058697732,BP03-056,莉莉丝·谬影 纸牌屋,BP03-誓焰破晓,SR★,7,暗,15,2,,角色牌 / 升变角色牌,升格者 / 莉莉丝,"【升变条件】 费用6以下的《莉莉丝·谬影》＆「费用上限6及以上」
【升变费用】【3费】
【升变能力】将手牌的该牌重叠在对象上方出场，获得【速攻】。
【出】：抽1张牌，丢弃1张手牌。
【起】【回合1】【2任意信号球icon】：选择我方墓地1张《莉莉丝·谬影》，选择其持有的1个【出icon】能力。该牌发动因此方法选择的【出icon】能力。那之后，将因此方法选择的《莉莉丝·谬影》从墓地放置到牌组底。",https://zhanshuang-prod-minio.janime.cn/card-game-public/2016625972792320/BP03-056/77018fb0-8df3-4183-97ac-0286a72f6aa8/BP03-SR_BP03-056SR★.png
2016626058697733,BP03-056,莉莉丝·谬影 纸牌屋,BP03-誓焰破晓,SR,7,暗,15,2,,角色牌 / 升变角色牌,升格者 / 莉莉丝,"【升变条件】 费用6以下的《莉莉丝·谬影》＆「费用上限6及以上」
【升变费用】【3费】
【升变能力】将手牌的该牌重叠在对象上方出场，获得【速攻】。
【出】：抽1张牌，丢弃1张手牌。
【起】【回合1】【2任意信号球icon】：选择我方墓地1张《莉莉丝·谬影》，选择其持有的1个【出icon】能力。该牌发动因此方法选择的【出icon】能力。那之后，将因此方法选择的《莉莉丝·谬影》从墓地放置到牌组底。",https://zhanshuang-prod-minio.janime.cn/card-game-public/2016625972792320/BP03-056/0e34ff59-3712-4fd5-a37d-3de9c2cf9d1c/BP03-SR_BP03-056SR.png
2016629077228548,BP03-056,莉莉丝·谬影 纸牌屋,BP03-誓焰破晓,SR★★★,7,暗,15,2,,角色牌 / 升变角色牌,升格者 / 莉莉丝,"【升变条件】 费用6以下的《莉莉丝·谬影》＆「费用上限6及以上」
【升变费用】【3费】
【升变能力】将手牌的该牌重叠在对象上方出场，获得【速攻】。
【出】：抽1张牌，丢弃1张手牌。
【起】【回合1】【2任意信号球icon】：选择我方墓地1张《莉莉丝·谬影》，选择其持有的1个【出icon】能力。该牌发动因此方法选择的【出icon】能力。那之后，将因此方法选择的《莉莉丝·谬影》从墓地放置到牌组底。",https://zhanshuang-prod-minio.janime.cn/card-game-public/2016625972792320/BP03-056/9176abe9-9f81-4067-8dfa-7b8429d9ef13/BP03-056SR★★★.png
2016626058697734,BP03-057,莉莉丝·谬影,BP03-誓焰破晓,U,7,暗,15,2,,角色牌,升格者 / 莉莉丝,"【永】：【突进】。
【出】：可以公开我方手牌1张<莉莉丝>并将其丢弃。对方可以丢弃手牌1张费用比我方因此方法公开的牌高的牌。若未如此做，直到回合结束为止，该牌获得【贯通】。",https://zhanshuang-prod-minio.janime.cn/card-game-public/2016625972792320/BP03-057/951ff5be-1810-4c4b-8ec2-63071fd92f39/BP03-U_BP03-057U.png
2016626058697735,BP03-058,莉莉丝·谬影,BP03-誓焰破晓,R★★,6,暗,8,2,,角色牌,升格者 / 莉莉丝,【出】：公开我方牌组顶5张牌。可以选择因此方法公开的牌和我方手牌中合计5张费用递增的牌放置到墓地。若如此做，选择我方墓地1张费用为4及以下的《莉莉丝·谬影》，将其出场。那之后，将剩余因此方法公开的牌加入牌组并洗切。（例如将费用分别为0、1、2、3、4的牌放置到墓地）,https://zhanshuang-prod-minio.janime.cn/card-game-public/2016625972792320/BP03-058/018f12a5-e34e-4873-acef-65d3fb9f6c87/BP03-R_BP03-058R★★.png
2016626058697736,BP03-058,莉莉丝·谬影,BP03-誓焰破晓,R★,6,暗,8,2,,角色牌,升格者 / 莉莉丝,【出】：公开我方牌组顶5张牌。可以选择因此方法公开的牌和我方手牌中合计5张费用递增的牌放置到墓地。若如此做，选择我方墓地1张费用为4及以下的《莉莉丝·谬影》，将其出场。那之后，将剩余因此方法公开的牌加入牌组并洗切。（例如将费用分别为0、1、2、3、4的牌放置到墓地）,https://zhanshuang-prod-minio.janime.cn/card-game-public/2016625972792320/BP03-058/94864f27-abc1-4957-8fbe-4f52cf375def/BP03-R_BP03-058R★.png
2016626058697737,BP03-058,莉莉丝·谬影,BP03-誓焰破晓,R,6,暗,8,2,,角色牌,升格者 / 莉莉丝,【出】：公开我方牌组顶5张牌。可以选择因此方法公开的牌和我方手牌中合计5张费用递增的牌放置到墓地。若如此做，选择我方墓地1张费用为4及以下的《莉莉丝·谬影》，将其出场。那之后，将剩余因此方法公开的牌加入牌组并洗切。（例如将费用分别为0、1、2、3、4的牌放置到墓地）,https://zhanshuang-prod-minio.janime.cn/card-game-public/2016625972792320/BP03-058/49a5ba8a-e5cf-40fc-aad8-e08d03e93bf0/BP03-R_BP03-058R.png
2016626058697738,BP03-059,莉莉丝·谬影,BP03-誓焰破晓,SR★,6,暗,7,2,,角色牌,升格者 / 莉莉丝,"【出】：可以公开我方手牌最多2张<莉莉丝>。依次公开我方牌组顶最多5张牌，根据因此方法公开的<莉莉丝>的费用合计，执行以下行动。那之后，将因此方法公开的牌加入牌组并洗切。
·费用合计为19或20：选择对方战场1张角色，直到回合结束为止，其PP-4000。
·费用合计为21：选择对方战场1张角色，直到回合结束为止，其PP-9999。",https://zhanshuang-prod-minio.janime.cn/card-game-public/2016625972792320/BP03-059/0cf29bc8-64a4-45d7-9da0-135f0d70ef89/BP03-SR_BP03-059SR★.png
2016626058697739,BP03-059,莉莉丝·谬影,BP03-誓焰破晓,SR,6,暗,7,2,,角色牌,升格者 / 莉莉丝,"【出】：可以公开我方手牌最多2张<莉莉丝>。依次公开我方牌组顶最多5张牌，根据因此方法公开的<莉莉丝>的费用合计，执行以下行动。那之后，将因此方法公开的牌加入牌组并洗切。
·费用合计为19或20：选择对方战场1张角色，直到回合结束为止，其PP-4000。
·费用合计为21：选择对方战场1张角色，直到回合结束为止，其PP-9999。",https://zhanshuang-prod-minio.janime.cn/card-game-public/2016625972792320/BP03-059/17a9e0b5-32f6-4d6b-be3a-9170eb12b16f/BP03-SR_BP03-059SR.png
2016626058697740,BP03-060,莉莉丝·谬影,BP03-誓焰破晓,U,5,暗,4,2,,角色牌,升格者 / 莉莉丝,【出】：公开我方牌组顶3张牌。选择我方战场1张<莉莉丝>角色，因此方法公开的费用各不相同的牌每有1张，直到下个回合结束为止，其PP+1000。那之后，将因此方法公开的牌按任意顺序放置到牌组底。,https://zhanshuang-prod-minio.janime.cn/card-game-public/2016625972792320/BP03-060/e38e18ec-491e-4440-8566-4650443f485d/BP03-U_BP03-060U.png
2016626058697741,BP03-061,莉莉丝·谬影,BP03-誓焰破晓,R★,5,暗,6,2,,角色牌,升格者 / 莉莉丝,"【出】：查看我方牌组顶1张牌，可以将其放置到墓地。
【出】：对方宣言奇数或偶数。公开我方牌组顶1张牌，若因此方法公开的牌的费用与对方宣言的不同，选择我方战场1张<莉莉丝>角色，该回合结束时，将其竖直。",https://zhanshuang-prod-minio.janime.cn/card-game-public/2016625972792320/BP03-061/22a5dbff-25df-40bb-805c-a0fdfefe19a3/BP03-R_BP03-061R★.png
2016626058701824,BP03-061,莉莉丝·谬影,BP03-誓焰破晓,R,5,暗,6,2,,角色牌,升格者 / 莉莉丝,"【出】：查看我方牌组顶1张牌，可以将其放置到墓地。
【出】：对方宣言奇数或偶数。公开我方牌组顶1张牌，若因此方法公开的牌的费用与对方宣言的不同，选择我方战场1张<莉莉丝>角色，该回合结束时，将其竖直。",https://zhanshuang-prod-minio.janime.cn/card-game-public/2016625972792320/BP03-061/dae20fc3-4a6a-4f0d-9814-cac4708e4ca8/BP03-R_BP03-061R.png
2016626058701825,BP03-062,莉莉丝·谬影,BP03-誓焰破晓,R★,4,暗,4,2,,角色牌,升格者 / 莉莉丝,"【永】：【充能0】。
【出】：公开我方牌组顶3张牌并将其放置到墓地。若因此方法将费用相同的牌公开，选择我方墓地最多1张<莉莉丝>，将其加入手牌。",https://zhanshuang-prod-minio.janime.cn/card-game-public/2016625972792320/BP03-062/db18a826-f012-4bd4-a607-52252664b9bb/BP03-R_BP03-062R★.png
2016626058701826,BP03-062,莉莉丝·谬影,BP03-誓焰破晓,R,4,暗,4,2,,角色牌,升格者 / 莉莉丝,"【永】：【充能0】。
【出】：公开我方牌组顶3张牌并将其放置到墓地。若因此方法将费用相同的牌公开，选择我方墓地最多1张<莉莉丝>，将其加入手牌。",https://zhanshuang-prod-minio.janime.cn/card-game-public/2016625972792320/BP03-062/874df08a-32fd-48bc-9869-298d6330ab2c/BP03-R_BP03-062R.png
2016626058701827,BP03-063,莉莉丝·谬影,BP03-誓焰破晓,U,4,暗,4,1,,角色牌,升格者 / 莉莉丝,"【出】：查看我方牌组顶1张牌，可以将其放置到墓地。
【出】：所有玩家公开牌组顶1张牌，执行以下行动。
·若我方公开的牌的费用大于对方，我方抽1张牌。
·若对方公开的牌的费用大于我方，对方抽1张牌。",https://zhanshuang-prod-minio.janime.cn/card-game-public/2016625972792320/BP03-063/9021f6cf-117a-4271-bbf8-c35ee8952f2e/BP03-U_BP03-063U.png
2016626058701828,BP03-064,莉莉丝·谬影,BP03-誓焰破晓,U,3,暗,2,1,,角色牌,升格者 / 莉莉丝,【出】：所有玩家同时依次公开自己牌组顶1张牌，直至因此方法公开信号球牌。那之后，所有玩家洗切牌组，因此方法公开信号球牌的玩家抽2张牌，丢弃1张手牌。（若因此方法公开任一玩家牌组的所有牌，则效果处理中断，所有玩家洗切牌组）,https://zhanshuang-prod-minio.janime.cn/card-game-public/2016625972792320/BP03-064/76b78846-3678-4aba-a042-709148e574bb/BP03-U_BP03-064U.png
2016626058701829,BP03-065,血色醍醐,BP03-誓焰破晓,U,3,暗,,,,战术牌 / 瞬时战术牌,莉莉丝,"【永】：该牌因我方<莉莉丝>的效果被公开时，直到该次处理结束为止，可以将该牌的费用视为2或4或6或8。（被公开时即需要选择视为其中1个数字）
【瞬时】：角色攻击时才能发动。选择我方墓地4张《莉莉丝·谬影》加入牌组并洗切。若如此做，选择我方或对方战场1张攻击中的角色，直到那次攻击结束为止，其DP+1或DP-1。",https://zhanshuang-prod-minio.janime.cn/card-game-public/2016625972792320/BP03-065/3b8e0704-4cb3-4676-821b-00bc3c9a8d35/BP03-U_BP03-065U.png
2016626058701830,BP03-066,繁宵蜃景之哀,BP03-誓焰破晓,U,2,暗,12,,,道具牌 / 装备牌,莉莉丝 / 月伞,"（使用后可在主要阶段放置在装备角色下方，每张角色只能装备1张装备）
【永】：该牌因我方<莉莉丝>的效果被公开时，直到该次处理结束为止，可以将该牌的费用视为1或3或5或7。（被公开时即需要选择视为其中1个数字）",https://zhanshuang-prod-minio.janime.cn/card-game-public/2016625972792320/BP03-066/6bd7fdc2-3d16-4807-82f5-dbf8f8b7dae3/BP03-U_BP03-066U.png
2016626058701831,BP03-067,罗兰·戏炎,BP03-誓焰破晓,SR★,6,火,8,2,,角色牌,升格者 / 罗兰,"【出】：可以公开我方手牌3张属性各不相同的<升格者>。若如此做，直到回合结束为止，该牌获得【速攻】。
【自】：该牌攻击时，可以丢弃手牌1张<升格者>角色并消除【2任意信号球icon】。若如此做，直到下个回合结束为止，该牌的基本PP变为与因此方法丢弃的角色相同的数值。",https://zhanshuang-prod-minio.janime.cn/card-game-public/2016625972792320/BP03-067/82febc1e-5f6d-47b4-8796-1e36192dc58c/BP03-SR_BP03-067SR★.png
2016626058701832,BP03-067,罗兰·戏炎,BP03-誓焰破晓,SR,6,火,8,2,,角色牌,升格者 / 罗兰,"【出】：可以公开我方手牌3张属性各不相同的<升格者>。若如此做，直到回合结束为止，该牌获得【速攻】。
【自】：该牌攻击时，可以丢弃手牌1张<升格者>角色并消除【2任意信号球icon】。若如此做，直到下个回合结束为止，该牌的基本PP变为与因此方法丢弃的角色相同的数值。",https://zhanshuang-prod-minio.janime.cn/card-game-public/2016625972792320/BP03-067/da66fe28-6684-4e05-ad9a-165e7b519155/BP03-SR_BP03-067SR.png
2016626058701833,BP03-068,罗兰·戏炎,BP03-誓焰破晓,U,5,火,6,2,,角色牌,升格者 / 罗兰,【出】：可以公开我方手牌2张不为火属性且属性不同的<升格者>。若如此做，抽1张牌。,https://zhanshuang-prod-minio.janime.cn/card-game-public/2016625972792320/BP03-068/6947c54d-199e-4da6-964e-81cc3db26e7c/BP03-U_BP03-068U.png
2016626058701834,BP03-069,罗兰·戏炎,BP03-誓焰破晓,U,4,火,4,1,,角色牌,升格者 / 罗兰,【永】：若我方战场存在属性不同的<升格者>角色，该牌基本DP变为1。,https://zhanshuang-prod-minio.janime.cn/card-game-public/2016625972792320/BP03-069/408f05fa-1255-444e-909d-a89af846a325/BP03-U_BP03-069U.png
2016626058701835,BP03-070,虚缪赝戏,BP03-誓焰破晓,R★★,3,火,,,,战术牌 / 普通战术牌,,选择我方战场1张《罗兰·戏炎》，可以丢弃手牌1张<升格者>角色。若如此做，直到回合结束为止，其基本PP和基本DP变为与因此方法丢弃的角色相同的数值。,https://zhanshuang-prod-minio.janime.cn/card-game-public/2016625972792320/BP03-070/9d6a0738-b389-425a-962e-2c7662d94e6b/BP03-R_BP03-070R★★.png
2016626058701836,BP03-070,虚缪赝戏,BP03-誓焰破晓,R★,3,火,,,,战术牌 / 普通战术牌,,选择我方战场1张《罗兰·戏炎》，可以丢弃手牌1张<升格者>角色。若如此做，直到回合结束为止，其基本PP和基本DP变为与因此方法丢弃的角色相同的数值。,https://zhanshuang-prod-minio.janime.cn/card-game-public/2016625972792320/BP03-070/e61fa466-6ccf-40df-ad90-08193f0dacbb/BP03-R_BP03-070R★.png
2016626058701837,BP03-070,虚缪赝戏,BP03-誓焰破晓,R,3,火,,,,战术牌 / 普通战术牌,,选择我方战场1张《罗兰·戏炎》，可以丢弃手牌1张<升格者>角色。若如此做，直到回合结束为止，其基本PP和基本DP变为与因此方法丢弃的角色相同的数值。,https://zhanshuang-prod-minio.janime.cn/card-game-public/2016625972792320/BP03-070/fe2397e7-8e61-4056-a914-d2ac6570e713/BP03-R_BP03-070R.png
2016626058701838,BP03-071,赛琳娜·岚音,BP03-誓焰破晓,U,7,雷,15,2,,角色牌,赛琳娜 / 艺术协会,"【出】:可以消除【2任意信号球icon】或【3任意信号球icon】。根据因此方法消除的牌持有的信号球标记，执行以下行动。
·1种及以上：直到下个回合结束为止，该牌PP+1000。
·2种及以上：直到回合结束为止，该牌获得【速攻】。
·3种：选择我方费用区最多2张<艺术协会>，将其竖直。",https://zhanshuang-prod-minio.janime.cn/card-game-public/2016625972792320/BP03-071/a1231894-e910-45ff-8617-bd8b1a9a3616/BP03-U_BP03-071U.png
2016626058705920,BP03-072,赛琳娜·岚音,BP03-誓焰破晓,R★★,5,雷,5,2,,角色牌,赛琳娜 / 艺术协会,【出】：公开我方牌组顶4张牌，选择其中最多1张<艺术协会>战术牌加入手牌，将剩余的牌按任意顺序放置到牌组底。,https://zhanshuang-prod-minio.janime.cn/card-game-public/2016625972792320/BP03-072/4c9a6165-76f9-40c2-bc5d-0d25cadddfd0/BP03-R_BP03-072R★★.png
2016626058705921,BP03-072,赛琳娜·岚音,BP03-誓焰破晓,R★,5,雷,5,2,,角色牌,赛琳娜 / 艺术协会,【出】：公开我方牌组顶4张牌，选择其中最多1张<艺术协会>战术牌加入手牌，将剩余的牌按任意顺序放置到牌组底。,https://zhanshuang-prod-minio.janime.cn/card-game-public/2016625972792320/BP03-072/f4012065-15d2-4318-b716-ca1720c977a1/BP03-R_BP03-072R★.png
2016626058705922,BP03-072,赛琳娜·岚音,BP03-誓焰破晓,R,5,雷,5,2,,角色牌,赛琳娜 / 艺术协会,【出】：公开我方牌组顶4张牌，选择其中最多1张<艺术协会>战术牌加入手牌，将剩余的牌按任意顺序放置到牌组底。,https://zhanshuang-prod-minio.janime.cn/card-game-public/2016625972792320/BP03-072/92a69798-e3d9-4c70-b369-8ea2f89b737f/BP03-R_BP03-072R.png
2016626058705923,BP03-073,赛琳娜·岚音,BP03-誓焰破晓,U,4,雷,4,2,,角色牌,赛琳娜 / 艺术协会,"【永】:【充能0】。
【永】:我方每回合使用的第1张<艺术协会>战术牌的费用-1。",https://zhanshuang-prod-minio.janime.cn/card-game-public/2016625972792320/BP03-073/53ee4991-08d7-4181-8617-75679886af01/BP03-U_BP03-073U.png
2016626058705924,BP03-074,风暴终曲,BP03-誓焰破晓,SR★★,2,雷,,,,战术牌 / 普通战术牌,艺术协会,"可以消除【任意信号球icon】或【2任意信号球icon】或【3任意信号球icon】。根据因此方法消除的牌持有的信号球标记，执行以下行动。
·1种：我方抽1张牌。
·2种：选择我方费用区最多2张<艺术协会>，将其竖直。
·3种：选择我方战场1张费用为5及以下的<赛琳娜>角色，将其竖直。",https://zhanshuang-prod-minio.janime.cn/card-game-public/2016625972792320/BP03-074/03a25cf5-6e53-48fb-91ea-ca83ae821c7e/BP03-SR_BP03-074SR★★.png
2016626058705925,BP03-074,风暴终曲,BP03-誓焰破晓,SR★,2,雷,,,,战术牌 / 普通战术牌,艺术协会,"可以消除【任意信号球icon】或【2任意信号球icon】或【3任意信号球icon】。根据因此方法消除的牌持有的信号球标记，执行以下行动。
·1种：我方抽1张牌。
·2种：选择我方费用区最多2张<艺术协会>，将其竖直。
·3种：选择我方战场1张费用为5及以下的<赛琳娜>角色，将其竖直。",https://zhanshuang-prod-minio.janime.cn/card-game-public/2016625972792320/BP03-074/2ab964e0-7b34-4f80-9a5c-853dd28738fe/BP03-SR_BP03-074SR★.png
2016626058705926,BP03-074,风暴终曲,BP03-誓焰破晓,SR,2,雷,,,,战术牌 / 普通战术牌,艺术协会,"可以消除【任意信号球icon】或【2任意信号球icon】或【3任意信号球icon】。根据因此方法消除的牌持有的信号球标记，执行以下行动。
·1种：我方抽1张牌。
·2种：选择我方费用区最多2张<艺术协会>，将其竖直。
·3种：选择我方战场1张费用为5及以下的<赛琳娜>角色，将其竖直。",https://zhanshuang-prod-minio.janime.cn/card-game-public/2016625972792320/BP03-074/795b9c45-710e-422c-91a8-fec151a8bf2e/BP03-SR_BP03-074SR.png
2016626058705927,BP03-075,露西亚·深红之渊,BP03-誓焰破晓,SR★★,9,物理,16,2,,角色牌,阿尔法 / 升格者,"【永】:【速攻】。
【永】:使用该牌时，可以将我方信号球区最少1张【蓝色信号球icon】放置到墓地，因此方法放置到墓地的【蓝色信号球icon】每有1张，该牌的费用-2。（仅在使用该牌时费用-2）",https://zhanshuang-prod-minio.janime.cn/card-game-public/2016625972792320/BP03-075/cc5f430d-c0cd-46ad-ac63-3a5a21e66d47/BP03-SR_BP03-075SR★★.png
2016626058705928,BP03-075,露西亚·深红之渊,BP03-誓焰破晓,SR★,9,物理,16,2,,角色牌,阿尔法 / 升格者,"【永】:【速攻】。
【永】:使用该牌时，可以将我方信号球区最少1张【蓝色信号球icon】放置到墓地，因此方法放置到墓地的【蓝色信号球icon】每有1张，该牌的费用-2。（仅在使用该牌时费用-2）",https://zhanshuang-prod-minio.janime.cn/card-game-public/2016625972792320/BP03-075/4838b74d-e488-480b-af86-5aef2e17fc88/BP03-SR_BP03-075SR★.png
2016626058705929,BP03-075,露西亚·深红之渊,BP03-誓焰破晓,SR,9,物理,16,2,,角色牌,阿尔法 / 升格者,"【永】:【速攻】。
【永】:使用该牌时，可以将我方信号球区最少1张【蓝色信号球icon】放置到墓地，因此方法放置到墓地的【蓝色信号球icon】每有1张，该牌的费用-2。（仅在使用该牌时费用-2）",https://zhanshuang-prod-minio.janime.cn/card-game-public/2016625972792320/BP03-075/6265264f-0c74-4ff1-ac7a-ef8d3368ca6f/BP03-SR_BP03-075SR.png
2016626058705930,BP03-076,露西亚·深红之渊,BP03-誓焰破晓,U,5,物理,6,2,,角色牌,阿尔法 / 升格者,【出】:选择我方墓地1张【蓝色信号球icon】，将其放置到我方信号球区最上方。,https://zhanshuang-prod-minio.janime.cn/card-game-public/2016625972792320/BP03-076/562e9770-93a5-425d-9119-cdfd959a836b/BP03-U_BP03-076U.png
2016626058705931,BP03-077,露西亚·深红之渊,BP03-誓焰破晓,R★★,4,物理,4,1,,角色牌,阿尔法 / 升格者,【自】:该牌攻击时，若我方战场存在其他<阿尔法>角色，选择我方信号球区1张信号球，直到回合结束为止，其可以视为【蓝色信号球icon】。,https://zhanshuang-prod-minio.janime.cn/card-game-public/2016625972792320/BP03-077/04095dde-75c5-4eb9-a96f-d556ee12b135/BP03-R_BP03-077R★★.png
2016626058705932,BP03-077,露西亚·深红之渊,BP03-誓焰破晓,R★,4,物理,4,1,,角色牌,阿尔法 / 升格者,【自】:该牌攻击时，若我方战场存在其他<阿尔法>角色，选择我方信号球区1张信号球，直到回合结束为止，其可以视为【蓝色信号球icon】。,https://zhanshuang-prod-minio.janime.cn/card-game-public/2016625972792320/BP03-077/3983c0c6-6700-4ce3-a388-8c209f626f1a/BP03-R_BP03-077R★.png
2016626058705933,BP03-077,露西亚·深红之渊,BP03-誓焰破晓,R,4,物理,4,1,,角色牌,阿尔法 / 升格者,【自】:该牌攻击时，若我方战场存在其他<阿尔法>角色，选择我方信号球区1张信号球，直到回合结束为止，其可以视为【蓝色信号球icon】。,https://zhanshuang-prod-minio.janime.cn/card-game-public/2016625972792320/BP03-077/e3d48a2b-1ead-43f3-866f-e2a4e9a288d6/BP03-R_BP03-077R.png
2016626058710016,BP03-078,命定之战,BP03-誓焰破晓,U,3,物理,,,,战术牌 / 普通战术牌,,"从以下2项选择最多1项。若我方或对方战场存在《露西亚·鸦羽》，改为选择最多2项。
·公开我方牌组顶4张牌，选择其中最多1张<阿尔法>角色和最多1张【蓝色信号球icon】加入手牌，将剩余的牌按任意顺序放置到牌组底。
·选择我方战场1张<阿尔法>角色，直到回合结束为止，其获得【速攻icon】，PP+1000。",https://zhanshuang-prod-minio.janime.cn/card-game-public/2016625972792320/BP03-078/4dec4f47-5e1e-4dc6-a42e-44bc3a685f0b/BP03-U_BP03-078U.png
2016626058710017,BP03-079,库洛洛,BP03-誓焰破晓,U,4,物理,4,1,,角色牌,,"【永】：该牌不能攻击。
【出】:选择我方费用区最多1张暗费，该回合结束时，其不会因规则而放置到墓地。",https://zhanshuang-prod-minio.janime.cn/card-game-public/2016625972792320/BP03-079/1cc9292f-fb1e-42de-993d-8f8a0f407eee/BP03-U_BP03-079U.png
2016626058710018,BP03-080,人型生物体：男&女,BP03-誓焰破晓,U,6,暗,8,2,,角色牌,,【永】:对方回合中，对方支付费用时，若可以支付暗费，则必须支付暗费。,https://zhanshuang-prod-minio.janime.cn/card-game-public/2016625972792320/BP03-080/59f4e3e3-6db8-468a-89ff-472bb3226456/BP03-U_BP03-080U.png
2016626058710019,BP03-081,“镜”中的真实,BP03-誓焰破晓,C,1,无,,,红,战术牌 / 普通战术牌,信号球·红,"将该牌放置到我方信号球区最上方，抽1张牌。
【充能自】：从以下2项选择1项。
·选择我方战场最多1张角色，直到回合结束为止，其DP+1。
·选择我方战场最多1张角色，直到回合结束为止，其PP+2000。",https://zhanshuang-prod-minio.janime.cn/card-game-public/2016625972792320/BP03-081/5f325876-53ca-47ee-bf83-d021ee2cf4ee/BP03-C_BP03-081C.png
2016626058710028,BP03-081,“镜”中的真实,BP03-誓焰破晓,C★,1,无,,,红,战术牌 / 普通战术牌,信号球·红,"将该牌放置到我方信号球区最上方，抽1张牌。
【充能自】：从以下2项选择1项。
·选择我方战场最多1张角色，直到回合结束为止，其DP+1。
·选择我方战场最多1张角色，直到回合结束为止，其PP+2000。",https://zhanshuang-prod-minio.janime.cn/card-game-public/2016625972792320/BP03-081/7e3ca02f-13d6-419c-b364-77a698259592/BP03-C_BP03-081C★.png
2016626058710020,BP03-082,破晓之前,BP03-誓焰破晓,C,1,无,,,红,战术牌 / 普通战术牌,信号球·红,"将该牌放置到我方信号球区最上方，抽1张牌。
【充能自】：从以下2项选择1项。
·选择我方战场最多1张角色，直到回合结束为止，其DP+1。
·选择我方战场最多1张角色，直到回合结束为止，其PP+2000。",https://zhanshuang-prod-minio.janime.cn/card-game-public/2016625972792320/BP03-082/ef37e737-c387-4f07-80cb-21a5ac0ac0e1/BP03-C_BP03-082C.png
2016626058710029,BP03-082,破晓之前,BP03-誓焰破晓,C★,1,无,,,红,战术牌 / 普通战术牌,信号球·红,"将该牌放置到我方信号球区最上方，抽1张牌。
【充能自】：从以下2项选择1项。
·选择我方战场最多1张角色，直到回合结束为止，其DP+1。
·选择我方战场最多1张角色，直到回合结束为止，其PP+2000。",https://zhanshuang-prod-minio.janime.cn/card-game-public/2016625972792320/BP03-082/3d9999f3-3aaa-4219-a6ab-96987608b860/BP03-C_BP03-082C★.png
2016626058710021,BP03-083,憧憬之光,BP03-誓焰破晓,C,1,无,,,红,战术牌 / 普通战术牌,信号球·红,"将该牌放置到我方信号球区最上方，抽1张牌。
【充能自】：从以下2项选择1项。
·选择我方战场最多1张角色，直到回合结束为止，其DP+1。
·选择我方战场最多1张角色，直到回合结束为止，其PP+2000。",https://zhanshuang-prod-minio.janime.cn/card-game-public/2016625972792320/BP03-083/29582cc5-4275-48f6-ab95-e766e20169d8/BP03-C_BP03-083C.png
2016626058710030,BP03-083,憧憬之光,BP03-誓焰破晓,C★,1,无,,,红,战术牌 / 普通战术牌,信号球·红,"将该牌放置到我方信号球区最上方，抽1张牌。
【充能自】：从以下2项选择1项。
·选择我方战场最多1张角色，直到回合结束为止，其DP+1。
·选择我方战场最多1张角色，直到回合结束为止，其PP+2000。",https://zhanshuang-prod-minio.janime.cn/card-game-public/2016625972792320/BP03-083/2db4002c-55b1-40ae-ac11-5056bf48da03/BP03-C_BP03-083C★.png
2016626058710022,BP03-084,我回来了,BP03-誓焰破晓,C,1,无,,,蓝,战术牌 / 普通战术牌,信号球·蓝,"将该牌放置到我方信号球区最上方，抽1张牌。
【充能自】：从以下2项选择1项。
·抽1张牌。
·选择我方战场最多1张角色，直到回合结束为止，其PP+2000。",https://zhanshuang-prod-minio.janime.cn/card-game-public/2016625972792320/BP03-084/6fdf5d4d-95d2-401f-a994-0d7894b1461d/BP03-C_BP03-084C.png
2016626058714112,BP03-084,我回来了,BP03-誓焰破晓,C★,1,无,,,蓝,战术牌 / 普通战术牌,信号球·蓝,"将该牌放置到我方信号球区最上方，抽1张牌。
【充能自】：从以下2项选择1项。
·抽1张牌。
·选择我方战场最多1张角色，直到回合结束为止，其PP+2000。",https://zhanshuang-prod-minio.janime.cn/card-game-public/2016625972792320/BP03-084/a8cc0984-5f17-42ce-9123-36bcbe1e8f93/BP03-C_BP03-084C★.png
2016626058710023,BP03-085,画中自我,BP03-誓焰破晓,C,1,无,,,蓝,战术牌 / 普通战术牌,信号球·蓝,"将该牌放置到我方信号球区最上方，抽1张牌。
【充能自】：从以下2项选择1项。
·抽1张牌。
·选择我方战场最多1张角色，直到回合结束为止，其PP+2000。",https://zhanshuang-prod-minio.janime.cn/card-game-public/2016625972792320/BP03-085/7d5e54b3-abf1-4e2d-b81f-e3e8b724fbbf/BP03-C_BP03-085C.png
2016626058714113,BP03-085,画中自我,BP03-誓焰破晓,C★,1,无,,,蓝,战术牌 / 普通战术牌,信号球·蓝,"将该牌放置到我方信号球区最上方，抽1张牌。
【充能自】：从以下2项选择1项。
·抽1张牌。
·选择我方战场最多1张角色，直到回合结束为止，其PP+2000。",https://zhanshuang-prod-minio.janime.cn/card-game-public/2016625972792320/BP03-085/efcf347d-e4d8-40e1-984b-c31cef2db69b/BP03-C_BP03-085C★.png
2016626058710024,BP03-086,缄默,BP03-誓焰破晓,C,1,无,,,蓝,战术牌 / 普通战术牌,信号球·蓝,"将该牌放置到我方信号球区最上方，抽1张牌。
【充能自】：从以下2项选择1项。
·抽1张牌。
·选择我方战场最多1张角色，直到回合结束为止，其PP+2000。",https://zhanshuang-prod-minio.janime.cn/card-game-public/2016625972792320/BP03-086/43caff93-78b5-4b66-8606-efffa97e0829/BP03-C_BP03-086C.png
2016626058714114,BP03-086,缄默,BP03-誓焰破晓,C★,1,无,,,蓝,战术牌 / 普通战术牌,信号球·蓝,"将该牌放置到我方信号球区最上方，抽1张牌。
【充能自】：从以下2项选择1项。
·抽1张牌。
·选择我方战场最多1张角色，直到回合结束为止，其PP+2000。",https://zhanshuang-prod-minio.janime.cn/card-game-public/2016625972792320/BP03-086/17748bab-bfec-48bd-a259-6296a7db2b8f/BP03-C_BP03-086C★.png
2016626058710025,BP03-087,黄金与人马,BP03-誓焰破晓,C,1,无,,,黄,战术牌 / 普通战术牌,信号球·黄,"将该牌放置到我方信号球区最上方，抽1张牌。
【充能自】：从以下2项选择1项。
·若我方侵蚀计数不小于对方，我方侵蚀计数-1。
·选择我方战场最多1张角色，直到回合结束为止，其PP+2000。",https://zhanshuang-prod-minio.janime.cn/card-game-public/2016625972792320/BP03-087/4bb40fba-39b5-4b00-b366-2acebfb27c54/BP03-C_BP03-087C.png
2016626058714115,BP03-087,黄金与人马,BP03-誓焰破晓,C★,1,无,,,黄,战术牌 / 普通战术牌,信号球·黄,"将该牌放置到我方信号球区最上方，抽1张牌。
【充能自】：从以下2项选择1项。
·若我方侵蚀计数不小于对方，我方侵蚀计数-1。
·选择我方战场最多1张角色，直到回合结束为止，其PP+2000。",https://zhanshuang-prod-minio.janime.cn/card-game-public/2016625972792320/BP03-087/75f20310-ba97-4315-99fd-9803f1910d43/BP03-C_BP03-087C★.png
2016626058710026,BP03-088,分晓子午线,BP03-誓焰破晓,C,1,无,,,黄,战术牌 / 普通战术牌,信号球·黄,"将该牌放置到我方信号球区最上方，抽1张牌。
【充能自】：从以下2项选择1项。
·若我方侵蚀计数不小于对方，我方侵蚀计数-1。
·选择我方战场最多1张角色，直到回合结束为止，其PP+2000。",https://zhanshuang-prod-minio.janime.cn/card-game-public/2016625972792320/BP03-088/02a19379-ddfa-417e-8a55-8a68f044bfca/BP03-C_BP03-088C.png
2016626058714116,BP03-088,分晓子午线,BP03-誓焰破晓,C★,1,无,,,黄,战术牌 / 普通战术牌,信号球·黄,"将该牌放置到我方信号球区最上方，抽1张牌。
【充能自】：从以下2项选择1项。
·若我方侵蚀计数不小于对方，我方侵蚀计数-1。
·选择我方战场最多1张角色，直到回合结束为止，其PP+2000。",https://zhanshuang-prod-minio.janime.cn/card-game-public/2016625972792320/BP03-088/6bf8c680-3e39-4f6f-ad2e-000da7e5f6fc/BP03-C_BP03-088C★.png
2016626058710027,BP03-089,盛放着鲜花的河流,BP03-誓焰破晓,C,1,无,,,黄,战术牌 / 普通战术牌,信号球·黄,"将该牌放置到我方信号球区最上方，抽1张牌。
【充能自】：从以下2项选择1项。
·若我方侵蚀计数不小于对方，我方侵蚀计数-1。
·选择我方战场最多1张角色，直到回合结束为止，其PP+2000。",https://zhanshuang-prod-minio.janime.cn/card-game-public/2016625972792320/BP03-089/2b6dcf78-5110-4a69-93b1-30ac41508936/BP03-C_BP03-089C.png
2016626058714117,BP03-089,盛放着鲜花的河流,BP03-誓焰破晓,C★,1,无,,,黄,战术牌 / 普通战术牌,信号球·黄,"将该牌放置到我方信号球区最上方，抽1张牌。
【充能自】：从以下2项选择1项。
·若我方侵蚀计数不小于对方，我方侵蚀计数-1。
·选择我方战场最多1张角色，直到回合结束为止，其PP+2000。",https://zhanshuang-prod-minio.janime.cn/card-game-public/2016625972792320/BP03-089/6f458d58-92a3-4e53-b353-13bfc3306fed/BP03-C_BP03-089C★.png
1979093737880576,PR-001,阿呆蛙主题乐园,PR-推广卡,PR,1,无,,,红,战术牌 / 普通战术牌,信号球·红,"将该牌放置到我方信号球区最上方，抽1张牌。
【充能自】：从以下2项选择1项。
·选择我方战场最多1张角色，直到回合结束为止，其DP+1。
·选择我方战场最多1张角色，直到回合结束为止，其PP+2000。",https://zhanshuang-prod-minio.janime.cn/card-game-public/6e5d16a9-8c2a-440e-8fc9-8b4491e42430/BP01-PR_PR-001.png
1979093737880577,PR-002,带上这只小丽芙,PR-推广卡,PR,1,无,,,黄,战术牌 / 普通战术牌,信号球·黄,"使用后将该牌放置到我方信号球区最上方，抽1张牌。
【充能自】：从以下2项选择1项。
·若我方侵蚀计数不小于对方，我方侵蚀计数-1。
·选择我方战场最多1张角色，直到回合结束为止，其PP+2000。",https://zhanshuang-prod-minio.janime.cn/card-game-public/fbe4ebb0-19b0-45fe-9556-601e8a1719f8/BP01-PR_PR-002.png
1979093737884672,PR-003,里的路线规划,PR-推广卡,PR,1,无,,,蓝,战术牌 / 普通战术牌,信号球·蓝,"使用后将该牌放置到我方信号球区最上方，抽1张牌。
【充能自】：从以下2项选择1项。
·抽1张牌。
·选择我方战场最多1张角色，直到回合结束为止，其PP+2000。",https://zhanshuang-prod-minio.janime.cn/card-game-public/4ea115d7-0ff8-4e7e-b454-3a06ac4f2a07/BP01-PR_PR-003.png
1979093737884673,PR-004,露西亚·鸦羽,PR-推广卡,PR,6,冰,8,2,,角色牌,灰鸦小队 / 露西亚,"【永】：若我方战场存在<里>角色和<丽芙>角色，该牌PP+1000。
【出】：将我方信号球区的牌按任意顺序排列。",https://zhanshuang-prod-minio.janime.cn/card-game-public/1979091528694784/PR-004/ad9f8e82-751b-4e20-92ac-bb702b3962bc/PR-004.png
1979093737884674,PR-005,露娜·银冕,PR-推广卡,PR,4,暗,4,2,,角色牌,升格者 / 露娜,"【永】：【充能0】
【出】：抽1张牌，丢弃1张手牌。",https://zhanshuang-prod-minio.janime.cn/card-game-public/1979091528694784/PR-005/a0b1ca54-bc8b-425c-9868-430608e7f132/PR-005.png
1979093737884675,PR-006,露西亚·深红之渊,PR-推广卡,PR,5,物理,6,2,,角色牌,阿尔法 / 升格者,【出】丢弃1张手牌：选择我方费用区1张明费，将其加入手牌。若如此做，将我方牌组顶1张牌以横置状态放置到费用区。,https://zhanshuang-prod-minio.janime.cn/card-game-public/1979091528694784/PR-006/2833265a-29e8-4991-a721-dd67afb7cd34/PR-006.png
1979093737884676,PR-007,曲·雀翎,PR-推广卡,PR,6,物理,8,2,,角色牌,曲 / 九龙商会,【永】：若我方费用区的<万世铭>为2张及以上，该牌PP+1000。若为4张及以上，追加该牌DP+1。,https://zhanshuang-prod-minio.janime.cn/card-game-public/1979091528694784/PR-007/031696fb-edb4-47c7-a05f-d4aacd3d64b1/PR-007.png
1979093737888768,PR-008,七实·遥星之座,PR-推广卡,PR,5,火,6,2,,角色牌,七实 / 机械教会,【出】丢弃1张手牌：选择我方费用区1张明费，将其加入手牌。若如此做，将我方牌组顶1张牌以横置状态放置到费用区。,https://zhanshuang-prod-minio.janime.cn/card-game-public/1979091528694784/PR-008/ac3252c1-e341-4e8d-aa9f-f429ae9e521d/PR-008.png
1979093737888769,PR-009,赛琳娜·希声,PR-推广卡,PR,5,物理,5,2,,角色牌,赛琳娜 / 艺术协会,【出】：选择我方墓地1张信号球，将其放置到我方信号球区最上方。,https://zhanshuang-prod-minio.janime.cn/card-game-public/1979091528694784/PR-009/153b978b-ffb3-4d74-8b0a-fd588e3a4bcd/PR-009.png
1979093737888770,PR-010,医疗兵,PR-推广卡,PR,3,物理,,,,战术牌 / 普通战术牌,,"【永】：该牌可以无视属性条件使用。
选择我方费用区1张明费，将其加入手牌。若如此做，将该牌以横置状态放置到费用区。",https://zhanshuang-prod-minio.janime.cn/card-game-public/1979091528694784/PR-010/903108ac-9052-4538-8c5e-14983555ec8d/PR-010.png
1979093737888771,PR-011,史密斯,PR-推广卡,PR,3,冰,,,,战术牌 / 瞬时战术牌,,"【永】：该牌的【瞬时】在主要阶段也可以发动。
【瞬时】：抽2张牌，丢弃1张手牌。选择我方战场1张<突击鹰小队>角色，直到回合结束为止，其PP+1000。",https://zhanshuang-prod-minio.janime.cn/card-game-public/1979091528694784/PR-011/88692443-2b10-490c-951a-4dcc747c2303/PR-011.png
1979093737888773,PR-013,初见,PR-推广卡,PR,1,无,,,蓝,战术牌 / 普通战术牌,信号球·蓝,"使用后将该牌放置到我方信号球区最上方，抽1张牌。
【充能自】：从以下2项选择1项。
·抽1张牌。
·选择我方战场最多1张角色，直到回合结束为止，其PP+2000。",https://zhanshuang-prod-minio.janime.cn/card-game-public/ab675d3c-c02e-407f-809c-8c0b8351bd9d/PR-013.png
1984716611009537,PR-014,银晕辉光,PR-推广卡,PR,1,暗,,,,战术牌 / 瞬时战术牌,,"【永】：所有玩家每回合各能使用最多1张《银晕辉光》。
【瞬时】：我方战场1张《露娜·银冕》升变角色被攻击时才能发动。可以将那次攻击的对象变为我方玩家。",https://zhanshuang-prod-minio.janime.cn/card-game-public/1979091528694784/PR-014/de7eb722-1f9d-4f23-bf83-821e2b7f85af/PR-014.png
1984716611013632,PR-015,七实·遥星之座,PR-推广卡,PR,5,火,6,2,,角色牌,七实 / 机械教会,【永】：若该牌存在于《七实·遥星之座》下方，其获得“【自】：该牌离场时，可以消除【2任意信号球】。若如此做，选择我方墓地1张费用为3及以下的《七实·遥星之座》或《帕瓦》，将其出场。”,https://zhanshuang-prod-minio.janime.cn/card-game-public/1979091528694784/PR-015/d0db2ffe-0c88-4f12-8cdc-5c9437c4feae/PR-015.png
1984716611013633,PR-016,露西亚·深红囚影,PR-推广卡,PR,6,雷,7,2,,角色牌,阿尔法 / 升格者,"【永】：若该牌下方存在<封刃太刀>，该牌获得【速攻】。
【自】：该牌离场时，若该牌装备<封刃太刀>，可以消除【任意信号球】。若如此做，选择我方墓地1张<封刃太刀>，将其出场。",https://zhanshuang-prod-minio.janime.cn/card-game-public/1979091528694784/PR-016/233e619c-f55d-4dcc-9cfc-93e5c975420f/PR-016.png
1984716611013634,PR-017,雪歌,PR-推广卡,PR,4,物理,,,,道具牌 / 辅助机牌,,【起】【回合1】【2任意信号球】：选择我方战场1张《赛琳娜·希声》，直到回合结束为止，其PP+1500。若我方费用区的<艺术协会>为3张及以上，追加直到回合结束为止，其获得【速攻】。,https://zhanshuang-prod-minio.janime.cn/card-game-public/1979091528694784/PR-017/5b0239c8-5756-4261-a1e2-4bb8859c00ea/PR-017.png
1984716611013635,PR-018,决意,PR-推广卡,PR,2,物理,,,,战术牌 / 瞬时战术牌,,"【瞬时】：可以将我方墓地2张《飞叶点翠》加入牌组并洗切。若如此做，从以下2项选择1项。
·选择我方战场1张攻击中的或被攻击的《含英·檀心》，直到那次攻击结束为止，其PP+2000。
·选择对方战场1张攻击中的角色，该角色的那次攻击在伤害步骤只能造成最多1点伤害。",https://zhanshuang-prod-minio.janime.cn/card-game-public/1979091528694784/PR-018/b0907818-c034-4c95-a554-6724c962ab7f/PR-018.png
1984716611013636,PR-019,徽羽,PR-推广卡,PR,3,冰,,,,道具牌 / 辅助机牌,,【起】横置该牌&丢弃1张手牌：公开我方牌组顶4张牌。选择其中最多1张<万世铭>和最多1张《曲·启明》加入手牌，将剩余的牌按任意顺序放置到牌组底。,https://zhanshuang-prod-minio.janime.cn/card-game-public/1979091528694784/PR-019/7b70e332-08d1-4dc5-b84c-683f0f2ad069/PR-019.png
1984716611013637,PR-020,杼菱,PR-推广卡,PR,3,空,,,,道具牌 / 辅助机牌,,"【起】横置该牌：若我方战场存在《伊什梅尔·幻日》，从以下2项选择1项。
·若该牌下方不存在卡牌，选择我方手牌或墓地1张不为空属性的升变角色，将其以正面表示放置到该牌下方。
·选择我方战场1张不为空属性的升变角色放置到墓地。若如此做，选择该牌下方1张费用不大于我方明费上限的升变角色，将其效果无效出场。",https://zhanshuang-prod-minio.janime.cn/card-game-public/1979091528694784/PR-020/9794f638-98e7-4471-a293-370b94e264a1/PR-020.png
1984716611017728,PR-021,心象边境,PR-推广卡,PR,2,火,,,,战术牌 / 瞬时战术牌,,"【瞬时】：可以将我方1张《丽芙·极昼》从战场放置到墓地。若如此做，从以下2项选择1项。
·选择我方战场1张攻击中的或被攻击的《丽芙·极昼》，直到那次攻击结束为止，其PP+2000。
·选择对方战场1张攻击中的角色，该角色的那次攻击在伤害步骤只能造成最多1点伤害。",https://zhanshuang-prod-minio.janime.cn/card-game-public/1979091528694784/PR-021/8d0e6628-7a45-46d6-9a71-88008be435d1/PR-021.png
1995614903921665,PR-022,干杯,PR-推广卡,PR,1,无,,,蓝,战术牌 / 普通战术牌,信号球·蓝,"使用后将该牌放置到我方信号球区最上方，抽1张牌。
【充能自】：从以下2项选择1项。
·抽1张牌。
·选择我方战场最多1张角色，直到回合结束为止，其PP+2000。",https://zhanshuang-prod-minio.janime.cn/card-game-public/f837457c-e6a6-4f9a-815e-ffc358150bf9/PR-022PR.png
2015807127972864,PR-023,瘟疫骑士,PR-推广卡,PR,4,冰,4,1,,角色牌,万事 / 神寂启示录,"【起】丢弃手牌中的该牌：选择对方战场1张费用为3及以下的角色，可以丢弃手牌1张<万事>或<神寂启示录>。若如此做，将其冰冻。
【起】【3费】：若该牌存在于墓地，可以将我方墓地1张<神寂启示录>角色放置到牌组底。若如此做，将该牌从墓地出场。",https://zhanshuang-prod-minio.janime.cn/card-game-public/2015807117573120/PR-023/ad11a727-fb44-454a-9f54-46647d07bf12/PR-023.png
2015807127972865,PR-024,海妲魔女,PR-推广卡,PR,5,暗,6,2,,角色牌,拉弥亚 / 神寂启示录,【起】丢弃手牌中的该牌：《海妲魔女》的该【起】能力每回合最多发动1次。公开我方牌组顶4张牌，选择其中最多1张<拉弥亚>角色或<神寂启示录>角色或《潮涌球》放置到墓地，将剩余的牌按任意顺序放置到牌组底。,https://zhanshuang-prod-minio.janime.cn/card-game-public/2015807117573120/PR-024/e558f252-a654-417c-acbf-7eef91e4e86b/PR-024.png
2015807127976960,PR-025,混沌门使,PR-推广卡,PR,3,雷,2,1,,角色牌,21号 / 神寂启示录,【起】丢弃手牌中的该牌：选择我方战场1张费用为2的角色或<神寂启示录>角色，可以丢弃手牌1张<21号>或<神寂启示录>。若如此做，直到回合结束为止，其PP+2000。,https://zhanshuang-prod-minio.janime.cn/card-game-public/2015807117573120/PR-025/c981c5ed-2d3f-4b4d-b954-e81a020da07a/PR-025.png
2015854842510336,PR-026,刻耳柏洛斯,PR-推广卡,PR,5,雷,5,2,,角色牌,诺克提 / 神寂启示录,【出】：可以将我方墓地1张<神寂启示录>角色放置到牌组底。若如此做，选择我方墓地1张费用为2的<神寂启示录>角色，将其出场。,https://zhanshuang-prod-minio.janime.cn/card-game-public/9950af62-2d21-4872-bb54-36c487e02022/PR-26.png
2015807127976961,PR-027,乌列尔,PR-推广卡,PR,4,冰,4,2,,角色牌,神寂启示录,"【永】：【充能0】。
【出】：可以将我方墓地1张<神寂启示录>角色放置到牌组底。若如此做，抽1张牌。",https://zhanshuang-prod-minio.janime.cn/card-game-public/2015807117573120/PR-027/149d2ece-8f86-4b2c-b612-b7076e3b593e/PR-027.png
2015807127976962,PR-028,熠空,PR-推广卡,PR,3,火,,,,道具牌 / 辅助机牌,,"【起】横置该牌：从以下2项选择1项。
·若我方处理区存在浮空模式的《露西亚·誓焰》，抽1张牌。
·选择我方处理区1张浮空模式的《露西亚·誓焰》，将其加入手牌。",https://zhanshuang-prod-minio.janime.cn/card-game-public/2015807117573121/PR-028/3e3a29a6-f0d2-46cb-9872-7245fe3c2708/PR-028_01.png
2015807127976963,PR-029,丽芙·极昼,PR-推广卡,PR,5,火,7,2,,角色牌,丽芙 / 灰鸦小队·高级,【出】：若我方牌组为10张及以下，将我方墓地所有信号球牌以外的牌加入牌组并洗切。,https://zhanshuang-prod-minio.janime.cn/card-game-public/2015807117573121/PR-029/8f070a49-8e9b-4a46-9730-cbad83bbd790/PR-029_01.png
2015807127976964,PR-030,里·超刻,PR-推广卡,PR,3,火,2,1,,角色牌,里 / 灰鸦小队·高级,【充能自】：若为《里·超刻》的攻击充能，可以将该牌从处理区放置到墓地并消除【蓝色信号球icon】。若如此做，选择我方手牌1张费用为3及以下的《里·超刻》，将其出场。,https://zhanshuang-prod-minio.janime.cn/card-game-public/2015807117573121/PR-030/bedb5d55-64c5-4340-8980-5f666da42780/PR-030_01.png
2015807127976965,PR-031,七实·芒星之迹,PR-推广卡,PR,4,雷,4,2,,角色牌,七实 / 机械教会,【永】：若我方信号球区的牌为7张以下，只要我方不将手牌1张雷属性的牌以背面表示放置到信号球区最下方，则该牌不能攻击。,https://zhanshuang-prod-minio.janime.cn/card-game-public/2015807117573121/PR-031/398cc3bb-0140-41d9-96ad-1ba3a27b6d8a/PR-031_01.png
2015807127976966,PR-032,倚靠,PR-推广卡,PR,2,物理,,,,战术牌 / 瞬时战术牌,,【瞬时】：该牌只能在自由时点步骤发动。可以将我方战场1张《罗塞塔·凛冽》返回手牌。若如此做，选择我方战场1张《罗塞塔·凛冽》，直到那次攻击结束为止，其PP+1500。,https://zhanshuang-prod-minio.janime.cn/card-game-public/2015807117573121/PR-032/edfa36ef-3d7b-4c22-941f-4f4dbd45bc76/PR-032_01.png
2015856318016512,PR-033,绚烂即兴秀,PR-推广卡,PR,11,冰,,,,战术牌 / 普通战术牌,,若我方费用区的《艾拉·万华》为5张及以上，选择我方费用区最多2张卡牌编号不同的冰属性角色，将其出场。下个对方回合结束时，将其从战场放置到牌组底。,https://zhanshuang-prod-minio.janime.cn/card-game-public/1979091528694784/PR-033/1aafc5c3-1fdf-4c7a-9df6-7b99b3180554/PR-033_01.png
2015807127976968,PR-034,另一人,PR-推广卡,PR,2,雷,,,,战术牌 / 瞬时战术牌,艺术协会,"该牌只能在我方战场存在<艺术协会>时才能使用。
【瞬时】：从以下2项选择1项。
·抽1张牌。
·若该回合中我方已受到的伤害为3及以上，选择对方战场1张攻击中的角色，直到那次攻击结束为止，其不能造成伤害。",https://zhanshuang-prod-minio.janime.cn/card-game-public/2015807117573121/PR-034/5529c4bb-b272-4b50-9abb-842735171777/PR-034_01.png
2015807127976969,PR-035,升格,PR-推广卡,PR,3,暗,,,,战术牌 / 瞬时战术牌,,"该牌只能在我方战场存在<升格者>角色时才能使用。
【瞬时】：选择我方或对方战场1张不为<升格者>的角色，直到下个回合结束为止，其失去原本的卡牌特征，获得<升格者>。",https://zhanshuang-prod-minio.janime.cn/card-game-public/2015807117573121/PR-035/443ed177-aae8-4ec0-9459-857088d01745/PR-035_01.png
1974468968512512,ST01-001,露西亚·红莲,ST01-灰鸦小队预组,R,6,物理,8,2,,角色牌 / 升变角色牌,灰鸦小队 / 露西亚,"升变条件 费用5以下的<露西亚>&「费用上限5及以上」
升变代价【2费】将手牌的该牌重叠在对象上方出场，获得【速攻】
【出】丢弃1张手牌：公开我方牌组顶5张牌，选择其中1张费用为3及以下的<灰鸦小队>角色出场，将剩余的牌按任意顺序放置到牌组底。
【起】消除【2蓝色信号球】：选择我方战场1张角色返回手牌。若如此做，选择我方手牌1张费用为4及以下的<灰鸦小队>角色出场。",https://zhanshuang-prod-minio.janime.cn/card-game-public/1974468952308736/ST01-001/ed8eb9a0-966d-4805-bfd3-ccd333b81c84/ST01-R_ST01-001R.png
1974468968512513,ST01-001,露西亚·红莲,ST01-灰鸦小队预组,R★,6,物理,8,2,,角色牌 / 升变角色牌,灰鸦小队 / 露西亚,"升变条件 费用5以下的<露西亚>&「费用上限5及以上」
升变代价【2费】将手牌的该牌重叠在对象上方出场，获得【速攻】
【出】丢弃1张手牌：公开我方牌组顶5张牌，选择其中1张费用为3及以下的<灰鸦小队>角色出场，将剩余的牌按任意顺序放置到牌组底。
【起】消除【2蓝色信号球】：选择我方战场1张角色返回手牌。若如此做，选择我方手牌1张费用为4及以下的<灰鸦小队>角色出场。",https://zhanshuang-prod-minio.janime.cn/card-game-public/1974468952308736/ST01-001/3981b0dc-48cf-46a8-8db8-1c756776611c/ST01-R_ST01-001R★.png
1974468968512514,ST01-001,露西亚·红莲,ST01-灰鸦小队预组,R★★,6,物理,8,2,,角色牌 / 升变角色牌,灰鸦小队 / 露西亚,"升变条件 费用5以下的<露西亚>&「费用上限5及以上」
升变代价【2费】将手牌的该牌重叠在对象上方出场，获得[速攻icon]
【出】丢弃1张手牌：公开我方牌组顶5张牌，选择其中1张费用为3及以下的<灰鸦小队>角色出场，将剩余的牌按任意顺序放置到牌组底。
【起】消除【2蓝色信号球】：选择我方战场1张角色返回手牌。若如此做，选择我方手牌1张费用为4及以下的<灰鸦小队>角色出场。",https://zhanshuang-prod-minio.janime.cn/card-game-public/1974468952308736/ST01-001/53500c62-fe2e-43ee-8e60-c20cf51ff01d/ST01-R_ST01-001R★★.png
1974468968512515,ST01-002,里·异火,ST01-灰鸦小队预组,R,5,物理,5,2,,角色牌,灰鸦小队 / 里,【出】：可以将我方牌组顶3张牌放置到墓地。若其中有信号球，选择我方战场1张<灰鸦小队>角色，直到回合结束为止，其获得【充能+1】。,https://zhanshuang-prod-minio.janime.cn/card-game-public/1974468952308736/ST01-002/e92f7026-3f88-4d82-966e-952a50f7b53f/ST01-R_ST01-002R.png
1974468968516608,ST01-002,里·异火,ST01-灰鸦小队预组,R★,5,物理,5,2,,角色牌,灰鸦小队 / 里,【出】：可以将我方牌组顶3张牌放置到墓地。若其中有信号球，选择我方战场1张<灰鸦小队>角色，直到回合结束为止，其获得【充能+1】。,https://zhanshuang-prod-minio.janime.cn/card-game-public/1974468952308736/ST01-002/99ee4e55-4fa5-4492-a02b-3b33834203b9/ST01-R_ST01-002R★.png
1974468968516609,ST01-003,丽芙·蚀暗,ST01-灰鸦小队预组,R,5,物理,6,1,,角色牌,灰鸦小队 / 丽芙,【出】：选择我方墓地1张信号球，将其放置到我方信号球区最上方。,https://zhanshuang-prod-minio.janime.cn/card-game-public/1974468952308736/ST01-003/47d7cbdf-deab-43ef-88e0-2ab250ae2b71/ST01-R_ST01-003R.png
1974468968516610,ST01-003,丽芙·蚀暗,ST01-灰鸦小队预组,R★,5,物理,6,1,,角色牌,灰鸦小队 / 丽芙,【出】：选择我方墓地1张信号球，将其放置到我方信号球区最上方。,https://zhanshuang-prod-minio.janime.cn/card-game-public/1974468952308736/ST01-003/80a909bc-422a-41d3-99a7-684ad35acd13/ST01-R_ST01-003R★.png
1974468968516611,ST01-004,露西亚·红莲,ST01-灰鸦小队预组,ST,3,物理,4,2,,角色牌,灰鸦小队 / 露西亚,【永】：【充能0】。,https://zhanshuang-prod-minio.janime.cn/card-game-public/1974468952308736/ST01-004/bd2e48d0-ef71-47a9-a8dc-079b63f11db5/ST01-ST_ST01-004ST.png
1974468968516612,ST01-005,露西亚·红莲,ST01-灰鸦小队预组,ST,4,物理,4,1,,角色牌,灰鸦小队 / 露西亚,【出】：抽1张牌，丢弃1张手牌。,https://zhanshuang-prod-minio.janime.cn/card-game-public/1974468952308736/ST01-005/c7c7e1d1-a4bf-44e8-a572-64e33985a0cc/ST01-ST_ST01-005ST.png
1974468968516613,ST01-006,露西亚·红莲,ST01-灰鸦小队预组,ST,8,物理,11,3,,角色牌,灰鸦小队 / 露西亚,,https://zhanshuang-prod-minio.janime.cn/card-game-public/1974468952308736/ST01-006/d7309104-c17c-4e2c-ba7b-301e22eff3f4/ST01-ST_ST01-006ST.png
1974468968520704,ST01-007,里·异火,ST01-灰鸦小队预组,ST,4,物理,6,2,,角色牌,灰鸦小队 / 里,【永】：【充能0】。,https://zhanshuang-prod-minio.janime.cn/card-game-public/1974468952308736/ST01-007/1c316618-0039-4d32-86b8-0abc66e6d0c5/ST01-ST_ST01-007ST.png
1974468968520705,ST01-008,丽芙·蚀暗,ST01-灰鸦小队预组,ST,3,物理,4,1,,角色牌,灰鸦小队 / 丽芙,,https://zhanshuang-prod-minio.janime.cn/card-game-public/1974468952308736/ST01-008/627e7795-efbb-49c4-b7bc-32fe583a6e47/ST01-ST_ST01-008ST.png
1974468968520706,ST01-009,阿呆蛙与铃铛羊,ST01-灰鸦小队预组,ST,3,物理,,,,战术牌 / 普通战术牌,灰鸦小队,抽1张牌。选择我方战场1张<灰鸦小队>角色，直到回合结束为止，其PP+2000。,https://zhanshuang-prod-minio.janime.cn/card-game-public/1974468952308736/ST01-009/3d481b13-b3ee-4c0a-9444-4098995d903b/ST01-ST_ST01-009ST.png
1974468968520707,ST01-010,灰鸦小队，集合！,ST01-灰鸦小队预组,ST,2,物理,,,,战术牌 / 普通战术牌,灰鸦小队,公开我方牌组顶5张牌，选择其中1张<灰鸦小队>角色加入手牌，将剩余的牌按任意顺序放置到牌组底。,https://zhanshuang-prod-minio.janime.cn/card-game-public/1974468952308736/ST01-010/cb53da2d-09e0-469b-a7a9-3dfb14f25c39/ST01-ST_ST01-010ST.png
1974468968520708,ST01-011,重逢,ST01-灰鸦小队预组,ST,5,物理,,,,战术牌 / 普通战术牌,,"该牌只能在我方战场存在<露西亚>角色时才能使用。
选择对方战场1张PP为8000及以下的角色，将其破坏。",https://zhanshuang-prod-minio.janime.cn/card-game-public/1974468952308736/ST01-011/6200bf5c-84b6-43e7-b5d1-8db16ab6663b/ST01-ST_ST01-011ST.png
1974468968520709,ST01-012,红莲-起手式,ST01-灰鸦小队预组,ST,1,无,,,红,战术牌 / 普通战术牌,信号球·红,"使用后将该牌放置到我方信号球区最上方，抽1张牌。
【充能自】：从以下2项选择1项。
·选择我方战场最多1张角色，直到回合结束为止，其DP+1。
·选择我方战场最多1张角色，直到回合结束为止，其PP+2000。",https://zhanshuang-prod-minio.janime.cn/card-game-public/1974468952308736/ST01-012/a55e0056-0c1f-466a-8309-fb6e238862e1/ST01-ST_ST01-012ST.png
1974468968524800,ST01-013,红莲-波动斩,ST01-灰鸦小队预组,ST,1,无,,,蓝,战术牌 / 普通战术牌,信号球·蓝,"使用后将该牌放置到我方信号球区最上方，抽1张牌。
【充能自】：从以下2项选择1项。
·抽1张牌。
·选择我方战场最多1张角色，直到回合结束为止，其PP+2000。",https://zhanshuang-prod-minio.janime.cn/card-game-public/1974468952308736/ST01-013/71667bb9-6840-499a-ac5b-ea517c7226f9/ST01-ST_ST01-013ST.png
1974468968524801,ST01-014,红莲-闪击,ST01-灰鸦小队预组,ST,1,无,,,黄,战术牌 / 普通战术牌,信号球·黄,"使用后将该牌放置到我方信号球区最上方，抽1张牌。
【充能自】：从以下2项选择1项。
·若我方侵蚀计数不小于对方，我方侵蚀计数-1。
·选择我方战场最多1张角色，直到回合结束为止，其PP+2000。",https://zhanshuang-prod-minio.janime.cn/card-game-public/1974468952308736/ST01-014/17d705b1-9b66-45f5-9c73-5a1ca2fa0e67/ST01-ST_ST01-014ST.png
1974469167758336,ST02-001,露娜·银冕,ST02-升格者小队预组,R,7,暗,9,2,,角色牌 / 升变角色牌,升格者 / 露娜,"升变条件 费用6以下的《露娜·银冕》&「费用上限6及以上」
升变代价【3费】将手牌的该牌重叠在对象上方出场，获得【速攻】
【永】：若我方侵蚀计数为5及以上，我方战场所有<升格者>角色PP+1000。
【起】 【回合1】 消除【2蓝色信号球】：选择我方墓地1张费用为4及以下的<升格者>角色，将其出场。",https://zhanshuang-prod-minio.janime.cn/card-game-public/1974469148847104/ST02-001/68f1506c-7258-4260-9b1e-27cdab40b4c7/ST02-R_ST02-001R.png
1974469167762432,ST02-001,露娜·银冕,ST02-升格者小队预组,R★,7,暗,9,2,,角色牌 / 升变角色牌,升格者 / 露娜,"升变条件 费用6以下的《露娜·银冕》&「费用上限6及以上」
升变代价【3费】将手牌的该牌重叠在对象上方出场，获得【速攻】
【永】：若我方侵蚀计数为5及以上，我方战场所有<升格者>角色PP+1000。
【起】 【回合1】 消除【2蓝色信号球】：选择我方墓地1张费用为4及以下的<升格者>角色，将其出场。",https://zhanshuang-prod-minio.janime.cn/card-game-public/1974469148847104/ST02-001/ef6419b9-2ae8-4942-b566-369b737b1fd3/ST02-R_ST02-001R★.png
1974469167762433,ST02-001,露娜·银冕,ST02-升格者小队预组,R★★,7,暗,9,2,,角色牌 / 升变角色牌,升格者 / 露娜,"升变条件 费用6以下的《露娜·银冕》&「费用上限6及以上」
升变代价【3费】将手牌的该牌重叠在对象上方出场，获得【速攻】
【永】：若我方侵蚀计数为5及以上，我方战场所有<升格者>角色PP+1000。
【起】 【回合1】 消除【2蓝色信号球】：选择我方墓地1张费用为4及以下的<升格者>角色，将其出场。",https://zhanshuang-prod-minio.janime.cn/card-game-public/1974469148847104/ST02-001/becf457b-e11f-4933-8672-ed2cf08d3052/ST02-R_ST02-001R★★.png
1974469167766530,ST02-002,露娜·银冕,ST02-升格者小队预组,ST,8,暗,11,3,,角色牌,升格者 / 露娜,,https://zhanshuang-prod-minio.janime.cn/card-game-public/1974469148847104/ST02-002/a2777811-82a2-403d-9bc3-514d1e250ec6/ST02-ST_ST02-002ST.png
1974469167766531,ST02-003,露娜·银冕,ST02-升格者小队预组,ST,5,暗,6,2,,角色牌,升格者 / 露娜,【出】丢弃1张手牌：公开我方牌组顶3张牌，选择其中1张<升格者>角色加入手牌，将剩余的牌放置到墓地。,https://zhanshuang-prod-minio.janime.cn/card-game-public/1974469148847104/ST02-003/43f7b06b-fecc-4330-ae0e-f868d86f7fb3/ST02-ST_ST02-003ST.png
1974469167766532,ST02-004,露娜·银冕,ST02-升格者小队预组,ST,3,暗,2,2,,角色牌,升格者 / 露娜,"【永】：【充能0】。
【永】：若我方墓地的牌为10张及以上，该牌PP+1500。",https://zhanshuang-prod-minio.janime.cn/card-game-public/1974469148847104/ST02-004/2dee485c-6b13-4cc7-92f6-3b3fe2a5258b/ST02-ST_ST02-004ST.png
1974469167766533,ST02-005,露娜·银冕,ST02-升格者小队预组,ST,3,暗,4,1,,角色牌,升格者 / 露娜,,https://zhanshuang-prod-minio.janime.cn/card-game-public/1974469148847104/ST02-005/778115ec-dd0b-40da-a99a-9593f55c5ae0/ST02-ST_ST02-005ST.png
1974469167770624,ST02-006,露娜·银冕,ST02-升格者小队预组,ST,6,物理,7,2,,角色牌,升格者 / 露娜,"【永】：若我方的侵蚀计数为4及以上，该牌PP+1000。
【出】：将我方信号球区的牌按任意顺序排列。",https://zhanshuang-prod-minio.janime.cn/card-game-public/1974469148847104/ST02-006/d6691370-0225-4053-819f-a989882da859/ST02-ST_ST02-006ST.png
1974469167770625,ST02-007,不明构造体α,ST02-升格者小队预组,ST,4,物理,4,1,,角色牌,阿尔法 / 升格者,【出】 丢弃1张手牌：选择我方墓地1张<升格者>角色，将其加入手牌。,https://zhanshuang-prod-minio.janime.cn/card-game-public/1974469148847104/ST02-007/ad14d7ec-94db-461d-9b42-55743e015a74/ST02-ST_ST02-007ST.png
1974469167770626,ST02-008,苦刑之女,ST02-升格者小队预组,ST,6,物理,6,2,,角色牌,帕弥什,"【永】：若我方战场存在<升格者>角色，该牌PP+1000。
【起】【回合1】消除【任意信号球】：可以将我方侵蚀计数+1。若如此做，直到回合结束为止，该牌DP+1。",https://zhanshuang-prod-minio.janime.cn/card-game-public/1974469148847104/ST02-008/5f3fe187-0117-453d-8761-211c6c47dcff/ST02-ST_ST02-008ST.png
1974469167770627,ST02-009,奥兹玛,ST02-升格者小队预组,ST,4,暗,12,,,道具牌 / 装备牌,增幅器,"（使用后可在主要阶段放置在装备角色下方，每张角色只能装备1张装备）
【永】：若装备角色为《露娜·银冕》，则其获得“【自】：该牌攻击时，可以消除2同色信号球。若如此做，选择对方战场1张角色，直到回合结束为止，其PP-4000。”",https://zhanshuang-prod-minio.janime.cn/card-game-public/1974469148847104/ST02-009/7827481c-223e-49af-9ccc-d7e9e9773438/ST02-ST_ST02-009ST.png
1974469167762434,ST02-010,刹那制裁,ST02-升格者小队预组,R,5,暗,,,,战术牌 / 普通战术牌,,"该牌只能在我方战场存在《露娜·银冕》时才能使用。
选择对方战场1张角色，直到回合结束为止，我方侵蚀计数每有1，其PP-2000。（PP为0及以下的角色会因规则而破坏）",https://zhanshuang-prod-minio.janime.cn/card-game-public/1974469148847104/ST02-010/611da34f-bb8d-4504-a9e2-be64775e09ed/ST02-R_ST02-010R.png
1974469167762435,ST02-010,刹那制裁,ST02-升格者小队预组,R★,5,暗,,,,战术牌 / 普通战术牌,,"该牌只能在我方战场存在《露娜·银冕》时才能使用。
选择对方战场1张角色，直到回合结束为止，我方侵蚀计数每有1，其PP-2000。（PP为0及以下的角色会因规则而破坏）",https://zhanshuang-prod-minio.janime.cn/card-game-public/1974469148847104/ST02-010/080a1dc6-12ff-4dad-ad0d-3322356fb75e/ST02-R_ST02-010R★.png
1974469167766528,ST02-011,筛选开始,ST02-升格者小队预组,R,3,暗,,,,战术牌 / 瞬时战术牌,,"该牌只能在我方战场存在《露娜·银冕》时才能使用。
【瞬时】：我方玩家被攻击时才能发动。选择我方墓地1张费用为3及以下的<升格者>角色，将其出场。若我方侵蚀计数为4及以下，则其获得“【自】：该回合结束时，将该牌放置到墓地。”",https://zhanshuang-prod-minio.janime.cn/card-game-public/1974469148847104/ST02-011/9863cd17-357f-4edd-926a-fed898e61be5/ST02-R_ST02-011R.png
1974469167766529,ST02-011,筛选开始,ST02-升格者小队预组,R★,3,暗,,,,战术牌 / 瞬时战术牌,,"该牌只能在我方战场存在《露娜·银冕》时才能使用。
【瞬时】：我方玩家被攻击时才能发动。选择我方墓地1张费用为3及以下的<升格者>角色，将其出场。若我方侵蚀计数为4及以下，则其获得“【自】：该回合结束时，将该牌放置到墓地。”",https://zhanshuang-prod-minio.janime.cn/card-game-public/1974469148847104/ST02-011/e1ebf0d3-a365-45ee-896c-535859115c0b/ST02-R_ST02-011R★.png
1974469167770628,ST02-012,涡旋极星,ST02-升格者小队预组,ST,1,无,,,红,战术牌 / 普通战术牌,信号球·红,"使用后将该牌放置到我方信号球区最上方，抽1张牌。
【充能自】：从以下2项选择1项。
·选择我方战场最多1张角色，直到回合结束为止，其DP+1。
·选择我方战场最多1张角色，直到回合结束为止，其PP+2000。",https://zhanshuang-prod-minio.janime.cn/card-game-public/1974469148847104/ST02-012/972d0a50-2a48-46e6-9f07-fce51e4e2eff/ST02-ST_ST02-012ST.png
1974469167770629,ST02-013,南十字星,ST02-升格者小队预组,ST,1,无,,,蓝,战术牌 / 普通战术牌,信号球·蓝,"使用后将该牌放置到我方信号球区最上方，抽1张牌。
【充能自】：从以下2项选择1项。
·抽1张牌。
·选择我方战场最多1张角色，直到回合结束为止，其PP+2000。",https://zhanshuang-prod-minio.janime.cn/card-game-public/1974469148847104/ST02-013/711fdbb3-db78-4976-a061-9ca41b622d20/ST02-ST_ST02-013ST.png
1974469167774720,ST02-014,苦难咫尺,ST02-升格者小队预组,ST,1,无,,,黄,战术牌 / 普通战术牌,信号球·黄,"使用后将该牌放置到我方信号球区最上方，抽1张牌。
【充能自】：从以下2项选择1项。
·若我方侵蚀计数不小于对方，我方侵蚀计数-1。
·选择我方战场最多1张角色，直到回合结束为止，其PP+2000。",https://zhanshuang-prod-minio.janime.cn/card-game-public/1974469148847104/ST02-014/db553551-5840-48e7-8c64-92adea43244a/ST02-ST_ST02-014ST.png
1974469348113408,ST03-001,薇拉·瑰丽,ST03-三头犬小队预组,R,9,暗,10,2,,角色牌 / 升变角色牌,三头犬小队 / 薇拉,"升变条件 费用8以下的<薇拉>&「费用上限8及以上」
升变代价【3费】将手牌的该牌重叠在对象上方出场，获得【速攻】
【出】消除2同色信号球：选择我方战场1张<三头犬小队>角色，将其竖直。直到回合结束为止，我方战场所有<三头犬小队>角色PP+2000。",https://zhanshuang-prod-minio.janime.cn/card-game-public/1974469332462592/ST03-001/1471f225-d9c3-4048-90bc-7aa4ac443d4d/ST03-R_ST03-001R.png
1974469348117504,ST03-001,薇拉·瑰丽,ST03-三头犬小队预组,R★,9,暗,10,2,,角色牌 / 升变角色牌,三头犬小队 / 薇拉,"升变条件 费用8以下的<薇拉>&「费用上限8及以上」
升变代价【3费】将手牌的该牌重叠在对象上方出场，获得【速攻】
【出】消除2同色信号球：选择我方战场1张<三头犬小队>角色，将其竖直。直到回合结束为止，我方战场所有<三头犬小队>角色PP+2000。",https://zhanshuang-prod-minio.janime.cn/card-game-public/1974469332462592/ST03-001/14adc4b4-dbae-4d55-899b-28f2b853e841/ST03-R_ST03-001R★.png
1974469348117505,ST03-001,薇拉·瑰丽,ST03-三头犬小队预组,R★★,9,暗,10,2,,角色牌 / 升变角色牌,三头犬小队 / 薇拉,"升变条件 费用8以下的<薇拉>&「费用上限8及以上」
升变代价【3费】将手牌的该牌重叠在对象上方出场，获得【速攻】
【出】消除2同色信号球：选择我方战场1张<三头犬小队>角色，将其竖直。直到回合结束为止，我方战场所有<三头犬小队>角色PP+2000。",https://zhanshuang-prod-minio.janime.cn/card-game-public/1974469332462592/ST03-001/024bbf0e-51b0-4a03-b7eb-2174adc397f8/ST03-R_ST03-001R★★.png
1974469348117506,ST03-002,薇拉·瑰丽,ST03-三头犬小队预组,R,6,暗,6,2,,角色牌,三头犬小队 / 薇拉,"【永】：对方回合中，我方战场所有横置状态的<三头犬小队>角色PP+1000。
【起】 横置该牌：直到回合结束为止，我方使用的下1张<三头犬小队>角色的费用-2（不包含升变费用）。",https://zhanshuang-prod-minio.janime.cn/card-game-public/1974469332462592/ST03-002/7ab74dcc-b149-4dfa-b053-1cfa23d21a36/ST03-R_ST03-002R.png
1974469348117507,ST03-002,薇拉·瑰丽,ST03-三头犬小队预组,R★,6,暗,6,2,,角色牌,三头犬小队 / 薇拉,"【永】：对方回合中，我方战场所有横置状态的<三头犬小队>角色PP+1000。
【起】横置该牌：直到回合结束为止，我方使用的下1张<三头犬小队>角色的费用-2（不包含升变费用）。",https://zhanshuang-prod-minio.janime.cn/card-game-public/1974469332462592/ST03-002/3eaf1375-0366-488e-9e25-cd6feb3d4851/ST03-R_ST03-002R★.png
1974469348121601,ST03-003,薇拉·瑰丽,ST03-三头犬小队预组,ST,5,暗,6,2,,角色牌,三头犬小队 / 薇拉,【出】消除【任意信号球】或丢弃1张手牌：公开我方牌组顶5张牌。选择其中最多1张<21号>和最多1张<诺克提>加入手牌，将剩余的牌放置到墓地。,https://zhanshuang-prod-minio.janime.cn/card-game-public/1974469332462592/ST03-003/92973e3f-de89-4e85-8a62-576de24bab63/ST03-ST_ST03-003ST.png
1974469348121602,ST03-004,薇拉·瑰丽,ST03-三头犬小队预组,ST,3,物理,3,1,,角色牌,三头犬小队 / 薇拉,【永】：对方回合中，横置状态的该牌PP+1000。,https://zhanshuang-prod-minio.janime.cn/card-game-public/1974469332462592/ST03-004/d17c8850-f8fe-4386-ba93-882d2d933329/ST03-ST_ST03-004ST.png
1974469348121603,ST03-005,薇拉·瑰丽,ST03-三头犬小队预组,ST,3,物理,4,2,,角色牌,三头犬小队 / 薇拉,【永】：【充能0】。,https://zhanshuang-prod-minio.janime.cn/card-game-public/1974469332462592/ST03-005/bd93613d-10e4-49ea-9c03-12cff7095cd0/ST03-ST_ST03-005ST.png
1974469348121604,ST03-006,21号·XXI,ST03-三头犬小队预组,ST,3,暗,2,1,,角色牌,21号 / 三头犬小队,【出】丢弃1张手牌：若我方战场的<三头犬小队>角色为3张及以上，选择我方墓地1张信号球，将其放置到我方信号球区最上方。,https://zhanshuang-prod-minio.janime.cn/card-game-public/1974469332462592/ST03-006/690f48b6-b98b-4d06-97e3-c2231b1b5857/ST03-ST_ST03-006ST.png
1974469348121605,ST03-007,21号·XXI,ST03-三头犬小队预组,ST,4,暗,6,2,,角色牌,21号 / 三头犬小队,【永】：【充能0】。,https://zhanshuang-prod-minio.janime.cn/card-game-public/1974469332462592/ST03-007/ac77aefa-c603-4784-96d1-5d80a6d6c20d/ST03-ST_ST03-007ST.png
1974469348117508,ST03-008,21号·XXI,ST03-三头犬小队预组,R,4,暗,3,1,,角色牌,21号 / 三头犬小队,【起】横置该牌：直到回合结束为止，我方使用的下1张<薇拉>角色的费用-1。,https://zhanshuang-prod-minio.janime.cn/card-game-public/1974469332462592/ST03-008/e8440f16-97bf-4d7d-8a0f-ce9ba35ea4af/ST03-R_ST03-008R.png
1974469348121600,ST03-008,21号·XXI,ST03-三头犬小队预组,R★,4,暗,3,1,,角色牌,21号 / 三头犬小队,【起】横置该牌：直到回合结束为止，我方使用的下1张<薇拉>角色的费用-1。,https://zhanshuang-prod-minio.janime.cn/card-game-public/1974469332462592/ST03-008/659a0718-fed3-4f68-8468-0e46b5573efa/ST03-R_ST03-008R★.png
1974469348125696,ST03-009,可靠的伙伴 21号&诺克提,ST03-三头犬小队预组,ST,6,物理,8,2,,角色牌,21号 / 诺克提 / 三头犬小队,【自】 ：我方1张《薇拉·瑰丽》出场时，可以消除【2红色信号球】。若如此做，将该牌竖直。直到回合结束为止，该牌PP+2000，DP-1。,https://zhanshuang-prod-minio.janime.cn/card-game-public/1974469332462592/ST03-009/62f23932-a599-488d-b28e-eaad80826127/ST03-ST_ST03-009ST.png
1974469348125697,ST03-010,暗域力场,ST03-三头犬小队预组,ST,4,暗,,,,战术牌 / 普通战术牌,,抽2张牌。直到下个回合结束为止，我方战场所有横置状态的<三头犬小队>角色PP+1000。,https://zhanshuang-prod-minio.janime.cn/card-game-public/1974469332462592/ST03-010/4d7071d3-5f28-4b9f-bdbd-7a138623a1d7/ST03-ST_ST03-010ST.png
1974469348125698,ST03-011,三头犬出击,ST03-三头犬小队预组,ST,9,物理,,,,战术牌 / 普通战术牌,三头犬小队,"【永】：我方战场每有1张<三头犬小队>角色，手牌的该牌的费用-1。
选择对方战场1张角色，将其破坏。",https://zhanshuang-prod-minio.janime.cn/card-game-public/1974469332462592/ST03-011/0ca785d5-e04b-415b-9a05-cef8528c0041/ST03-ST_ST03-011ST.png
1974469348125699,ST03-012,猩红连斩,ST03-三头犬小队预组,ST,1,无,,,红,战术牌 / 普通战术牌,信号球·红,"使用后将该牌放置到我方信号球区最上方，抽1张牌。
【充能自】：从以下2项选择1项。
·选择我方战场最多1张角色，直到回合结束为止，其DP+1。
·选择我方战场最多1张角色，直到回合结束为止，其PP+2000。",https://zhanshuang-prod-minio.janime.cn/card-game-public/1974469332462592/ST03-012/c72c9601-f67b-435a-a3a6-b3b2966306b9/ST03-ST_ST03-012ST.png
1974469348125700,ST03-013,侵蚀烙印,ST03-三头犬小队预组,ST,1,无,,,蓝,战术牌 / 普通战术牌,信号球·蓝,"使用后将该牌放置到我方信号球区最上方，抽1张牌。
【充能自】：从以下2项选择1项。
·抽1张牌。
·选择我方战场最多1张角色，直到回合结束为止，其PP+2000。",https://zhanshuang-prod-minio.janime.cn/card-game-public/1974469332462592/ST03-013/a7255ce8-4f3a-4313-b457-9573150101f3/ST03-ST_ST03-013ST.png
1974469348125701,ST03-014,赤影突击,ST03-三头犬小队预组,ST,1,无,,,黄,战术牌 / 普通战术牌,信号球·黄,"使用后将该牌放置到我方信号球区最上方，抽1张牌。
【充能自】：从以下2项选择1项。
·若我方侵蚀计数不小于对方，我方侵蚀计数-1。
·选择我方战场最多1张角色，直到回合结束为止，其PP+2000。",https://zhanshuang-prod-minio.janime.cn/card-game-public/1974469332462592/ST03-014/0f3ba964-85d8-41ea-99bc-c73a43c596f8/ST03-ST_ST03-014ST.png
1974470533622784,ST04-001,荣光护盾,ST04-突击鹰小队预组,R,3,冰,,,,战术牌 / 瞬时战术牌,突击鹰小队,"该牌只能在对方回合使用。
【瞬时】：选择我方战场1张<突击鹰小队>角色，将其竖直。直到回合结束为止，其PP+1000，获得“【自】【回合1】：该牌阻挡的攻击结束时，可以消除【2任意信号球】。若如此做，将攻击角色破坏”。",https://zhanshuang-prod-minio.janime.cn/card-game-public/1974470507645952/ST04-001/fd1b0cf5-3685-4bd5-b09d-bf6149245d57/ST04-R_ST04-001R.png
1974470533626880,ST04-001,荣光护盾,ST04-突击鹰小队预组,R★,3,冰,,,,战术牌 / 瞬时战术牌,突击鹰小队,"该牌只能在对方回合使用。
【瞬时】：选择我方战场1张<突击鹰小队>角色，将其竖直。直到回合结束为止，其PP+1000，获得“【自】【回合1】：该牌阻挡的攻击结束时，可以消除【2任意信号球】。若如此做，将攻击角色破坏”。",https://zhanshuang-prod-minio.janime.cn/card-game-public/1974470507645952/ST04-001/ceba1cc0-7cfd-486a-8872-845bc260d603/ST04-R_ST04-001R★.png
1974470533630976,ST04-002,库洛姆·荣光,ST04-突击鹰小队预组,ST,9,冰,11,2,,角色牌,,"【出】：选择我方墓地１张《荣光护盾》，将其加入手牌。
【自】【回合1】：该牌阻挡的攻击结束时，可以消除2同色信号球。若如此做，将攻击角色破坏。",https://zhanshuang-prod-minio.janime.cn/card-game-public/1974470507645952/ST04-002/51da921d-c628-481d-8dc5-efdce38cd28d/ST04-ST_ST04-002ST.png
1974470533626881,ST04-003,库洛姆·荣光,ST04-突击鹰小队预组,R,9,冰,10,2,,角色牌 / 升变角色牌,库洛姆 / 突击鹰小队,"升变条件 费用8以下的<库洛姆>&「费用上限8及以上」
升变代价【3费】将手牌的该牌重叠在对象上方出场，获得【速攻】
【出】：公开我方牌组顶7张牌，选择其中最多1张《荣光护盾》加入手牌，将剩余的牌加入牌组并洗切。
【自】：我方回合结束时，将该牌从战场放置到牌组底，选择我方墓地1张费用为8及以下的<突击鹰小队>角色，将其出场。",https://zhanshuang-prod-minio.janime.cn/card-game-public/1974470507645952/ST04-003/0810d564-8125-4665-9d2e-1881c5935b7b/ST04-R_ST04-003R.png
1974470533626882,ST04-003,库洛姆·荣光,ST04-突击鹰小队预组,R★,9,冰,10,2,,角色牌 / 升变角色牌,库洛姆 / 突击鹰小队,"升变条件 费用8以下的<库洛姆>&「费用上限8及以上」
升变代价【3费】将手牌的该牌重叠在对象上方出场，获得【速攻】
【出】：公开我方牌组顶7张牌，选择其中最多1张《荣光护盾》加入手牌，将剩余的牌加入牌组并洗切。
【自】：我方回合结束时，将该牌从战场放置到牌组底，选择我方墓地1张费用为8及以下的<突击鹰小队>角色，将其出场。",https://zhanshuang-prod-minio.janime.cn/card-game-public/1974470507645952/ST04-003/22e6816d-3249-4691-9ab5-e1ad179644c2/ST04-R_ST04-003R★.png
1974470533630977,ST04-004,库洛姆·荣光,ST04-突击鹰小队预组,ST,5,冰,6,2,,角色牌,,【出】：选择我方战场其他1张<突击鹰小队>角色，直到下个回合结束为止，其PP+1000。,https://zhanshuang-prod-minio.janime.cn/card-game-public/1974470507645952/ST04-004/ca9ff6a7-6e44-4c35-b44f-ebdb16d78f4c/ST04-ST_ST04-004ST.png
1974470533630978,ST04-005,库洛姆·荣光,ST04-突击鹰小队预组,ST,4,冰,6,2,,角色牌,,【永】：【充能0】。,https://zhanshuang-prod-minio.janime.cn/card-game-public/1974470507645952/ST04-005/003f8cff-4ec7-46b0-83ce-9bf7bc4d5f0c/ST04-ST_ST04-005ST.png
1974470533630979,ST04-006,库洛姆·荣光,ST04-突击鹰小队预组,ST,4,冰,6,1,,角色牌,,,https://zhanshuang-prod-minio.janime.cn/card-game-public/1974470507645952/ST04-006/48be58ed-d5f3-4a85-897c-0d9027a37693/ST04-ST_ST04-006ST.png
1974470533630980,ST04-007,神威·重能,ST04-突击鹰小队预组,ST,3,物理,2,1,,角色牌,,【起】横置该牌：公开我方牌组顶5张牌，选择1张<突击鹰小队>加入手牌，将剩余的牌按任意顺序放置到牌组底。那之后，丢弃1张手牌。,https://zhanshuang-prod-minio.janime.cn/card-game-public/1974470507645952/ST04-007/84aed053-432a-4752-86d9-a3c259f19894/ST04-ST_ST04-007ST.png
1974470533630981,ST04-008,卡穆·狂犬,ST04-突击鹰小队预组,ST,3,暗,4,1,,角色牌,,【永】：若我方战场存在<突击鹰小队>角色，该牌可以无视属性条件使用。,https://zhanshuang-prod-minio.janime.cn/card-game-public/1974470507645952/ST04-008/b9a695bd-a745-422a-869c-ead9cbbadad7/ST04-ST_ST04-008ST.png
1974470533635072,ST04-009,万事·明觉,ST04-突击鹰小队预组,ST,7,冰,8,2,,角色牌,,【自】：我方回合结束时，若我方战场存在<库洛姆>角色，则选择我方费用区最多2张牌，将其竖直。,https://zhanshuang-prod-minio.janime.cn/card-game-public/1974470507645952/ST04-009/67c0394f-ec37-4ec1-b32e-e664cdf095af/ST04-ST_ST04-009ST.png
1974470533635073,ST04-010,阿波罗,ST04-突击鹰小队预组,ST,3,冰,12,,,道具牌 / 装备牌,铳刃,"（使用后可在主要阶段放置在装备角色下方，每张角色只能装备1张装备）
【自】【回合1】：我方战场1张<突击鹰小队>角色阻挡时，抽1张牌。",https://zhanshuang-prod-minio.janime.cn/card-game-public/1974470507645952/ST04-010/13400df4-9081-479a-8af4-dc2d939094b0/ST04-ST_ST04-010ST.png
1974470533626883,ST04-011,先锋者,ST04-突击鹰小队预组,R,3,冰,,,,战术牌 / 普通战术牌,,"该牌只能在我方战场存在<库洛姆>角色时才能使用。
选择对方战场1张费用为4及以下的角色，将其横置。",https://zhanshuang-prod-minio.janime.cn/card-game-public/1974470507645952/ST04-011/e3e5c0e7-df63-49ca-b0f6-65b20cce2630/ST04-R_ST04-011R.png
1974470533626884,ST04-011,先锋者,ST04-突击鹰小队预组,R★,3,冰,,,,战术牌 / 普通战术牌,,"该牌只能在我方战场存在<库洛姆>角色时才能使用。
选择对方战场1张费用为4及以下的角色，将其横置。",https://zhanshuang-prod-minio.janime.cn/card-game-public/1974470507645952/ST04-011/7143812f-85bd-45b7-8968-84b9ed504cae/ST04-R_ST04-011R.png
1974470533626885,ST04-011,先锋者,ST04-突击鹰小队预组,R★★,3,冰,,,,战术牌 / 普通战术牌,,"该牌只能在我方战场存在<库洛姆>角色时才能使用。
选择对方战场1张费用为4及以下的角色，将其横置。",https://zhanshuang-prod-minio.janime.cn/card-game-public/1974470507645952/ST04-011/2ebfacd7-a677-498f-a885-7ee398a4d350/ST04-R_ST04-011R★★金.png
1974470533635074,ST04-012,逆源极光,ST04-突击鹰小队预组,ST,1,无,,,红,战术牌 / 普通战术牌,信号球·红,"使用后将该牌放置到我方信号球区最上方，抽1张牌。
【充能自】：从以下2项选择1项。
·选择我方战场最多1张角色，直到回合结束为止，其DP+1。
·选择我方战场最多1张角色，直到回合结束为止，其PP+2000。",https://zhanshuang-prod-minio.janime.cn/card-game-public/1974470507645952/ST04-012/51dcf952-1e4b-4b49-a1a4-0aab99999166/ST04-ST_ST04-012ST.png
1974470533635075,ST04-013,暴冰亟斩,ST04-突击鹰小队预组,ST,1,无,,,蓝,战术牌 / 普通战术牌,信号球·蓝,"使用后将该牌放置到我方信号球区最上方，抽1张牌。
【充能自】：从以下2项选择1项。
·抽1张牌。
·选择我方战场最多1张角色，直到回合结束为止，其PP+2000。",https://zhanshuang-prod-minio.janime.cn/card-game-public/1974470507645952/ST04-013/44e4ef13-0c7c-49cd-8ee0-37bafd41dce2/ST04-ST_ST04-013ST.png
1974470533635076,ST04-014,冰澈引流,ST04-突击鹰小队预组,ST,1,无,,,黄,战术牌 / 普通战术牌,信号球·黄,"使用后将该牌放置到我方信号球区最上方，抽1张牌。
【充能自】：从以下2项选择1项。
·若我方侵蚀计数不小于对方，我方侵蚀计数-1。
·选择我方战场最多1张角色，直到回合结束为止，其PP+2000。",https://zhanshuang-prod-minio.janime.cn/card-game-public/1974470507645952/ST04-014/c8a05012-0ce7-4090-89a9-15c8815735c8/ST04-ST_ST04-014ST.png
1974471413840896,ST05-001,比安卡·晖暮,ST05-比安卡·晖暮预组,R,7,暗,15,2,,角色牌,比安卡 / 清理部队,"晖【自】：该牌攻击时，选择对方战场1张角色，可以消除【2任意信号球】。若如此做，直到回合结束为止，其PP-4000。（晖形态能力在我方信号球区最下方的牌的费用为奇数时有效）
暮【出】：直到回合结束为止，该牌可以攻击对方玩家。（暮形态能力在我方信号球区最下方的牌的费用为偶数时有效）",https://zhanshuang-prod-minio.janime.cn/card-game-public/1974471389576192/ST05-001/c8e2651a-a401-48ef-92fd-3895f2010c68/ST05-ST_ST05-001R.png
1974471413840897,ST05-001,比安卡·晖暮,ST05-比安卡·晖暮预组,R★,7,暗,15,2,,角色牌,比安卡 / 清理部队,"晖【自】：该牌攻击时，选择对方战场1张角色，可以消除【2任意信号球】。若如此做，直到回合结束为止，其PP-4000。（晖形态能力在我方信号球区最下方的牌的费用为奇数时有效）
暮【出】：直到回合结束为止，该牌可以攻击对方玩家。（暮形态能力在我方信号球区最下方的牌的费用为偶数时有效）",https://zhanshuang-prod-minio.janime.cn/card-game-public/1974471389576192/ST05-001/30222f3a-9172-4474-870d-9f4f73ab4fee/ST05-ST_ST05-001R★.png
1974471413844992,ST05-001,比安卡·晖暮,ST05-比安卡·晖暮预组,R★★,7,暗,15,2,,角色牌,比安卡 / 清理部队,"晖【自】：该牌攻击时，选择对方战场1张角色，可以消除【2任意信号球】。若如此做，直到回合结束为止，其PP-4000。（晖形态能力在我方信号球区最下方的牌的费用为奇数时有效）
暮【出】：直到回合结束为止，该牌可以攻击对方玩家。（暮形态能力在我方信号球区最下方的牌的费用为偶数时有效）",https://zhanshuang-prod-minio.janime.cn/card-game-public/1974471389576192/ST05-001/d14e2aff-b1af-43ca-b175-36a359529bbf/ST05-ST_ST05-001R★★.png
1974471413844993,ST05-002,比安卡·晖暮,ST05-比安卡·晖暮预组,R,6,暗,8,2,,角色牌,比安卡 / 清理部队,"晖【出】：选择我方墓地1张费用为4及以下的《比安卡·晖暮》，将其以横置状态出场。（晖形态能力在我方信号球区最下方的牌的费用为奇数时有效）
暮【出】：抽1张牌。（暮形态能力在我方信号球区最下方的牌的费用为偶数时有效）",https://zhanshuang-prod-minio.janime.cn/card-game-public/1974471389576192/ST05-002/0436f5bb-e9a8-4567-bf3d-f527e90a9d02/ST05-ST_ST05-002R.png
1974471413844994,ST05-002,比安卡·晖暮,ST05-比安卡·晖暮预组,R★,6,暗,8,2,,角色牌,比安卡 / 清理部队,"晖【出】：选择我方墓地1张费用为4及以下的《比安卡·晖暮》，将其以横置状态出场。（晖形态能力在我方信号球区最下方的牌的费用为奇数时有效）
暮【出】：抽1张牌。（暮形态能力在我方信号球区最下方的牌的费用为偶数时有效）",https://zhanshuang-prod-minio.janime.cn/card-game-public/1974471389576192/ST05-002/2f1a3d7c-940a-4efa-a1d7-c8975a9e5b28/ST05-ST_ST05-002R★.png
1974471413844995,ST05-003,比安卡·晖暮,ST05-比安卡·晖暮预组,R,6,暗,8,2,,角色牌,比安卡 / 清理部队,"晖【永】：【速攻】。（晖形态能力在我方信号球区最下方的牌的费用为奇数时有效）
暮【永】：该牌PP+500。（暮形态能力在我方信号球区最下方的牌的费用为偶数时有效）",https://zhanshuang-prod-minio.janime.cn/card-game-public/1974471389576192/ST05-003/173eeb49-60bc-4672-a111-34d8ca95799f/ST05-ST_ST05-003R.png
1974471413844996,ST05-003,比安卡·晖暮,ST05-比安卡·晖暮预组,R★,6,暗,8,2,,角色牌,比安卡 / 清理部队,"晖【永】：【速攻】。（晖形态能力在我方信号球区最下方的牌的费用为奇数时有效）
暮【永】：该牌PP+500。（暮形态能力在我方信号球区最下方的牌的费用为偶数时有效）",https://zhanshuang-prod-minio.janime.cn/card-game-public/1974471389576192/ST05-003/93d72f86-766d-4b4e-a9b1-b436ae6e7f0b/ST05-ST_ST05-003R★.png
1974471413844997,ST05-004,比安卡·晖暮,ST05-比安卡·晖暮预组,ST,5,暗,6,2,,角色牌,比安卡 / 清理部队,【自】：该牌攻击时，可以公开我方牌组顶4张牌。若如此做，选择其中最多1张《比安卡·晖暮》放置到我方信号球区最下方，将剩余的牌按任意顺序放置到牌组底。该回合结束时，将因此方法放置到信号球区最下方的牌放置到墓地。,https://zhanshuang-prod-minio.janime.cn/card-game-public/1974471389576192/ST05-004/22d824e0-0e7d-4826-8fc3-784f9612d329/ST05-ST_ST05-004ST.png
1974471413849088,ST05-005,比安卡·晖暮,ST05-比安卡·晖暮预组,ST,4,暗,4,1,,角色牌,比安卡 / 清理部队,【出】：可以将我方手牌1张暗属性的牌放置到我方信号球区最下方。若如此做，抽1张牌。该回合结束时，将因此方法放置到信号球区最下方的牌放置到墓地。,https://zhanshuang-prod-minio.janime.cn/card-game-public/1974471389576192/ST05-005/02f30f65-6770-4479-9767-f2ed42ec568d/ST05-ST_ST05-005ST.png
1974471413849089,ST05-006,比安卡·晖暮,ST05-比安卡·晖暮预组,ST,4,暗,6,2,,角色牌,比安卡 / 清理部队,【永】：【充能0】。,https://zhanshuang-prod-minio.janime.cn/card-game-public/1974471389576192/ST05-006/7e01c916-4b00-4cf2-94bf-9727485a5c95/ST05-ST_ST05-006ST.png
1974471413849090,ST05-007,比安卡·晖暮,ST05-比安卡·晖暮预组,ST,3,暗,2,1,,角色牌,比安卡 / 清理部队,【起】横置该牌&丢弃1张手牌：选择我方墓地1张《比安卡·晖暮》，将其放置到我方信号球区最下方。该回合结束时，将因此方法放置到信号球区最下方的牌放置到墓地。,https://zhanshuang-prod-minio.janime.cn/card-game-public/1974471389576192/ST05-007/af2daec7-8636-4239-9924-5246ea33a44b/ST05-ST_ST05-007ST.png
1974471413849091,ST05-008,奥罗拉,ST05-比安卡·晖暮预组,ST,3,暗,12,,,道具牌 / 装备牌,蛇腹剑,"（使用后可在主要阶段放置在装备角色下方，每张角色只能装备1张装备）
【自】【回合1】：装备该牌的《比安卡·晖暮》攻击时，可以将我方手牌1张暗属性的牌放置到我方信号球区最下方。若如此做，抽1张牌。该回合结束时，将因此方法放置到信号球区最下方的牌放置到墓地。",https://zhanshuang-prod-minio.janime.cn/card-game-public/1974471389576192/ST05-008/166890ba-6634-42af-aed5-d76ba0e83089/ST05-ST_ST05-008ST.png
1974471413849092,ST05-009,终末祷词,ST05-比安卡·晖暮预组,ST,7,暗,,,,战术牌 / 普通战术牌,,"该牌只能在我方费用区的《比安卡·晖暮》为3张及以上时才能使用。
选择对方战场1张角色，直到回合结束为止，其PP-6000。
晖 手牌的该牌的费用-3。（晖形态能力在我方信号球区最下方的牌的费用为奇数时有效）
暮 追加选择对方战场1张角色，直到回合结束为止，其PP-3000。（暮形态能力在我方信号球区最下方的牌的费用为偶数时有效）",https://zhanshuang-prod-minio.janime.cn/card-game-public/1974471389576192/ST05-009/904e22a3-8a4e-4cf3-9285-927322bec138/ST05-ST_ST05-009ST.png
1974471413849093,ST05-010,晦明戒律,ST05-比安卡·晖暮预组,ST,2,暗,,,,战术牌 / 瞬时战术牌,,"【瞬时】：从以下2项选择1项。若我方信号球区最下方的牌的费用为奇数，改为选择最多2项。
·抽1张牌。
·选择我方战场1张《比安卡·晖暮》，直到回合结束为止，其PP+1000。",https://zhanshuang-prod-minio.janime.cn/card-game-public/1974471389576192/ST05-010/af902a8c-89e1-4b56-b7cc-03769eddc210/ST05-ST_ST05-010ST.png
1974471413853184,ST05-011,裁暮,ST05-比安卡·晖暮预组,ST,1,无,,,红,战术牌 / 普通战术牌,信号球·红,"使用后将该牌放置到我方信号球区最上方，抽1张牌。
【充能自】：从以下2项选择1项。
·选择我方战场最多1张角色，直到回合结束为止，其DP+1。
·选择我方战场最多1张角色，直到回合结束为止，其PP+2000。。",https://zhanshuang-prod-minio.janime.cn/card-game-public/1974471389576192/ST05-011/1d92989f-b096-4e09-ae5a-cefa2e3bd467/ST05-ST_ST05-011ST.png
1974471413853185,ST05-012,断海,ST05-比安卡·晖暮预组,ST,1,无,,,蓝,战术牌 / 普通战术牌,信号球·蓝,"使用后将该牌放置到我方信号球区最上方，抽1张牌。
【充能自】：从以下2项选择1项。
·抽1张牌。
·选择我方战场最多1张角色，直到回合结束为止，其PP+2000。",https://zhanshuang-prod-minio.janime.cn/card-game-public/1974471389576192/ST05-012/2d4e886d-9a69-45c4-af72-da3b955b53a8/ST05-ST_ST05-012ST.png
1974471413853186,ST05-013,刑晖,ST05-比安卡·晖暮预组,ST,1,无,,,黄,战术牌 / 普通战术牌,信号球·黄,"使用后将该牌放置到我方信号球区最上方，抽1张牌。
【充能自】：从以下2项选择1项。
·若我方侵蚀计数不小于对方，我方侵蚀计数-1。
·选择我方战场最多1张角色，直到回合结束为止，其PP+2000。",https://zhanshuang-prod-minio.janime.cn/card-game-public/1974471389576192/ST05-013/b7e4d9a0-1354-43dd-8625-072ec21433f6/ST05-ST_ST05-013ST.png
2033917181172736,ST06-001,坠落与新生 亚里莎·回音,ST06-亚里莎·回音预组,R,6,物理,7,2,,角色牌 / 协战,亚里莎,"【协战搭档】<塞西莉>
【协战代价】手牌【2费】/战场【0费】
【永】：我方回合中，该牌选择手牌的《坠落与新生 塞西莉》作为协战搭档时，协战代价可以变为【2任意信号球】。
【出】：若我方战场存在协战状态的角色，直到回合结束为止，该牌获得【速攻】。",https://zhanshuang-prod-minio.janime.cn/card-game-public/2033917170981888/ST06-001/54ebd335-afc1-4044-8797-c4810f0887c1/ST06-ST_ST06-001R.png
2033947085446144,ST06-001,坠落与新生 亚里莎·回音,ST06-亚里莎·回音预组,R★,6,物理,7,2,,角色牌 / 协战,亚里莎,"【协战搭档】<塞西莉>
【协战代价】手牌【2费】/战场【0费】
【永】：我方回合中，该牌选择手牌的《坠落与新生 塞西莉》作为协战搭档时，协战代价可以变为【2任意信号球】。
【出】：若我方战场存在协战状态的角色，直到回合结束为止，该牌获得【速攻】。",https://zhanshuang-prod-minio.janime.cn/card-game-public/2033917170981888/ST06-001/c238cc58-c000-4e42-9bf4-1d9061dbe7b7/ST06-ST_ST06-001R★.png
2033917181172738,ST06-002,坠落与新生 塞西莉,ST06-亚里莎·回音预组,R,6,物理,6,2,,角色牌,塞西莉,"【协战永】：该牌从手牌成为《坠落与新生 亚里莎·回音》的协战搭档的回合中，该牌不会解除协战状态。
【协战自】：该牌成为<亚里莎>角色的协战搭档时，可以消除【任意信号球】。根据因此方法消除的信号球牌，执行以下行动。
·<信号球·红> 若为我方回合且对方战场的角色为3张及以上，选择对方战场1张费用为3及以下的角色，将其返回手牌。
·<信号球·蓝> 选择我方费用区最多2张<亚里莎>或<塞西莉>，将其竖直。",https://zhanshuang-prod-minio.janime.cn/card-game-public/2033917170981888/ST06-002/f2b12641-9889-4ac6-a4a8-27fc1f711ca1/ST06-ST_ST06-002R.png
2033947085450240,ST06-002,坠落与新生 塞西莉,ST06-亚里莎·回音预组,R★,6,物理,6,2,,角色牌,塞西莉,"【协战永】：该牌从手牌成为《坠落与新生 亚里莎·回音》的协战搭档的回合中，该牌不会解除协战状态。
【协战自】：该牌成为<亚里莎>角色的协战搭档时，可以消除【任意信号球】。根据因此方法消除的信号球牌，执行以下行动。
·<信号球·红> 若为我方回合且对方战场的角色为3张及以上，选择对方战场1张费用为3及以下的角色，将其返回手牌。
·<信号球·蓝> 选择我方费用区最多2张<亚里莎>或<塞西莉>，将其竖直。",https://zhanshuang-prod-minio.janime.cn/card-game-public/2033917170981888/ST06-002/9374c7c0-9b6f-415c-9143-02621e8f720a/ST06-ST_ST06-002R★.png
2033917181172741,ST06-003,亚里莎·回音,ST06-亚里莎·回音预组,R,4,物理,4,1,,角色牌 / 协战,亚里莎,"【协战搭档】费用4及以下的<塞西莉>
【协战代价】手牌【2费】/战场【0费】
【永】：若我方明费上限不大于对方，战场的该牌的基本DP变为1。",https://zhanshuang-prod-minio.janime.cn/card-game-public/2033917170981888/ST06-003/1d0a8564-1a82-410d-8963-e210f4eaacd8/ST06-ST_ST06-003R.png
2033947085450241,ST06-003,亚里莎·回音,ST06-亚里莎·回音预组,R★★,4,物理,4,1,,角色牌 / 协战,亚里莎,"【协战搭档】费用4及以下的<塞西莉>
【协战代价】手牌【2费】/战场【0费】
【永】：若我方明费上限不大于对方，战场的该牌的基本DP变为1。",https://zhanshuang-prod-minio.janime.cn/card-game-public/2033917170981888/ST06-003/a864dcfb-0056-477f-aad0-171ac48a4a6f/ST06-ST_ST06-003R★★.png
2033947085450242,ST06-003,亚里莎·回音,ST06-亚里莎·回音预组,R★,4,物理,4,1,,角色牌 / 协战,亚里莎,"【协战搭档】费用4及以下的<塞西莉>
【协战代价】手牌【2费】/战场【0费】
【永】：若我方明费上限不大于对方，战场的该牌的基本DP变为1。",https://zhanshuang-prod-minio.janime.cn/card-game-public/2033917170981888/ST06-003/5c1a2b43-dfe8-43b8-8701-d70edf3ba548/ST06-ST_ST06-003R★.png
2033917181172742,ST06-004,昼翼,ST06-亚里莎·回音预组,ST,9,物理,9,2,,角色牌,,"【永】：我方战场协战状态的<亚里莎>角色每有1张，手牌的该牌的费用-3。（费用最低为0）
【出】：选择我方墓地1张信号球，将其放置到我方信号球区最上方。",https://zhanshuang-prod-minio.janime.cn/card-game-public/2033917170981888/ST06-004/32655b7e-904d-4589-b90a-392e0e49c44b/ST06-ST_ST06-004ST.png
2033917181172743,ST06-005,亚里莎·回音,ST06-亚里莎·回音预组,ST,6,物理,6,2,,角色牌,亚里莎,【出】丢弃1张手牌：公开我方牌组顶5张牌，选择其中1张费用为4及以下的<亚里莎>角色或<塞西莉>角色出场，将剩余的牌加入牌组并洗切。,https://zhanshuang-prod-minio.janime.cn/card-game-public/2033917170981888/ST06-005/ecb5a358-2cdb-4075-8fca-26ee17a8985a/ST06-ST_ST06-005ST.png
2033917181172744,ST06-006,塞西莉,ST06-亚里莎·回音预组,ST,4,物理,4,1,,角色牌,塞西莉,【协战永】：我方回合中，将该牌作为协战搭档的<亚里莎>角色获得【充能+1】，PP+1500。,https://zhanshuang-prod-minio.janime.cn/card-game-public/2033917170981888/ST06-006/de45868b-edf6-4568-ba7f-7cc9349323b7/ST06-ST_ST06-006ST.png
2033917181172745,ST06-007,亚里莎·回音,ST06-亚里莎·回音预组,ST,4,物理,4,2,,角色牌,亚里莎,"【永】：【充能0】。
【永】：若我方战场存在协战状态的角色，该牌PP+1500。",https://zhanshuang-prod-minio.janime.cn/card-game-public/2033917170981888/ST06-007/2686d4d4-5019-43f4-b6b5-cb27a204bf06/ST06-ST_ST06-007ST.png
2033917181172746,ST06-008,塞西莉,ST06-亚里莎·回音预组,ST,4,物理,4,2,,角色牌,塞西莉,"【永】：【充能0】。
【协战自】：《塞西莉》的该能力每回合最多发动1次。该牌成为<亚里莎>角色的协战搭档时，选择我方战场最多1张<亚里莎>角色或<塞西莉>角色，直到回合结束为止，其获得【速攻】。",https://zhanshuang-prod-minio.janime.cn/card-game-public/2033917170981888/ST06-008/d399ffd8-dcd2-43ee-8e24-970aa28bf871/ST06-ST_ST06-008ST.png
2033917181176832,ST06-009,塞西莉,ST06-亚里莎·回音预组,ST,3,物理,2,1,,角色牌,塞西莉,【协战自】：对方回合中，该牌成为<亚里莎>角色的协战搭档时，可以消除【任意信号球】。若如此做，将那张<亚里莎>角色竖直。,https://zhanshuang-prod-minio.janime.cn/card-game-public/2033917170981888/ST06-009/f63029e8-d856-405c-9a10-d57a8e5da598/ST06-ST_ST06-009ST.png
2033917181176833,ST06-010,阿斯特莉亚,ST06-亚里莎·回音预组,ST,3,物理,1,,,装备牌,弓,"（使用后可在主要阶段放置在装备角色下方，每张角色只能装备1张装备）
【永】：装备该牌的《亚里莎·回音》获得“【永】：该牌可以支付【2费】作为协战代价从墓地选择协战搭档。”",https://zhanshuang-prod-minio.janime.cn/card-game-public/2033917170981888/ST06-010/75548c89-f295-4252-bf13-0d0482e58d76/ST06-ST_ST06-010ST.png
2033917181176834,ST06-011,裁定合击,ST06-亚里莎·回音预组,ST,5,无,,,,战术牌 / 普通战术牌,,"该牌只能在我方战场存在<亚里莎>角色或<塞西莉>角色时才能使用。
选择对方战场1张费用为7及以下的角色，将其返回手牌。若我方战场存在协战状态的角色，改为将其放置到墓地。",https://zhanshuang-prod-minio.janime.cn/card-game-public/2033917170981888/ST06-011/7695726d-74ef-46b4-9267-7cc04c5749dd/ST06-ST_ST06-011ST.png
2033917181176835,ST06-012,秩序虹光,ST06-亚里莎·回音预组,ST,1,无,,,红,战术牌 / 普通战术牌,信号球·红,"将该牌放置到我方信号球区最上方，抽1张牌。
【充能自】：从以下2项选择1项。
·选择我方战场最多1张角色，直到回合结束为止，其DP+1。
·选择我方战场最多1张角色，直到回合结束为止，其PP+2000。",https://zhanshuang-prod-minio.janime.cn/card-game-public/2033917170981888/ST06-012/e1f3dacc-767e-46fb-9e4f-3bf7aa228812/ST06-ST_ST06-012ST.png
2033917181176836,ST06-013,骤羽裁决,ST06-亚里莎·回音预组,ST,1,无,,,蓝,战术牌 / 普通战术牌,信号球·蓝,"将该牌放置到我方信号球区最上方，抽1张牌。
【充能自】：从以下2项选择1项。
·抽1张牌。
·选择我方战场最多1张角色，直到回合结束为止，其PP+2000。",https://zhanshuang-prod-minio.janime.cn/card-game-public/2033917170981888/ST06-013/26b93796-30ee-4f9e-872a-4049bfb1b7e2/ST06-ST_ST06-013ST.png
2033917181176837,ST06-014,星穹坠闪,ST06-亚里莎·回音预组,ST,1,无,,,黄,战术牌 / 普通战术牌,信号球·黄,"将该牌放置到我方信号球区最上方，抽1张牌。
【充能自】：从以下2项选择1项。
·若我方侵蚀计数不小于对方，我方侵蚀计数-1。
·选择我方战场最多1张角色，直到回合结束为止，其PP+2000。",https://zhanshuang-prod-minio.janime.cn/card-game-public/2033917170981888/ST06-014/0e975485-ab26-44df-922d-698290110807/ST06-ST_ST06-014ST.png