variant_id,card_no,rarity,package_name,image_url,local_image_url,is_primary
1974825607195648,BP01-001,SR,BP01-命运交锋,https://zhanshuang-prod-minio.janime.cn/card-game-public/1974825587141632/BP01-001/01930aa9-3e8a-4620-8059-94b6f107908d/BP01-SR_BP01-001SR.png,/card-images/BP01-001.png,true
1974825607199744,BP01-001,SR★,BP01-命运交锋,https://zhanshuang-prod-minio.janime.cn/card-game-public/1974825587141632/BP01-001/bacd95b9-0a47-4811-bfb0-9857b5f4a43c/BP01-SR_BP01-001SR★.png,,false
1974825607199745,BP01-001,SR★★,BP01-命运交锋,https://zhanshuang-prod-minio.janime.cn/card-game-public/1974825587141632/BP01-001/d0494a68-fc0c-40ac-b94a-2215b28d3a20/BP01-SR_BP01-001SR★★.png,,false
1974825607199746,BP01-001,SR★★★,BP01-命运交锋,https://zhanshuang-prod-minio.janime.cn/card-game-public/1974825587141632/BP01-001/93c9375d-483f-4493-84dd-04b26ee53e32/BP01-SR_BP01-001SR★★★.png,,false
1974825607199747,BP01-002,R,BP01-命运交锋,https://zhanshuang-prod-minio.janime.cn/card-game-public/1974825587141632/BP01-002/f187370d-1a02-429a-b669-581ea72ea676/BP01-R_BP01-002R.png,/card-images/BP01-002.png,true
1974825607199748,BP01-002,R★,BP01-命运交锋,https://zhanshuang-prod-minio.janime.cn/card-game-public/1974825587141632/BP01-002/9e1dac14-70d5-45fb-910d-b5ae4a44fa81/BP01-R_BP01-002R★.png,,false
1974825607203840,BP01-003,R,BP01-命运交锋,https://zhanshuang-prod-minio.janime.cn/card-game-public/1974825587141632/BP01-003/4eb1af53-1e9e-4c14-bd62-558ca0c3325c/BP01-R_BP01-003R.png,/card-images/BP01-003.png,true
1974825607203841,BP01-003,R★,BP01-命运交锋,https://zhanshuang-prod-minio.janime.cn/card-game-public/1974825587141632/BP01-003/11f012bd-c1d9-4d03-b499-675c0fd46385/BP01-R_BP01-003R★.png,,false
1974825607203842,BP01-004,U,BP01-命运交锋,https://zhanshuang-prod-minio.janime.cn/card-game-public/1974825587141632/BP01-004/02ae5b55-1c23-4f12-b31a-b19addf720ed/BP01-U_BP01-004U.png,/card-images/BP01-004.png,true
1974825607203843,BP01-005,U,BP01-命运交锋,https://zhanshuang-prod-minio.janime.cn/card-game-public/1974825587141632/BP01-005/a81ba065-b95e-4627-a619-ee6d629ab1f8/BP01-U_BP01-005U.png,/card-images/BP01-005.png,true
1974825607203844,BP01-006,U,BP01-命运交锋,https://zhanshuang-prod-minio.janime.cn/card-game-public/1974825587141632/BP01-006/a8da5a25-73fa-463f-89bf-1d0af38f2860/BP01-U_BP01-006U.png,/card-images/BP01-006.png,true
1974825607203845,BP01-007,R,BP01-命运交锋,https://zhanshuang-prod-minio.janime.cn/card-game-public/1974825587141632/BP01-007/e23e1df0-ab62-469d-af23-ca536ceb5ce4/BP01-R_BP01-007R.png,/card-images/BP01-007.png,true
1974825607207936,BP01-007,R★,BP01-命运交锋,https://zhanshuang-prod-minio.janime.cn/card-game-public/1974825587141632/BP01-007/ced31669-5019-4641-9c09-ef697579a25e/BP01-R_BP01-007R★.png,,false
1974825607207937,BP01-007,R★★,BP01-命运交锋,https://zhanshuang-prod-minio.janime.cn/card-game-public/1974825587141632/BP01-007/0c1a3c9a-e74c-41e8-8b09-b674ab09ce21/BP01-R_BP01-007R★★.png,,false
1974825607207938,BP01-008,SR,BP01-命运交锋,https://zhanshuang-prod-minio.janime.cn/card-game-public/1974825587141632/BP01-008/058e03e3-99ba-4a9f-8c56-078e669f02f0/BP01-SR_BP01-008SR.png,/card-images/BP01-008.png,true
1974825607207939,BP01-008,SR★,BP01-命运交锋,https://zhanshuang-prod-minio.janime.cn/card-game-public/1974825587141632/BP01-008/a9d33228-89f6-4781-b17c-3aafbf22a576/BP01-SR_BP01-008SR★.png,,false
1974825607207940,BP01-008,SR★★,BP01-命运交锋,https://zhanshuang-prod-minio.janime.cn/card-game-public/1974825587141632/BP01-008/50ba9497-907a-4ad1-a56d-3d1fdfe323f4/BP01-SR_BP01-008SR★★.png,,false
1974825607207941,BP01-009,U,BP01-命运交锋,https://zhanshuang-prod-minio.janime.cn/card-game-public/1974825587141632/BP01-009/8adac85b-05a8-4d5a-bc5b-17a7d8b1a1a4/BP01-U_BP01-009U.png,/card-images/BP01-009.png,true
1979093737892864,BP01-009,PR,PR-推广卡,https://zhanshuang-prod-minio.janime.cn/card-game-public/1979091528694784/BP01-009/dc279fa0-a3dc-4d49-bd56-bd0299cc806d/BP01-009PR.png,,false
1974825607212032,BP01-010,R,BP01-命运交锋,https://zhanshuang-prod-minio.janime.cn/card-game-public/1974825587141632/BP01-010/ddb70a07-6b07-4a39-a614-009d7496f24b/BP01-R_BP01-010R.png,/card-images/BP01-010.png,true
1974825607212033,BP01-010,R★,BP01-命运交锋,https://zhanshuang-prod-minio.janime.cn/card-game-public/1974825587141632/BP01-010/817c7936-1343-40ff-9c46-eae057079fba/BP01-R_BP01-010R★.png,,false
1974825607212034,BP01-010,R★★,BP01-命运交锋,https://zhanshuang-prod-minio.janime.cn/card-game-public/1974825587141632/BP01-010/d037041c-dc88-43d2-8ed4-da52f384befd/BP01-R_BP01-010R★★.png,,false
1974835633679360,BP01-011,U,BP01-命运交锋,https://zhanshuang-prod-minio.janime.cn/card-game-public/1974825587141632/BP01-011/3a3adece-dea8-444b-a229-17d2ee0bd00e/BP01-U_BP01-011U.png,/card-images/BP01-011.png,true
1974835633683456,BP01-012,U,BP01-命运交锋,https://zhanshuang-prod-minio.janime.cn/card-game-public/1974825587141632/BP01-012/f3e20d99-e23e-4e39-8922-f8f49428f880/BP01-U_BP01-012U.png,/card-images/BP01-012.png,true
1974835633683457,BP01-013,R,BP01-命运交锋,https://zhanshuang-prod-minio.janime.cn/card-game-public/1974825587141632/BP01-013/6f55bc93-34ab-4364-913b-420e8cc2ef51/BP01-R_BP01-013R.png,/card-images/BP01-013.png,true
1974835633683458,BP01-013,R★,BP01-命运交锋,https://zhanshuang-prod-minio.janime.cn/card-game-public/1974825587141632/BP01-013/e1619327-4970-48b1-beca-aa69d9915787/BP01-R_BP01-013R★.png,,false
1975098350058496,BP01-014,SR,BP01-命运交锋,https://zhanshuang-prod-minio.janime.cn/card-game-public/1974825587141632/BP01-014/34a2af4e-1481-49c7-869d-0cf70bc1fd24/BP01-SR_BP01-014SR.png,/card-images/BP01-014.png,true
1975098350058497,BP01-014,SR★,BP01-命运交锋,https://zhanshuang-prod-minio.janime.cn/card-game-public/1974825587141632/BP01-014/ce61e102-39dd-42ea-be3c-8ad3fd294aa0/BP01-SR_BP01-014SR★.png,,false
1975098350062592,BP01-014,SR★★,BP01-命运交锋,https://zhanshuang-prod-minio.janime.cn/card-game-public/1974825587141632/BP01-014/20a5c12e-c73d-47f4-a2fc-a0ffd794d736/BP01-SR_BP01-014SR★★.png,,false
1975098350062593,BP01-014,SR★★★,BP01-命运交锋,https://zhanshuang-prod-minio.janime.cn/card-game-public/1974825587141632/BP01-014/a17b1bb0-bc87-4f83-b86c-e568c01705d9/BP01-SR_BP01-014SR★★★.png,,false
1974835633687555,BP01-015,U,BP01-命运交锋,https://zhanshuang-prod-minio.janime.cn/card-game-public/1974825587141632/BP01-015/dc59aca8-4d8d-4994-ac3a-4aee18f3e2f4/BP01-U_BP01-015U.png,/card-images/BP01-015.png,true
1979093737888772,BP01-015,PR,PR-推广卡,https://zhanshuang-prod-minio.janime.cn/card-game-public/1979091528694784/BP01-015/7d63adeb-0b87-491d-a9f6-8a6beb2bad14/BP01-015PR.png,,false
1974835633687556,BP01-016,R,BP01-命运交锋,https://zhanshuang-prod-minio.janime.cn/card-game-public/1974825587141632/BP01-016/e8ae4512-fbb0-4911-bd29-11f6d5ada62a/BP01-R_BP01-016R.png,/card-images/BP01-016.png,true
1974835633687557,BP01-016,R★,BP01-命运交锋,https://zhanshuang-prod-minio.janime.cn/card-game-public/1974825587141632/BP01-016/17059159-67b1-470c-8aed-2d12a06bc738/BP01-R_BP01-016R★.png,,false
1974835633691648,BP01-017,SR,BP01-命运交锋,https://zhanshuang-prod-minio.janime.cn/card-game-public/1974825587141632/BP01-017/a6785cd3-c858-4dcc-b789-f6e69d8d10a3/BP01-SR_BP01-017SR.png,/card-images/BP01-017.png,true
1995614903917568,BP01-017,PR,PR-推广卡,https://zhanshuang-prod-minio.janime.cn/card-game-public/cc3acc21-7665-4b65-9681-e588c56b85f2/BP01-017PR.png,,false
1974835633691649,BP01-017,SR★,BP01-命运交锋,https://zhanshuang-prod-minio.janime.cn/card-game-public/1974825587141632/BP01-017/38b2d391-1401-4e6a-aa62-9a6228144c95/BP01-SR_BP01-017SR★.png,,false
1974835633691650,BP01-018,U,BP01-命运交锋,https://zhanshuang-prod-minio.janime.cn/card-game-public/1974825587141632/BP01-018/5915bc41-087e-433d-ba67-28c221a90aad/BP01-U_BP01-018U.png,/card-images/BP01-018.png,true
1974835633691651,BP01-019,U,BP01-命运交锋,https://zhanshuang-prod-minio.janime.cn/card-game-public/1974825587141632/BP01-019/1d400a1a-5981-429c-b82c-354cff526033/BP01-U_BP01-019U.png,/card-images/BP01-019.png,true
1974835633691652,BP01-020,U,BP01-命运交锋,https://zhanshuang-prod-minio.janime.cn/card-game-public/1974825587141632/BP01-020/f521c7a2-ee18-4e14-863d-c77a9fe6e719/BP01-U_BP01-020U.png,/card-images/BP01-020.png,true
1974835633691653,BP01-021,U,BP01-命运交锋,https://zhanshuang-prod-minio.janime.cn/card-game-public/1974825587141632/BP01-021/d6436461-3211-49c3-9884-684991288068/BP01-U_BP01-021U.png,/card-images/BP01-021.png,true
1974835633695744,BP01-022,U,BP01-命运交锋,https://zhanshuang-prod-minio.janime.cn/card-game-public/1974825587141632/BP01-022/87a5300a-4c5d-4a53-b0b7-755fb3b15c4d/BP01-U_BP01-022U.png,/card-images/BP01-022.png,true
1974835633695745,BP01-023,U,BP01-命运交锋,https://zhanshuang-prod-minio.janime.cn/card-game-public/1974825587141632/BP01-023/478fa312-a2df-4dfa-8576-3e220b66b442/BP01-U_BP01-023U.png,/card-images/BP01-023.png,true
1974835633695746,BP01-024,U,BP01-命运交锋,https://zhanshuang-prod-minio.janime.cn/card-game-public/1974825587141632/BP01-024/efabf10b-3beb-47ad-9305-5002cc2786bb/BP01-U_BP01-024U.png,/card-images/BP01-024.png,true
1974835633695747,BP01-025,U,BP01-命运交锋,https://zhanshuang-prod-minio.janime.cn/card-game-public/1974825587141632/BP01-025/6ec9bfa0-0266-4010-8561-1c2b14284945/BP01-U_BP01-025U.png,/card-images/BP01-025.png,true
1974835633695748,BP01-026,U,BP01-命运交锋,https://zhanshuang-prod-minio.janime.cn/card-game-public/1974825587141632/BP01-026/fde1b3c8-d6d1-49e2-bfe0-df9e175666fd/BP01-U_BP01-026U.png,/card-images/BP01-026.png,true
1974835633695749,BP01-027,R,BP01-命运交锋,https://zhanshuang-prod-minio.janime.cn/card-game-public/1974825587141632/BP01-027/3b2e59cb-8cb2-491f-8158-9aac130351a7/BP01-R_BP01-027R.png,/card-images/BP01-027.png,true
1974835633699840,BP01-027,R★,BP01-命运交锋,https://zhanshuang-prod-minio.janime.cn/card-game-public/1974825587141632/BP01-027/7cfb6a1c-d68e-4f54-badb-386ba135ee89/BP01-R_BP01-027R★.png,,false
1974835633699841,BP01-027,R★★,BP01-命运交锋,https://zhanshuang-prod-minio.janime.cn/card-game-public/1974825587141632/BP01-027/f1fa50dc-3f80-4c91-bc23-fc2a1d6eefb6/BP01-R_BP01-027R★★.png,,false
1974835633699842,BP01-028,SR,BP01-命运交锋,https://zhanshuang-prod-minio.janime.cn/card-game-public/1974825587141632/BP01-028/257cb68c-4831-4a97-a41a-db9bc12bd1f8/BP01-SR_BP01-028SR.png,/card-images/BP01-028.png,true
1995614903917569,BP01-028,PR,PR-推广卡,https://zhanshuang-prod-minio.janime.cn/card-game-public/3f87f1b1-7353-4257-ab6a-7331c9f52541/BP01-028PR.png,,false
1974835633699843,BP01-028,SR★,BP01-命运交锋,https://zhanshuang-prod-minio.janime.cn/card-game-public/1974825587141632/BP01-028/3a63ba94-c238-4d23-bc27-61dbb560ecdd/BP01-SR_BP01-028SR★.png,,false
1974835633699844,BP01-029,SR,BP01-命运交锋,https://zhanshuang-prod-minio.janime.cn/card-game-public/1974825587141632/BP01-029/0537f34e-8abc-43e2-a028-f5d192e81634/BP01-SR_BP01-029SR.png,/card-images/BP01-029.png,true
1974835633699845,BP01-029,SR★,BP01-命运交锋,https://zhanshuang-prod-minio.janime.cn/card-game-public/1974825587141632/BP01-029/9606adc6-7c5d-49db-adb4-f36bacb265ff/BP01-SR_BP01-029SR★.png,,false
1974835633699846,BP01-030,SR,BP01-命运交锋,https://zhanshuang-prod-minio.janime.cn/card-game-public/1974825587141632/BP01-030/dac38620-ae3a-43da-adc8-1e10c8daf823/BP01-SR_BP01-030SR.png,/card-images/BP01-030.png,true
1974835633703936,BP01-030,SR★,BP01-命运交锋,https://zhanshuang-prod-minio.janime.cn/card-game-public/1974825587141632/BP01-030/fdb78d03-3ae1-444e-90bd-510507451f5a/BP01-SR_BP01-030SR★.png,,false
1974835633703937,BP01-031,R,BP01-命运交锋,https://zhanshuang-prod-minio.janime.cn/card-game-public/1974825587141632/BP01-031/e63d3413-6445-4ada-823a-5f21d86b35e7/BP01-R_BP01-031R.png,/card-images/BP01-031.png,true
1974835633703938,BP01-031,R★,BP01-命运交锋,https://zhanshuang-prod-minio.janime.cn/card-game-public/1974825587141632/BP01-031/06b2ab42-b8c5-41fb-8dcd-af3f1086b8a7/BP01-R_BP01-031R★.png,,false
1974835633703939,BP01-032,U,BP01-命运交锋,https://zhanshuang-prod-minio.janime.cn/card-game-public/1974825587141632/BP01-032/ed647f2f-a62f-49c0-9e49-ca7e69329c1e/BP01-U_BP01-032U.png,/card-images/BP01-032.png,true
1974835633703940,BP01-033,U,BP01-命运交锋,https://zhanshuang-prod-minio.janime.cn/card-game-public/1974825587141632/BP01-033/1f033e9a-9fa5-4d2e-8aeb-a8371c3f8370/BP01-U_BP01-033U.png,/card-images/BP01-033.png,true
1974835633703941,BP01-034,U,BP01-命运交锋,https://zhanshuang-prod-minio.janime.cn/card-game-public/1974825587141632/BP01-034/151423ac-caaf-4a82-9d03-a4bb6f330b8e/BP01-U_BP01-034U.png,/card-images/BP01-034.png,true
1974835633708032,BP01-035,U,BP01-命运交锋,https://zhanshuang-prod-minio.janime.cn/card-game-public/1974825587141632/BP01-035/598dc5c6-77d0-4372-a866-c0fa61df29ef/BP01-U_BP01-035U.png,/card-images/BP01-035.png,true
1974835633708033,BP01-036,U,BP01-命运交锋,https://zhanshuang-prod-minio.janime.cn/card-game-public/1974825587141632/BP01-036/63f77798-7087-414f-b5a3-e16fcaf7977e/BP01-U_BP01-036U.png,/card-images/BP01-036.png,true
1974835633708034,BP01-037,R,BP01-命运交锋,https://zhanshuang-prod-minio.janime.cn/card-game-public/1974825587141632/BP01-037/a8a338d5-f2b7-4ff6-9853-83198ad22b96/BP01-R_BP01-037R.png,/card-images/BP01-037.png,true
1974835633708035,BP01-037,R★,BP01-命运交锋,https://zhanshuang-prod-minio.janime.cn/card-game-public/1974825587141632/BP01-037/7e7b5dcd-55d9-4f0d-8b8a-6458a9c1bcbd/BP01-R_BP01-037R★.png,,false
1974835633708036,BP01-037,R★★,BP01-命运交锋,https://zhanshuang-prod-minio.janime.cn/card-game-public/1974825587141632/BP01-037/c88d17f9-09d7-4466-85b5-993255341450/BP01-R_BP01-037R★★.png,,false
1974835633708037,BP01-038,R,BP01-命运交锋,https://zhanshuang-prod-minio.janime.cn/card-game-public/1974825587141632/BP01-038/d9d8a624-c00f-4754-96e0-3b0770b88839/BP01-R_BP01-038R.png,/card-images/BP01-038.png,true
1974835633708038,BP01-038,R★,BP01-命运交锋,https://zhanshuang-prod-minio.janime.cn/card-game-public/1974825587141632/BP01-038/04df52e8-cde3-4df0-8086-1fcd045c2bee/BP01-R_BP01-038R★.png,,false
1974835633712128,BP01-038,R★★,BP01-命运交锋,https://zhanshuang-prod-minio.janime.cn/card-game-public/1974825587141632/BP01-038/d5542695-6d68-4dd3-b221-d1d895fc6fb9/BP01-R_BP01-038R★★.png,,false
1974835633712129,BP01-039,U,BP01-命运交锋,https://zhanshuang-prod-minio.janime.cn/card-game-public/1974825587141632/BP01-039/fd8d4dd6-359d-4996-a690-b7a301586edc/BP01-U_BP01-039U.png,/card-images/BP01-039.png,true
1974839685929984,BP01-040,SR,BP01-命运交锋,https://zhanshuang-prod-minio.janime.cn/card-game-public/1974825587141632/BP01-040/e6d7ebf4-90ac-4280-bae1-153da1fcc23f/BP01-SR_BP01-040SR.png,/card-images/BP01-040.png,true
1974839685929985,BP01-040,SR★,BP01-命运交锋,https://zhanshuang-prod-minio.janime.cn/card-game-public/1974825587141632/BP01-040/487d8c7f-4d9f-45ca-ae52-03ae629ed768/BP01-SR_BP01-040SR★.png,,false
1974839685934080,BP01-041,SR,BP01-命运交锋,https://zhanshuang-prod-minio.janime.cn/card-game-public/1974825587141632/BP01-041/a3ec8011-a1ae-403e-bd1c-bb2ec0a3e253/BP01-SR_BP01-041SR.png,/card-images/BP01-041.png,true
1974839685934081,BP01-041,SR★,BP01-命运交锋,https://zhanshuang-prod-minio.janime.cn/card-game-public/1974825587141632/BP01-041/c80234c1-9e5f-4852-a124-801468301868/BP01-SR_BP01-041SR★ -.png,,false
1974839685934082,BP01-042,R,BP01-命运交锋,https://zhanshuang-prod-minio.janime.cn/card-game-public/1974825587141632/BP01-042/1ae0517b-db69-4371-8156-d03982d45777/BP01-R_BP01-042R.png,/card-images/BP01-042.png,true
1974839685934083,BP01-042,R★,BP01-命运交锋,https://zhanshuang-prod-minio.janime.cn/card-game-public/1974825587141632/BP01-042/c8ceaffd-4417-4e17-b0cc-9cf364f42efc/BP01-R_BP01-042R★.png,,false
1974839685934084,BP01-042,R★★,BP01-命运交锋,https://zhanshuang-prod-minio.janime.cn/card-game-public/1974825587141632/BP01-042/205cc0e3-e24a-40c0-85d1-5d85d005f9ef/BP01-R_BP01-042R★★.png,,false
1974839685938176,BP01-043,R,BP01-命运交锋,https://zhanshuang-prod-minio.janime.cn/card-game-public/1974825587141632/BP01-043/ee91a127-0b9d-42cb-93a7-7b735686d918/BP01-R_BP01-043R.png,/card-images/BP01-043.png,true
1974839685938177,BP01-043,R★,BP01-命运交锋,https://zhanshuang-prod-minio.janime.cn/card-game-public/1974825587141632/BP01-043/f0b9df06-90b2-40f3-bc36-d58c1efe00a5/BP01-R_BP01-043R★.png,,false
1974839685938178,BP01-044,U,BP01-命运交锋,https://zhanshuang-prod-minio.janime.cn/card-game-public/1974825587141632/BP01-044/d104ad39-17c6-4837-a179-589cfcfb844f/BP01-U_BP01-044U.png,/card-images/BP01-044.png,true
1974839685938179,BP01-045,U,BP01-命运交锋,https://zhanshuang-prod-minio.janime.cn/card-game-public/1974825587141632/BP01-045/246d4cca-40d0-407c-a619-7b76fca48b96/BP01-U_BP01-045U.png,/card-images/BP01-045.png,true
1974839685938180,BP01-046,U,BP01-命运交锋,https://zhanshuang-prod-minio.janime.cn/card-game-public/1974825587141632/BP01-046/07a9ccd5-80cf-404d-ac95-30d0bd968456/BP01-U_BP01-046U.png,/card-images/BP01-046.png,true
1974839685938181,BP01-047,U,BP01-命运交锋,https://zhanshuang-prod-minio.janime.cn/card-game-public/1974825587141632/BP01-047/d7398b03-48fb-435f-a01f-c77a996eb79d/BP01-U_BP01-047U.png,/card-images/BP01-047.png,true
1974839685938182,BP01-048,U,BP01-命运交锋,https://zhanshuang-prod-minio.janime.cn/card-game-public/1974825587141632/BP01-048/43d6b9f0-792b-4e56-90f3-2d561143fa56/BP01-U_BP01-048U.png,/card-images/BP01-048.png,true
1974839685942272,BP01-049,R,BP01-命运交锋,https://zhanshuang-prod-minio.janime.cn/card-game-public/1974825587141632/BP01-049/270592c1-a2b8-4e99-9a12-3a961684effe/BP01-R_BP01-049R.png,/card-images/BP01-049.png,true
1974839685942273,BP01-049,R★,BP01-命运交锋,https://zhanshuang-prod-minio.janime.cn/card-game-public/1974825587141632/BP01-049/f31c2120-3654-4103-a3f3-00c2b35fda0a/BP01-R_BP01-049R★.png,,false
1974839685942274,BP01-050,U,BP01-命运交锋,https://zhanshuang-prod-minio.janime.cn/card-game-public/1974825587141632/BP01-050/e1ea5a91-f371-40b4-a74b-87d64b7f443f/BP01-U_BP01-050U.png,/card-images/BP01-050.png,true
1974839685942275,BP01-051,U,BP01-命运交锋,https://zhanshuang-prod-minio.janime.cn/card-game-public/1974825587141632/BP01-051/f9ca9f50-2b5d-4505-8fe2-baa65498eb17/BP01-U_BP01-051U.png,/card-images/BP01-051.png,true
1974839685942276,BP01-052,U,BP01-命运交锋,https://zhanshuang-prod-minio.janime.cn/card-game-public/1974825587141632/BP01-052/de9a9e8f-e70e-41d3-bfa6-ebed491d2197/BP01-U_BP01-052U.png,/card-images/BP01-052.png,true
1974839685942277,BP01-053,U,BP01-命运交锋,https://zhanshuang-prod-minio.janime.cn/card-game-public/1974825587141632/BP01-053/32296673-31fb-465a-871d-cd0616994613/BP01-U_BP01-053U.png,/card-images/BP01-053.png,true
1974839685946368,BP01-054,U,BP01-命运交锋,https://zhanshuang-prod-minio.janime.cn/card-game-public/1974825587141632/BP01-054/4864f142-455e-457f-9380-fbedb829eaac/BP01-U_BP01-054U.png,/card-images/BP01-054.png,true
1974839685946369,BP01-055,U,BP01-命运交锋,https://zhanshuang-prod-minio.janime.cn/card-game-public/1974825587141632/BP01-055/4fd96ff4-d282-49f4-9149-1d5902291d8d/BP01-U_BP01-055U.png,/card-images/BP01-055.png,true
1974839685946370,BP01-056,SR,BP01-命运交锋,https://zhanshuang-prod-minio.janime.cn/card-game-public/1974825587141632/BP01-056/f68dc044-8757-4392-9629-00e9e016ab82/BP01-SR_BP01-056SR.png,/card-images/BP01-056.png,true
1974839685946371,BP01-056a,SR★,BP01-命运交锋,https://zhanshuang-prod-minio.janime.cn/card-game-public/1974825587141632/BP01-056a/1478d63b-93a5-472d-8d09-d9c11b842e4a/BP01-SR_BP01-056aSR★.png,/card-images/BP01-056a.png,true
1974839685946372,BP01-056b,SR★,BP01-命运交锋,https://zhanshuang-prod-minio.janime.cn/card-game-public/1974825587141632/BP01-056b/0ea02779-9dca-4567-9514-c008e80a9473/BP01-SR_BP01-056bSR★.png,/card-images/BP01-056b.png,true
1974839685946373,BP01-057,SR,BP01-命运交锋,https://zhanshuang-prod-minio.janime.cn/card-game-public/1974825587141632/BP01-057/d0f220e1-b1b1-462e-85f8-7f50a3eca69a/BP01-SR_BP01-057.png,/card-images/BP01-057.png,true
1974839685950464,BP01-057,SR★,BP01-命运交锋,https://zhanshuang-prod-minio.janime.cn/card-game-public/1974825587141632/BP01-057/fad3ec98-f182-42f3-9728-7737e1b573d7/BP01-SR_BP01-057SR★.png,,false
1974839685950465,BP01-057,SR★★,BP01-命运交锋,https://zhanshuang-prod-minio.janime.cn/card-game-public/1974825587141632/BP01-057/ef1c44d5-344b-4226-a0d6-0429b30dc107/BP01-SR_BP01-057SR★★.png,,false
1974839685950466,BP01-058,SR,BP01-命运交锋,https://zhanshuang-prod-minio.janime.cn/card-game-public/1974825587141632/BP01-058/8c6c1de0-11de-4f25-9988-b64e76d6973c/BP01-SR_BP01-058SR.png,/card-images/BP01-058.png,true
1974839685950467,BP01-058,SR★,BP01-命运交锋,https://zhanshuang-prod-minio.janime.cn/card-game-public/1974825587141632/BP01-058/ae9ca175-d7a2-4ef4-b3c7-293f13a07377/BP01-SR_BP01-058SR★.png,,false
1974839685950468,BP01-059,R,BP01-命运交锋,https://zhanshuang-prod-minio.janime.cn/card-game-public/1974825587141632/BP01-059/645a2286-4163-4cf0-a39e-cf675672f7ca/BP01-R_BP01-059R.png,/card-images/BP01-059.png,true
1974839685950469,BP01-059,R★,BP01-命运交锋,https://zhanshuang-prod-minio.janime.cn/card-game-public/1974825587141632/BP01-059/60c70e54-d577-44d7-8c95-8abe65349aa9/BP01-R_BP01-059R★.png,,false
1974839685954560,BP01-059,R★★,BP01-命运交锋,https://zhanshuang-prod-minio.janime.cn/card-game-public/1974825587141632/BP01-059/9807c960-f0b9-48bc-918b-f92a4f44d26f/BP01-R_BP01-059R★★.png,,false
1974839685954561,BP01-060,R,BP01-命运交锋,https://zhanshuang-prod-minio.janime.cn/card-game-public/1974825587141632/BP01-060/b13e55e8-6e19-4a57-84fd-7e2b54efaca2/BP01-R_BP01-060R.png,/card-images/BP01-060.png,true
1979093737892865,BP01-060,PR,PR-推广卡,https://zhanshuang-prod-minio.janime.cn/card-game-public/1979091528694784/BP01-060/48f381ca-076c-4c1a-9312-8b5c39117c3c/BP01-060PR.png,,false
1974839685954562,BP01-060,R★,BP01-命运交锋,https://zhanshuang-prod-minio.janime.cn/card-game-public/1974825587141632/BP01-060/5274abda-8bf9-47d8-9bc2-0a91c708482b/BP01-R_BP01-060R★.png,,false
1974839685954563,BP01-060,R★★,BP01-命运交锋,https://zhanshuang-prod-minio.janime.cn/card-game-public/1974825587141632/BP01-060/40478d33-8a69-4e37-a229-20b618a5c8bc/BP01-R_BP01-060R★★.png,,false
1974839685954564,BP01-061,R,BP01-命运交锋,https://zhanshuang-prod-minio.janime.cn/card-game-public/1974825587141632/BP01-061/b31a5752-2936-4ce5-a2d3-a99234446138/BP01-R_BP01-061R.png,/card-images/BP01-061.png,true
1974839685958656,BP01-061,R★,BP01-命运交锋,https://zhanshuang-prod-minio.janime.cn/card-game-public/1974825587141632/BP01-061/9278b021-10db-4e26-ac6d-5da281f4db6d/BP01-R_BP01-061R★.png,,false
1974839685958657,BP01-062,R,BP01-命运交锋,https://zhanshuang-prod-minio.janime.cn/card-game-public/1974825587141632/BP01-062/1c723ddc-515d-44bc-9a88-4af59d03089d/BP01-R_BP01-062R.png,/card-images/BP01-062.png,true
1974839685958658,BP01-062,R★,BP01-命运交锋,https://zhanshuang-prod-minio.janime.cn/card-game-public/1974825587141632/BP01-062/ae34eb24-6190-4aa5-92cd-2bec35bb9b65/BP01-R_BP01-062R★.png,,false
1974839685958659,BP01-063,U,BP01-命运交锋,https://zhanshuang-prod-minio.janime.cn/card-game-public/1974825587141632/BP01-063/9bed0afa-d93c-48ce-94bd-e4b3d50975e1/BP01-U_BP01-063U.png,/card-images/BP01-063.png,true
1974839685962752,BP01-064,U,BP01-命运交锋,https://zhanshuang-prod-minio.janime.cn/card-game-public/1974825587141632/BP01-064/76209913-36a1-4b6d-8e86-044264b42543/BP01-U_BP01-064U.png,/card-images/BP01-064.png,true
1974839685962753,BP01-065,R,BP01-命运交锋,https://zhanshuang-prod-minio.janime.cn/card-game-public/1974825587141632/BP01-065/83d748be-5f15-4e7f-b4c1-dd5034d45a12/BP01-R_BP01-065R.png,/card-images/BP01-065.png,true
1974839685962754,BP01-065,R★,BP01-命运交锋,https://zhanshuang-prod-minio.janime.cn/card-game-public/1974825587141632/BP01-065/d1084d15-2955-42f8-b4b0-fd4a639a3ed1/BP01-R_BP01-065R★.png,,false
1974839685966848,BP01-066,U,BP01-命运交锋,https://zhanshuang-prod-minio.janime.cn/card-game-public/1974825587141632/BP01-066/6918e60c-870e-4cdc-a75e-e356ca1cecc5/BP01-U_BP01-066U.png,/card-images/BP01-066.png,true
1974839685966849,BP01-067,R,BP01-命运交锋,https://zhanshuang-prod-minio.janime.cn/card-game-public/1974825587141632/BP01-067/c17ebe73-6ae9-47ce-a56b-80849d149190/BP01-R_BP01-067R.png,/card-images/BP01-067.png,true
1974839685966850,BP01-067,R★,BP01-命运交锋,https://zhanshuang-prod-minio.janime.cn/card-game-public/1974825587141632/BP01-067/6d885184-93dd-4fb8-a84f-a74573c1b59e/BP01-R_BP01-067R★.png,,false
1974839685966851,BP01-067,R★★,BP01-命运交锋,https://zhanshuang-prod-minio.janime.cn/card-game-public/1974825587141632/BP01-067/b2be0d1d-41f1-4a83-9927-2a9cab0390be/BP01-R_BP01-067R★★.png,,false
1974839685966852,BP01-068,U,BP01-命运交锋,https://zhanshuang-prod-minio.janime.cn/card-game-public/1974825587141632/BP01-068/f4142995-510d-409a-8d24-f28bcc5df4ff/BP01-U_BP01-068U.png,/card-images/BP01-068.png,true
1974839685970944,BP01-069,SR,BP01-命运交锋,https://zhanshuang-prod-minio.janime.cn/card-game-public/1974825587141632/BP01-069/3073d495-d512-4469-9c80-31bcdfe4d156/BP01-SR_BP01-069SR.png,/card-images/BP01-069.png,true
1974839685970945,BP01-069,SR★,BP01-命运交锋,https://zhanshuang-prod-minio.janime.cn/card-game-public/1974825587141632/BP01-069/f3466413-278e-4e6f-8738-6bd2138edd47/BP01-SR_BP01-069SR★.png,,false
1974839685970946,BP01-070,SR,BP01-命运交锋,https://zhanshuang-prod-minio.janime.cn/card-game-public/1974825587141632/BP01-070/75d28927-ea7d-43df-a164-64b9d5cb02a8/BP01-SR_BP01-070SR.png,/card-images/BP01-070.png,true
1974839685970947,BP01-070,SR★,BP01-命运交锋,https://zhanshuang-prod-minio.janime.cn/card-game-public/1974825587141632/BP01-070/d082082f-a4ff-4f2b-94cb-2c37cf6b7892/BP01-SR_BP01-070SR★.png,,false
1974841386232832,BP01-071,R,BP01-命运交锋,https://zhanshuang-prod-minio.janime.cn/card-game-public/1974825587141632/BP01-071/9d44a002-f11c-48f7-966a-a01978cb9f1c/BP01-R_BP01-071R.png,/card-images/BP01-071.png,true
1974841386236928,BP01-071,R★,BP01-命运交锋,https://zhanshuang-prod-minio.janime.cn/card-game-public/1974825587141632/BP01-071/b7df0451-1609-4f6f-a15a-6a930a978e58/BP01-R_BP01-071R★.png,,false
1974841386236929,BP01-071,R★★,BP01-命运交锋,https://zhanshuang-prod-minio.janime.cn/card-game-public/1974825587141632/BP01-071/d9e7f989-64f1-4b3a-b3c6-d47943eb5075/BP01-R_BP01-071R★★.png,,false
1974841386241024,BP01-072,U,BP01-命运交锋,https://zhanshuang-prod-minio.janime.cn/card-game-public/1974825587141632/BP01-072/a0e10554-9e8c-4a3b-ac5d-2279290edef7/BP01-U_BP01-072U.png,/card-images/BP01-072.png,true
1974841386241025,BP01-073,SR,BP01-命运交锋,https://zhanshuang-prod-minio.janime.cn/card-game-public/1974825587141632/BP01-073/0068f538-b6ce-4a07-ba25-5b085ad4037d/BP01-SR_BP01-073SR.png,/card-images/BP01-073.png,true
1974841386241026,BP01-073,SR★,BP01-命运交锋,https://zhanshuang-prod-minio.janime.cn/card-game-public/1974825587141632/BP01-073/59a6db0b-85c4-4137-84c5-a27d6a26d8b3/BP01-SR_BP01-073SR★.png,,false
1974841386241027,BP01-074,U,BP01-命运交锋,https://zhanshuang-prod-minio.janime.cn/card-game-public/1974825587141632/BP01-074/1f3ce2bb-882b-4455-870f-110296d4d8bb/BP01-U_BP01-074U.png,/card-images/BP01-074.png,true
1974841386241028,BP01-075,SR,BP01-命运交锋,https://zhanshuang-prod-minio.janime.cn/card-game-public/1974825587141632/BP01-075/172d2a58-8e56-40ad-9751-2e1c974c589f/BP01-SR_BP01-075SR.png,/card-images/BP01-075.png,true
1974841386241029,BP01-075,SR★,BP01-命运交锋,https://zhanshuang-prod-minio.janime.cn/card-game-public/1974825587141632/BP01-075/71d77202-e1bb-43cf-b600-cfc6f6599c6f/BP01-SR_BP01-075SR★.png,,false
1974841386245120,BP01-076,U,BP01-命运交锋,https://zhanshuang-prod-minio.janime.cn/card-game-public/1974825587141632/BP01-076/48e12e86-7f1d-49c1-917a-b71a0584f729/BP01-U_BP01-076U.png,/card-images/BP01-076.png,true
1974841386245121,BP01-077,U,BP01-命运交锋,https://zhanshuang-prod-minio.janime.cn/card-game-public/1974825587141632/BP01-077/0d755c46-fb70-44c5-8fb9-706d8206385a/BP01-U_BP01-077U.png,/card-images/BP01-077.png,true
1974841386245122,BP01-078,C,BP01-命运交锋,https://zhanshuang-prod-minio.janime.cn/card-game-public/1974825587141632/BP01-078/e0210b92-be86-48dc-a53f-883db31d6058/BP01-C_BP01-078.png,/card-images/BP01-078.png,true
1974841386245123,BP01-078,C★,BP01-命运交锋,https://zhanshuang-prod-minio.janime.cn/card-game-public/a7eb8727-c5c2-4f23-91b6-daee8a01b69e/BP01-C_BP01-078★.png,,false
1974841386245124,BP01-079,C,BP01-命运交锋,https://zhanshuang-prod-minio.janime.cn/card-game-public/1974825587141632/BP01-079/15bc68ef-35f6-4f79-a04e-19e1e5d5d22e/BP01-C_BP01-079.png,/card-images/BP01-079.png,true
1974841386245125,BP01-079,C★,BP01-命运交锋,https://zhanshuang-prod-minio.janime.cn/card-game-public/d42945fe-32f8-484d-999d-bfac71845a88/BP01-C_BP01-079★.png,,false
1974841386249216,BP01-080,C,BP01-命运交锋,https://zhanshuang-prod-minio.janime.cn/card-game-public/1974825587141632/BP01-080/3d733447-19c4-44c1-ac06-cbcf319bbf6b/BP01-C_BP01-080.png,/card-images/BP01-080.png,true
1974841386249217,BP01-080,C★,BP01-命运交锋,https://zhanshuang-prod-minio.janime.cn/card-game-public/20332462-fe8d-44ac-8270-c74af96e75fe/BP01-C_BP01-080★.png,,false
1974841386249218,BP01-081,C,BP01-命运交锋,https://zhanshuang-prod-minio.janime.cn/card-game-public/1974825587141632/BP01-081/9e133cd6-69ea-4272-a93c-8cea9df4612c/BP01-C_BP01-081.png,/card-images/BP01-081.png,true
1974841386249219,BP01-081,C★,BP01-命运交锋,https://zhanshuang-prod-minio.janime.cn/card-game-public/08a22bb0-20f4-4e43-a41a-fd9184cc9d9b/BP01-C_BP01-081★.png,,false
1974841386249220,BP01-082,C,BP01-命运交锋,https://zhanshuang-prod-minio.janime.cn/card-game-public/1974825587141632/BP01-082/90b977ad-0f74-4b81-b50d-d24b6f7f5fa2/BP01-C_BP01-082.png,/card-images/BP01-082.png,true
1974841386253312,BP01-082,C★,BP01-命运交锋,https://zhanshuang-prod-minio.janime.cn/card-game-public/c03838b0-7b6f-499f-9a00-f561b5031087/BP01-C_BP01-082★.png,,false
1974841386253313,BP01-083,C,BP01-命运交锋,https://zhanshuang-prod-minio.janime.cn/card-game-public/1974825587141632/BP01-083/44eeb18d-67b8-495e-a86f-82bf6ec1420f/BP01-C_BP01-083.png,/card-images/BP01-083.png,true
1974841386253314,BP01-083,C★,BP01-命运交锋,https://zhanshuang-prod-minio.janime.cn/card-game-public/f504ec1b-4941-4af2-b703-d03288de1817/BP01-C_BP01-083★.png,,false
1974841386253315,BP01-084,C,BP01-命运交锋,https://zhanshuang-prod-minio.janime.cn/card-game-public/1974825587141632/BP01-084/64616c24-28cf-4776-a879-48316e77537c/BP01-C_BP01-084.png,/card-images/BP01-084.png,true
1974841386253316,BP01-084,C★,BP01-命运交锋,https://zhanshuang-prod-minio.janime.cn/card-game-public/cb65438a-2909-463b-80bd-3293d8bf8c4d/BP01-C_BP01-084★.png,,false
1974841386253317,BP01-085,C,BP01-命运交锋,https://zhanshuang-prod-minio.janime.cn/card-game-public/1974825587141632/BP01-085/4a8c943c-a898-4610-bbf2-04c2aa5e6bb1/BP01-C_BP01-085.png,/card-images/BP01-085.png,true
1974841386253318,BP01-085,C★,BP01-命运交锋,https://zhanshuang-prod-minio.janime.cn/card-game-public/936d16f1-c401-4fd6-a02b-c8b8a5008b2e/BP01-C_BP01-085★.png,,false
1974841386257408,BP01-086,C,BP01-命运交锋,https://zhanshuang-prod-minio.janime.cn/card-game-public/1974825587141632/BP01-086/bc528656-7582-4be2-af64-cf4d5e14842c/BP01-C_BP01-086.png,/card-images/BP01-086.png,true
1974841386257409,BP01-086,C★,BP01-命运交锋,https://zhanshuang-prod-minio.janime.cn/card-game-public/f0369511-8fa8-4d05-a734-1f14520be4e4/BP01-C_BP01-086★.png,,false
1974864884849666,BP02-001,SR,BP02-星海时溯,https://zhanshuang-prod-minio.janime.cn/card-game-public/1974864876735488/BP02-001/fe77ba53-20cf-436e-928d-c9c7aa4e0812/BP02-SR_BP02-001SR.png,/card-images/BP02-001.png,true
1974864884849665,BP02-001,SR★,BP02-星海时溯,https://zhanshuang-prod-minio.janime.cn/card-game-public/1974864876735488/BP02-001/c0091487-a2c7-4774-ac34-23b48b61c804/BP02-SR_BP02-001SR★.png,,false
1974864884849664,BP02-001,SR★★,BP02-星海时溯,https://zhanshuang-prod-minio.janime.cn/card-game-public/1974864876735488/BP02-001/84153ebc-90d6-4d69-89be-a88eb876e046/BP02-SR_BP02-001SR★★.png,,false
1974864884845568,BP02-001,SR★★★,BP02-星海时溯,https://zhanshuang-prod-minio.janime.cn/card-game-public/1974864876735488/BP02-001/5d89cc7d-8676-40f5-b5c1-cbe05aee309e/BP02-SR_BP02-001SR★★★.png,,false
1974864884849668,BP02-002,SR,BP02-星海时溯,https://zhanshuang-prod-minio.janime.cn/card-game-public/1974864876735488/BP02-002/68cd7c7e-40a4-4d4b-8d34-410ced2c9e01/BP02-SR_BP02-002SR.png,/card-images/BP02-002.png,true
1975108428790784,BP02-002,SR★,BP02-星海时溯,https://zhanshuang-prod-minio.janime.cn/card-game-public/1974864876735488/BP02-002/fb4ba80c-383e-4a22-b014-37bf4dae23b5/BP02-SR_BP02-002SR★.png,,false
1974864884853761,BP02-003,R,BP02-星海时溯,https://zhanshuang-prod-minio.janime.cn/card-game-public/1974864876735488/BP02-003/f579e86d-061a-437e-af37-f68d4c7f0c02/BP02-R_BP02-003R.png,/card-images/BP02-003.png,true
1974864884853760,BP02-003,R★,BP02-星海时溯,https://zhanshuang-prod-minio.janime.cn/card-game-public/1974864876735488/BP02-003/5f45f962-b392-434a-b60e-814eaa6a8e09/BP02-R_BP02-003R★.png,,false
1974864884849669,BP02-003,R★★,BP02-星海时溯,https://zhanshuang-prod-minio.janime.cn/card-game-public/1974864876735488/BP02-003/b76eeebd-259a-4eae-8fcf-5f3c7810835e/BP02-R_BP02-003R★★.png,,false
1974864884853764,BP02-004,R,BP02-星海时溯,https://zhanshuang-prod-minio.janime.cn/card-game-public/1974864876735488/BP02-004/d978942e-a80b-4d2f-8be3-ef6671311f13/BP02-R_BP02-004R.png,/card-images/BP02-004.png,true
1974864884853763,BP02-004,R★,BP02-星海时溯,https://zhanshuang-prod-minio.janime.cn/card-game-public/1974864876735488/BP02-004/aa472122-c4ab-49da-bdfb-104a4221f2ca/BP02-R_BP02-004R★.png,,false
1974864884853762,BP02-004,R★★,BP02-星海时溯,https://zhanshuang-prod-minio.janime.cn/card-game-public/1974864876735488/BP02-004/4fe83293-bf65-4852-8309-69895355567f/BP02-R_BP02-004R★★.png,,false
1974864884857856,BP02-005,R,BP02-星海时溯,https://zhanshuang-prod-minio.janime.cn/card-game-public/1974864876735488/BP02-005/7eee64bb-44d0-4df9-a04f-0df1b74252d2/BP02-R_BP02-005R.png,/card-images/BP02-005.png,true
1974864884853765,BP02-005,R★,BP02-星海时溯,https://zhanshuang-prod-minio.janime.cn/card-game-public/1974864876735488/BP02-005/6ec9aaeb-3287-4dec-b428-b047e51779c1/BP02-R_BP02-005R★.png,,false
1974864884857857,BP02-006,U,BP02-星海时溯,https://zhanshuang-prod-minio.janime.cn/card-game-public/1974864876735488/BP02-006/d4b5c806-126a-43e6-b98c-23f51892ce14/BP02-U_BP02-006U.png,/card-images/BP02-006.png,true
1974864884857858,BP02-007,U,BP02-星海时溯,https://zhanshuang-prod-minio.janime.cn/card-game-public/1974864876735488/BP02-007/91aaf0b5-dc7a-4b55-b2a9-d107ac2018df/BP02-U_BP02-007U.png,/card-images/BP02-007.png,true
1974864884857859,BP02-008,U,BP02-星海时溯,https://zhanshuang-prod-minio.janime.cn/card-game-public/1974864876735488/BP02-008/6d749df5-c3a9-4a05-af2b-482dec0b886e/BP02-U_BP02-008U.png,/card-images/BP02-008.png,true
1974864884857860,BP02-009,U,BP02-星海时溯,https://zhanshuang-prod-minio.janime.cn/card-game-public/1974864876735488/BP02-009/b775e06b-9993-4b89-afd5-e8e63cab354c/BP02-U_BP02-009U.png,/card-images/BP02-009.png,true
1991750340320256,BP02-009,PR,PR-推广卡,https://zhanshuang-prod-minio.janime.cn/card-game-public/1979091528694784/BP02-009/6d187234-1a86-4d75-a363-7df208c52ed2/BP02-009.png,,false
1974866089917443,BP02-010,SR,BP02-星海时溯,https://zhanshuang-prod-minio.janime.cn/card-game-public/1974864876735488/BP02-010/8ca28318-6aef-4997-a811-622d60bae932/BP02-SR_BP02-010SR.png,/card-images/BP02-010.png,true
1974866089917442,BP02-010,SR★,BP02-星海时溯,https://zhanshuang-prod-minio.janime.cn/card-game-public/1974864876735488/BP02-010/795bc835-b44b-4870-8740-72b90262755d/BP02-SR_BP02-010SR★.png,,false
1974866089917441,BP02-010,SR★★,BP02-星海时溯,https://zhanshuang-prod-minio.janime.cn/card-game-public/1974864876735488/BP02-010/8315fe42-037d-4abb-89bd-5da2bd63d576/BP02-SR_BP02-010SR★★.png,,false
1974866089917440,BP02-010,SR★★★,BP02-星海时溯,https://zhanshuang-prod-minio.janime.cn/card-game-public/1974864876735488/BP02-010/bc6a1bf9-5519-4ed8-8f8e-e1030ef3baa7/BP02-SR_BP02-010SR★★★.png,,false
1974866089921537,BP02-011,SR,BP02-星海时溯,https://zhanshuang-prod-minio.janime.cn/card-game-public/1974864876735488/BP02-011/1993df01-a92a-4ecb-816c-8741ab434c36/BP02-SR_BP02-011SR.png,/card-images/BP02-011.png,true
1974866089921536,BP02-011,SR★,BP02-星海时溯,https://zhanshuang-prod-minio.janime.cn/card-game-public/1974864876735488/BP02-011/9dbaeca2-c900-44a4-8630-5998a6fa42c9/BP02-SR_BP02-011SR★.png,,false
1974866089921539,BP02-012,R,BP02-星海时溯,https://zhanshuang-prod-minio.janime.cn/card-game-public/1974864876735488/BP02-012/003f5003-1d28-49e0-96fb-793d184e7e02/BP02-R_BP02-012R.png,/card-images/BP02-012.png,true
1974866089921538,BP02-012,R★,BP02-星海时溯,https://zhanshuang-prod-minio.janime.cn/card-game-public/1974864876735488/BP02-012/831a9050-5eed-4d09-b25d-8de546d8304e/BP02-R_BP02-012R★.png,,false
1974866089925632,BP02-013,R,BP02-星海时溯,https://zhanshuang-prod-minio.janime.cn/card-game-public/1974864876735488/BP02-013/357088af-8bbf-44e2-af45-39bec407f546/BP02-R_BP02-013R.png,/card-images/BP02-013.png,true
1974866089921541,BP02-013,R★,BP02-星海时溯,https://zhanshuang-prod-minio.janime.cn/card-game-public/1974864876735488/BP02-013/3aa8d2b9-4497-4693-b592-4d79690069b6/BP02-R_BP02-013R★.png,,false
1974866089921540,BP02-013,R★★,BP02-星海时溯,https://zhanshuang-prod-minio.janime.cn/card-game-public/1974864876735488/BP02-013/bd21b5a2-85c3-464c-b43a-c43ab52ecf3f/BP02-R_BP02-013R★★.png,,false
1974866089925634,BP02-014,R,BP02-星海时溯,https://zhanshuang-prod-minio.janime.cn/card-game-public/1974864876735488/BP02-014/37c1459b-0707-4200-afb6-3892f369e42f/BP02-R_BP02-014R.png,/card-images/BP02-014.png,true
1974866089925633,BP02-014,R★,BP02-星海时溯,https://zhanshuang-prod-minio.janime.cn/card-game-public/1974864876735488/BP02-014/b919ecb4-36fe-43dd-8c06-5d19a5471196/BP02-R_BP02-014R★.png,,false
1974866089925635,BP02-015,U,BP02-星海时溯,https://zhanshuang-prod-minio.janime.cn/card-game-public/1974864876735488/BP02-015/af997abf-9590-49fe-b6d7-463bf9f07a0e/BP02-U_BP02-015U.png,/card-images/BP02-015.png,true
1991750340324352,BP02-015,PR,PR-推广卡,https://zhanshuang-prod-minio.janime.cn/card-game-public/1979091528694784/BP02-015/74e57cd8-916c-4338-9be4-8aaee6320183/BP02-015.png,,false
1974866089925636,BP02-016,U,BP02-星海时溯,https://zhanshuang-prod-minio.janime.cn/card-game-public/1974864876735488/BP02-016/d4e031d2-d678-4a73-9734-0b6556342814/BP02-U_BP02-016U.png,/card-images/BP02-016.png,true
1974866089925637,BP02-017,U,BP02-星海时溯,https://zhanshuang-prod-minio.janime.cn/card-game-public/1974864876735488/BP02-017/872cca86-2e69-445f-91b3-178a4c05d8b2/BP02-U_BP02-017U.png,/card-images/BP02-017.png,true
1974867520117760,BP02-018,U,BP02-星海时溯,https://zhanshuang-prod-minio.janime.cn/card-game-public/1974864876735488/BP02-018/38e5cb56-8dd6-4312-a6dc-0ddc49d43f53/BP02-U_BP02-018U.png,/card-images/BP02-018.png,true
1974867520121856,BP02-019,R,BP02-星海时溯,https://zhanshuang-prod-minio.janime.cn/card-game-public/1974864876735488/BP02-019/76992464-13fa-4851-bc38-da8dafaf4d35/BP02-R_BP02-019R.png,/card-images/BP02-019.png,true
1974867520117761,BP02-019,R★,BP02-星海时溯,https://zhanshuang-prod-minio.janime.cn/card-game-public/1974864876735488/BP02-019/13694e1c-5faf-48c5-8659-e76ce77bfcb9/BP02-R_BP02-019R★.png,,false
1974867520121857,BP02-020,U,BP02-星海时溯,https://zhanshuang-prod-minio.janime.cn/card-game-public/1974864876735488/BP02-020/1f9adad8-a776-41ec-be4f-b4ec511d0598/BP02-U_BP02-020U.png,/card-images/BP02-020.png,true
1974867520121861,BP02-021,SR,BP02-星海时溯,https://zhanshuang-prod-minio.janime.cn/card-game-public/1974864876735488/BP02-021/a6758d64-aff9-4c02-9e77-9fa81ffc5e73/BP02-SR_BP02-021SR.png,/card-images/BP02-021.png,true
1974867520121860,BP02-021,SR★,BP02-星海时溯,https://zhanshuang-prod-minio.janime.cn/card-game-public/1974864876735488/BP02-021/ffa8db3f-d889-456a-a7d3-fde5a1cdbe73/BP02-SR_BP02-021SR★.png,,false
1974867520121859,BP02-021,SR★★,BP02-星海时溯,https://zhanshuang-prod-minio.janime.cn/card-game-public/1974864876735488/BP02-021/62be3567-3206-465c-b24f-7f9e24bb70be/BP02-SR_BP02-021SR★★.png,,false
1974867520121858,BP02-021,SR★★★,BP02-星海时溯,https://zhanshuang-prod-minio.janime.cn/card-game-public/1974864876735488/BP02-021/4d236991-828b-4c7f-bf24-499fbbaec0ad/BP02-SR_BP02-021SR★★★.png,,false
1981925695159296,BP02-022,SR,BP02-星海时溯,https://zhanshuang-prod-minio.janime.cn/card-game-public/5b67aec2-2b90-4611-8ac3-00a91c4039c3/BP02-SR_BP02-022SR.png,/card-images/BP02-022.png,true
1995614903917570,BP02-022,PR,PR-推广卡,https://zhanshuang-prod-minio.janime.cn/card-game-public/485cc3dd-b180-49e3-afbd-11584c49887d/BP02-022PR.png,,false
1974867520125952,BP02-022,SR★,BP02-星海时溯,https://zhanshuang-prod-minio.janime.cn/card-game-public/1974864876735488/BP02-022/d107a837-e7d1-417d-88c5-6ac386faee24/BP02-SR_BP02-022SR★.png,,false
1995616623733760,BP02-022【冠军】,PR,PR-推广卡,https://zhanshuang-prod-minio.janime.cn/card-game-public/181abc6b-30ca-470b-b78a-4fd39cea4443/BP02-022PR冠军.png,/card-images/BP02-022【冠军】.png,true
1974867520125955,BP02-023,R,BP02-星海时溯,https://zhanshuang-prod-minio.janime.cn/card-game-public/1974864876735488/BP02-023/559f47ec-5b5d-48d8-98ca-eb91f557609b/BP02-R_BP02-023R.png,/card-images/BP02-023.png,true
1974867520125954,BP02-023,R★,BP02-星海时溯,https://zhanshuang-prod-minio.janime.cn/card-game-public/1974864876735488/BP02-023/32ca3636-cc18-4056-abcd-e96e67c0456a/BP02-R_BP02-023R★.png,,false
1974867520125953,BP02-023,R★★,BP02-星海时溯,https://zhanshuang-prod-minio.janime.cn/card-game-public/1974864876735488/BP02-023/fa462b62-66ba-4d1e-a1b5-db8c7ea90dd3/BP02-R_BP02-023R★★.png,,false
1974867520125956,BP02-024,U,BP02-星海时溯,https://zhanshuang-prod-minio.janime.cn/card-game-public/1974864876735488/BP02-024/243216cb-8a1b-402e-ba0b-c46b09da5dad/BP02-U_BP02-024U.png,/card-images/BP02-024.png,true
1984716611009536,BP02-024,PR,PR-推广卡,https://zhanshuang-prod-minio.janime.cn/card-game-public/1979091528694784/BP02-024/ce7f1ff0-ecd3-451f-ba0a-0eb10e693219/BP02-024.png,,false
1974867520125957,BP02-025,U,BP02-星海时溯,https://zhanshuang-prod-minio.janime.cn/card-game-public/1974864876735488/BP02-025/359ec37c-5c4e-4345-9ea8-5f93e3e9510e/BP02-U_BP02-025U.png,/card-images/BP02-025.png,true
1974869387983873,BP02-026,SR,BP02-星海时溯,https://zhanshuang-prod-minio.janime.cn/card-game-public/1974864876735488/BP02-026/32844e56-8f20-417d-8413-ea8220a1ba00/BP02-SR_BP02-026SR.png,/card-images/BP02-026.png,true
1974869387983872,BP02-026,SR★,BP02-星海时溯,https://zhanshuang-prod-minio.janime.cn/card-game-public/1974864876735488/BP02-026/abe88ec8-b1c9-4928-912d-0cd5343c9b8d/BP02-SR_BP02-026SR★.png,,false
1974869387979777,BP02-026,SR★★,BP02-星海时溯,https://zhanshuang-prod-minio.janime.cn/card-game-public/1974864876735488/BP02-026/12cf92f8-020b-408c-a2fd-7b087efde79c/BP02-SR_BP02-026SR★★.png,,false
1974869387979776,BP02-026,SR★★★,BP02-星海时溯,https://zhanshuang-prod-minio.janime.cn/card-game-public/1974864876735488/BP02-026/c6439034-ff0f-4968-bb72-21d0e5cdc62d/BP02-SR_BP02-026SR★★★.png,,false
1974869387983875,BP02-027,SR,BP02-星海时溯,https://zhanshuang-prod-minio.janime.cn/card-game-public/1974864876735488/BP02-027/b9ee8761-5e08-4f5d-ad61-f31ebdcc7ed5/BP02-SR_BP02-027SR.png,/card-images/BP02-027.png,true
1974869387983874,BP02-027,SR★,BP02-星海时溯,https://zhanshuang-prod-minio.janime.cn/card-game-public/1974864876735488/BP02-027/e68ed32f-d2e1-4796-bdd9-7db212d68954/BP02-SR_BP02-027SR★.png,,false
1974869387987968,BP02-028,SR,BP02-星海时溯,https://zhanshuang-prod-minio.janime.cn/card-game-public/1974864876735488/BP02-028/ec9633ea-bcc6-4977-9c4c-93b38e767672/BP02-SR_BP02-028SR.png,/card-images/BP02-028.png,true
1974869387983876,BP02-028,SR★,BP02-星海时溯,https://zhanshuang-prod-minio.janime.cn/card-game-public/1974864876735488/BP02-028/363a8f6f-e097-4660-a5ae-b865a3601372/BP02-SR_BP02-028SR★.png,,false
1974869387987970,BP02-029,R,BP02-星海时溯,https://zhanshuang-prod-minio.janime.cn/card-game-public/1974864876735488/BP02-029/68baa45a-1fb2-4135-bb8f-b36c78ac41db/BP02-R_BP02-029R.png,/card-images/BP02-029.png,true
1974869387987969,BP02-029,R★,BP02-星海时溯,https://zhanshuang-prod-minio.janime.cn/card-game-public/1974864876735488/BP02-029/bbf62531-feb6-4c05-be8b-7bd9c56d90e1/BP02-R_BP02-029R★.png,,false
1974869387987973,BP02-030,R,BP02-星海时溯,https://zhanshuang-prod-minio.janime.cn/card-game-public/63c3725c-cefb-47ac-a37b-1a57d753fc67/BP02-R_BP02-030R.png,/card-images/BP02-030.png,true
1974869387987972,BP02-030,R★,BP02-星海时溯,https://zhanshuang-prod-minio.janime.cn/card-game-public/c56dd71c-9a28-49c7-b54c-43fe4a15ceea/BP02-R_BP02-030R★.png,,false
1974869387987971,BP02-030,R★★,BP02-星海时溯,https://zhanshuang-prod-minio.janime.cn/card-game-public/1974864876735488/BP02-030/5432fa6a-effb-4aa9-901c-2573290b639f/BP02-R_BP02-030R★★.png,,false
1974869387992064,BP02-031,U,BP02-星海时溯,https://zhanshuang-prod-minio.janime.cn/card-game-public/1974864876735488/BP02-031/09ba8a9e-bf3c-440e-8398-f1ea85e0cfdb/BP02-U_BP02-031U.png,/card-images/BP02-031.png,true
1974869387992065,BP02-032,U,BP02-星海时溯,https://zhanshuang-prod-minio.janime.cn/card-game-public/1974864876735488/BP02-032/8d447492-b3d9-4d6a-a212-e901fc6c81e7/BP02-U_BP02-032U.png,/card-images/BP02-032.png,true
1991750340324353,BP02-032,PR,PR-推广卡,https://zhanshuang-prod-minio.janime.cn/card-game-public/1979091528694784/BP02-032/1184ec43-cbac-498d-8fbf-197d4c093f7b/BP02-032.png,,false
1974869387992066,BP02-033,U,BP02-星海时溯,https://zhanshuang-prod-minio.janime.cn/card-game-public/1974864876735488/BP02-033/ad837812-a88b-4681-9bfa-649ace09ac48/BP02-U_BP02-033U.png,/card-images/BP02-033.png,true
1974869387992067,BP02-034,U,BP02-星海时溯,https://zhanshuang-prod-minio.janime.cn/card-game-public/1974864876735488/BP02-034/2d664e92-51aa-456e-946e-5c51461110e5/BP02-U_BP02-034U.png,/card-images/BP02-034.png,true
1974869387992068,BP02-035,U,BP02-星海时溯,https://zhanshuang-prod-minio.janime.cn/card-game-public/1974864876735488/BP02-035/5e62c4c2-a870-4a23-9b37-ec38138f7308/BP02-U_BP02-035U.png,/card-images/BP02-035.png,true
1980067423239168,BP02-036,R,BP02-星海时溯,https://zhanshuang-prod-minio.janime.cn/card-game-public/4562b1ce-76f9-414d-9b0f-2e635ca039e4/BP02-R_BP02-036R .png,/card-images/BP02-036.png,true
1995614903921664,BP02-036,PR,PR-推广卡,https://zhanshuang-prod-minio.janime.cn/card-game-public/2eefbb03-9e76-4dad-a7e3-7ffba1795541/BP02-036.png,,false
1974869387996160,BP02-036,R★,BP02-星海时溯,https://zhanshuang-prod-minio.janime.cn/card-game-public/b4eac9b9-4ed1-42d2-8132-426c4a6a8309/BP02-R_BP02-036R★.png,,false
1974869387992069,BP02-036,R★★,BP02-星海时溯,https://zhanshuang-prod-minio.janime.cn/card-game-public/1974864876735488/BP02-036/9ccecc12-81ac-45a6-8bea-f194e121f8bd/BP02-R_BP02-036R★★.png,,false
1974870867262465,BP02-037,SR,BP02-星海时溯,https://zhanshuang-prod-minio.janime.cn/card-game-public/1974864876735488/BP02-037/aadbfed1-41d2-41f3-949d-ca539414fed3/BP02-SR_BP02-037SR.png,/card-images/BP02-037.png,true
1974870867262464,BP02-037,SR★,BP02-星海时溯,https://zhanshuang-prod-minio.janime.cn/card-game-public/1974864876735488/BP02-037/827f490f-c070-4091-bddb-35c45162dcd0/BP02-SR_BP02-037SR★.png,,false
1974870867258368,BP02-037,SR★★,BP02-星海时溯,https://zhanshuang-prod-minio.janime.cn/card-game-public/1974864876735488/BP02-037/6ba7a84e-1af0-4566-a15d-e3c45a4b15a0/BP02-SR_BP02-037SR★★.png,,false
1974870867262467,BP02-038,SR,BP02-星海时溯,https://zhanshuang-prod-minio.janime.cn/card-game-public/1974864876735488/BP02-038/015cf149-d6c9-48d7-ac68-e9bdfda5cd4e/BP02-SR_BP02-038SR.png,/card-images/BP02-038.png,true
1974870867262466,BP02-038,SR★,BP02-星海时溯,https://zhanshuang-prod-minio.janime.cn/card-game-public/1974864876735488/BP02-038/2994e024-e023-4427-9bdc-0bdced093cc0/BP02-SR_BP02-038SR★.png,,false
1974870867266561,BP02-039,R,BP02-星海时溯,https://zhanshuang-prod-minio.janime.cn/card-game-public/1974864876735488/BP02-039/f0d01b08-935d-4bfc-bd1d-7770fed7ed94/BP02-R_BP02-039R.png,/card-images/BP02-039.png,true
1974870867266560,BP02-039,R★,BP02-星海时溯,https://zhanshuang-prod-minio.janime.cn/card-game-public/1974864876735488/BP02-039/e89d9c68-f63c-4a54-a36d-d44f1e7dcd6e/BP02-R_BP02-039R★.png,,false
1974870867266564,BP02-040,R,BP02-星海时溯,https://zhanshuang-prod-minio.janime.cn/card-game-public/1974864876735488/BP02-040/38b35a20-5093-4f74-87e4-9118febb06e1/BP02-R_BP02-040R.png,/card-images/BP02-040.png,true
1974870867266563,BP02-040,R★,BP02-星海时溯,https://zhanshuang-prod-minio.janime.cn/card-game-public/1974864876735488/BP02-040/f156a106-f96f-4c8a-af2b-5e3e421a2f21/BP02-R_BP02-040R★.png,,false
1974870867266562,BP02-040,R★★,BP02-星海时溯,https://zhanshuang-prod-minio.janime.cn/card-game-public/1974864876735488/BP02-040/31ac09d8-7f86-412d-8afc-62c40c27aa4b/BP02-R_BP02-040R★★.png,,false
1974870867266565,BP02-041,U,BP02-星海时溯,https://zhanshuang-prod-minio.janime.cn/card-game-public/1974864876735488/BP02-041/67ec60df-e65f-4281-8fcb-326d0425d28d/BP02-U_BP02-041U.png,/card-images/BP02-041.png,true
1974870867270656,BP02-042,U,BP02-星海时溯,https://zhanshuang-prod-minio.janime.cn/card-game-public/1974864876735488/BP02-042/632d9b8e-1831-42b9-b91f-b987451bd305/BP02-U_BP02-042U.png,/card-images/BP02-042.png,true
1979383405886464,BP02-043,U,BP02-星海时溯,https://zhanshuang-prod-minio.janime.cn/card-game-public/f63391ca-4fb0-44a9-953a-f9a90a47ad0f/BP02-U_BP02-043U.png,/card-images/BP02-043.png,true
1974870867270657,BP02-044,U,BP02-星海时溯,https://zhanshuang-prod-minio.janime.cn/card-game-public/1974864876735488/BP02-044/1ee4151a-b796-4651-8d8d-44438efcf984/BP02-U_BP02-044U.png,/card-images/BP02-044.png,true
1974870867270658,BP02-045,U,BP02-星海时溯,https://zhanshuang-prod-minio.janime.cn/card-game-public/1974864876735488/BP02-045/2c628dfd-9a45-43be-b128-2fbcf998bce8/BP02-U_BP02-045U.png,/card-images/BP02-045.png,true
1974870867270659,BP02-046,U,BP02-星海时溯,https://zhanshuang-prod-minio.janime.cn/card-game-public/1974864876735488/BP02-046/483b3c6b-ad07-4324-8355-afd11a9d5b2d/BP02-U_BP02-046U.png,/card-images/BP02-046.png,true
1974870867274752,BP02-047,R,BP02-星海时溯,https://zhanshuang-prod-minio.janime.cn/card-game-public/1974864876735488/BP02-047/fc5d5ff1-e191-4b96-80b2-fdcc69163b7e/BP02-R_BP02-047R.png,/card-images/BP02-047.png,true
1974870867270660,BP02-047,R★,BP02-星海时溯,https://zhanshuang-prod-minio.janime.cn/card-game-public/1974864876735488/BP02-047/cb531e81-c872-48a6-bf16-cc7185ffbc77/BP02-R_BP02-047R★.png,,false
1974871413103618,BP02-048,SR,BP02-星海时溯,https://zhanshuang-prod-minio.janime.cn/card-game-public/1974864876735488/BP02-048/65100c6d-1b9d-4662-9ba8-2c8f35077f76/BP02-SR_BP02-048SR.png,/card-images/BP02-048.png,true
1974871413103617,BP02-048,SR★,BP02-星海时溯,https://zhanshuang-prod-minio.janime.cn/card-game-public/1974864876735488/BP02-048/8a64d240-9d08-4a14-9989-4bb3011bfabb/BP02-SR_BP02-048SR★.png,,false
1974871413103616,BP02-048,SR★★,BP02-星海时溯,https://zhanshuang-prod-minio.janime.cn/card-game-public/1974864876735488/BP02-048/566f9bf8-d55c-4602-9d85-1e87eb0abc39/BP02-SR_BP02-048SR★★.png,,false
1974871413107712,BP02-049,SR,BP02-星海时溯,https://zhanshuang-prod-minio.janime.cn/card-game-public/1974864876735488/BP02-049/eb1eeba4-5616-410b-b584-78a8a3d9b5c5/BP02-SR_BP02-049SR.png,/card-images/BP02-049.png,true
1974871413103619,BP02-049,SR★,BP02-星海时溯,https://zhanshuang-prod-minio.janime.cn/card-game-public/1974864876735488/BP02-049/f79ebf0a-e9f2-4c10-8bfb-45fe713c67cd/BP02-SR_BP02-049SR★.png,,false
1974871413107714,BP02-050,R,BP02-星海时溯,https://zhanshuang-prod-minio.janime.cn/card-game-public/1974864876735488/BP02-050/63efed33-f734-42c7-b3a1-8172c5a3f8eb/BP02-R_BP02-050R.png,/card-images/BP02-050.png,true
1974871413107713,BP02-050,R★,BP02-星海时溯,https://zhanshuang-prod-minio.janime.cn/card-game-public/1974864876735488/BP02-050/a9b2b166-0757-4243-9df8-4cfe35a3ecb7/BP02-R_BP02-050R★.png,,false
1974871413107717,BP02-051,R,BP02-星海时溯,https://zhanshuang-prod-minio.janime.cn/card-game-public/1974864876735488/BP02-051/2e0d531f-5f3e-4238-851b-2e2cd1d4439c/BP02-R_BP02-051R.png,/card-images/BP02-051.png,true
1974871413107716,BP02-051,R★,BP02-星海时溯,https://zhanshuang-prod-minio.janime.cn/card-game-public/1974864876735488/BP02-051/38790353-1c29-4369-a449-ec97141949b7/BP02-R_BP02-051R★.png,,false
1974871413107715,BP02-051,R★★,BP02-星海时溯,https://zhanshuang-prod-minio.janime.cn/card-game-public/1974864876735488/BP02-051/63aef6d1-c8ab-46e9-a616-4e4c649b378b/BP02-R_BP02-051R★★.png,,false
1974871413111808,BP02-052,U,BP02-星海时溯,https://zhanshuang-prod-minio.janime.cn/card-game-public/1974864876735488/BP02-052/65e090e0-7e3f-4da2-aa52-5bd39149f344/BP02-U_BP02-052U.png,/card-images/BP02-052.png,true
1974871413111809,BP02-053,U,BP02-星海时溯,https://zhanshuang-prod-minio.janime.cn/card-game-public/1974864876735488/BP02-053/55ce67dd-85af-4d19-b185-862f753c9a40/BP02-U_BP02-053U.png,/card-images/BP02-053.png,true
1974871413111810,BP02-054,U,BP02-星海时溯,https://zhanshuang-prod-minio.janime.cn/card-game-public/1974864876735488/BP02-054/5af5a377-df4e-4850-86a9-169d1fb9e4a7/BP02-U_BP02-054U.png,/card-images/BP02-054.png,true
1974871413111811,BP02-055,U,BP02-星海时溯,https://zhanshuang-prod-minio.janime.cn/card-game-public/1974864876735488/BP02-055/7b9fc2e2-55c8-4494-922c-e6a9bfac7801/BP02-U_BP02-055U.png,/card-images/BP02-055.png,true
1974872040283138,BP02-056,SR,BP02-星海时溯,https://zhanshuang-prod-minio.janime.cn/card-game-public/1974864876735488/BP02-056/15f63d65-7bcc-4ab6-977b-b67dccdcd11a/BP02-SR_BP02-056SR.png,/card-images/BP02-056.png,true
1974872040283137,BP02-056,SR★,BP02-星海时溯,https://zhanshuang-prod-minio.janime.cn/card-game-public/1974864876735488/BP02-056/9933f4eb-e42d-4a9f-bb17-7697f347208a/BP02-SR_BP02-056SR★.png,,false
1974872040283136,BP02-056,SR★★,BP02-星海时溯,https://zhanshuang-prod-minio.janime.cn/card-game-public/1974864876735488/BP02-056/111ffa8d-4f4d-4be2-8fe9-85de8b319e15/BP02-SR_BP02-056SR★★.png,,false
1974872040287232,BP02-057,SR,BP02-星海时溯,https://zhanshuang-prod-minio.janime.cn/card-game-public/1974864876735488/BP02-057/a70cf41d-d038-430a-99df-392c95bc016f/BP02-SR_BP02-057SR.png,/card-images/BP02-057.png,true
1975098350050304,BP02-057,SR★,BP02-星海时溯,https://zhanshuang-prod-minio.janime.cn/card-game-public/1974864876735488/BP02-057/6ca3a7cd-4c04-4d7c-ad94-67d42233e102/BP02-SR_BP02-057SR★.png,,false
1974872040287235,BP02-058,R,BP02-星海时溯,https://zhanshuang-prod-minio.janime.cn/card-game-public/1974864876735488/BP02-058/a23827f9-6476-4129-92e6-7547cb13c600/BP02-R_BP02-058R.png,/card-images/BP02-058.png,true
1974872040287234,BP02-058,R★,BP02-星海时溯,https://zhanshuang-prod-minio.janime.cn/card-game-public/1974864876735488/BP02-058/d80c2bf5-f967-407e-bf3a-2cb34fbf4e54/BP02-R_BP02-058R★.png,,false
1974872040287233,BP02-058,R★★,BP02-星海时溯,https://zhanshuang-prod-minio.janime.cn/card-game-public/1974864876735488/BP02-058/cc5afea6-d977-43f1-bfae-7d98be525c2e/BP02-R_BP02-058R★★.png,,false
1974872040291328,BP02-059,R,BP02-星海时溯,https://zhanshuang-prod-minio.janime.cn/card-game-public/1974864876735488/BP02-059/19073119-126d-44cd-8ca6-74c505a0db70/BP02-R_BP02-059R.png,/card-images/BP02-059.png,true
1974872040287236,BP02-059,R★,BP02-星海时溯,https://zhanshuang-prod-minio.janime.cn/card-game-public/1974864876735488/BP02-059/b6eabdfe-a438-45ec-8dd0-f23481d291e7/BP02-R_BP02-059R★.png,,false
1974872040291330,BP02-060,R,BP02-星海时溯,https://zhanshuang-prod-minio.janime.cn/card-game-public/1974864876735488/BP02-060/96397a91-ad75-4a2e-abf1-af87196f6c07/BP02-R_BP02-060R.png,/card-images/BP02-060.png,true
1974872040291329,BP02-060,R★,BP02-星海时溯,https://zhanshuang-prod-minio.janime.cn/card-game-public/1974864876735488/BP02-060/580ba74e-74ba-4b45-93b9-11ed3169b3c0/BP02-R_BP02-060R★.png,,false
1974872040291331,BP02-061,U,BP02-星海时溯,https://zhanshuang-prod-minio.janime.cn/card-game-public/1974864876735488/BP02-061/c5d3b64d-7a94-4c83-8ed1-aada3a010614/BP02-U_BP02-061U.png,/card-images/BP02-061.png,true
1974872040291332,BP02-062,U,BP02-星海时溯,https://zhanshuang-prod-minio.janime.cn/card-game-public/1974864876735488/BP02-062/d90515c9-144f-459b-97e1-894db2bbaa74/BP02-U_BP02-062U.png,/card-images/BP02-062.png,true
1974872040291333,BP02-063,U,BP02-星海时溯,https://zhanshuang-prod-minio.janime.cn/card-game-public/1974864876735488/BP02-063/2b5f23af-850a-4aaf-bec3-998f8c7d18d4/BP02-U_BP02-063U.png,/card-images/BP02-063.png,true
1974872040295424,BP02-064,U,BP02-星海时溯,https://zhanshuang-prod-minio.janime.cn/card-game-public/1974864876735488/BP02-064/61b37475-d846-454a-acb6-7db3e6215ba3/BP02-U_BP02-064U.png,/card-images/BP02-064.png,true
1974872040295425,BP02-065,U,BP02-星海时溯,https://zhanshuang-prod-minio.janime.cn/card-game-public/1974864876735488/BP02-065/9a39d61b-5761-45e7-983e-d6dbecc7ab3a/BP02-U_BP02-065U.png,/card-images/BP02-065.png,true
1974873857149954,BP02-066,SR,BP02-星海时溯,https://zhanshuang-prod-minio.janime.cn/card-game-public/1974864876735488/BP02-066/087e38ca-da12-40f0-bfff-b030b3d378d2/BP02-SR_BP02-066SR.png,/card-images/BP02-066.png,true
1974873857149953,BP02-066,SR★,BP02-星海时溯,https://zhanshuang-prod-minio.janime.cn/card-game-public/1974864876735488/BP02-066/48b2cfa3-9f21-46b9-9553-ba82b626e534/BP02-SR_BP02-066SR★.png,,false
1974873857149952,BP02-066,SR★★,BP02-星海时溯,https://zhanshuang-prod-minio.janime.cn/card-game-public/1974864876735488/BP02-066/282e0c7a-ac4b-44af-90d2-6b2791445ab8/BP02-SR_BP02-066SR★★.png,,false
1974873857149956,BP02-067,SR,BP02-星海时溯,https://zhanshuang-prod-minio.janime.cn/card-game-public/1974864876735488/BP02-067/894974fa-a0b2-4b38-9ac4-baa4c76852bf/BP02-SR_BP02-067SR.png,/card-images/BP02-067.png,true
1974873857149955,BP02-067,SR★,BP02-星海时溯,https://zhanshuang-prod-minio.janime.cn/card-game-public/1974864876735488/BP02-067/16199196-a13f-4a64-a169-8cb5b01abe95/BP02-SR_BP02-067SR★.png,,false
1974873857154050,BP02-068,R,BP02-星海时溯,https://zhanshuang-prod-minio.janime.cn/card-game-public/1974864876735488/BP02-068/c5339dfd-7d27-4052-9dbc-f85a8a7b151a/BP02-R_BP02-068R.png,/card-images/BP02-068.png,true
1974873857154049,BP02-068,R★,BP02-星海时溯,https://zhanshuang-prod-minio.janime.cn/card-game-public/1974864876735488/BP02-068/7bf5b98d-1719-44a5-b5d1-67cb9c7127d3/BP02-R_BP02-068R★.png,,false
1974873857154048,BP02-068,R★★,BP02-星海时溯,https://zhanshuang-prod-minio.janime.cn/card-game-public/1974864876735488/BP02-068/c972421c-4755-4295-a2ab-e8d5b9c7b9dc/BP02-R_BP02-068R★★.png,,false
1974873857154052,BP02-069,R,BP02-星海时溯,https://zhanshuang-prod-minio.janime.cn/card-game-public/1974864876735488/BP02-069/a4b7f4eb-5164-4e01-a787-ebfe7cb385fa/BP02-R_BP02-069R.png,/card-images/BP02-069.png,true
1974873857154051,BP02-069,R★,BP02-星海时溯,https://zhanshuang-prod-minio.janime.cn/card-game-public/1974864876735488/BP02-069/31bffd37-fc04-4535-8811-c6cd44c391d6/BP02-R_BP02-069R★.png,,false
1974873857158144,BP02-070,R,BP02-星海时溯,https://zhanshuang-prod-minio.janime.cn/card-game-public/1974864876735488/BP02-070/7382581d-e8dd-4d35-897e-dc1f94969c35/BP02-R_BP02-070R.png,/card-images/BP02-070.png,true
1974873857154053,BP02-070,R★,BP02-星海时溯,https://zhanshuang-prod-minio.janime.cn/card-game-public/1974864876735488/BP02-070/23b9c344-c199-452b-bde9-d139c4b8cc6c/BP02-R_BP02-070R★.png,,false
1974873857158145,BP02-071,U,BP02-星海时溯,https://zhanshuang-prod-minio.janime.cn/card-game-public/1974864876735488/BP02-071/6da9674e-deea-4837-bc41-a8b2f24f0afe/BP02-U_BP02-071U.png,/card-images/BP02-071.png,true
1974873857158146,BP02-072,U,BP02-星海时溯,https://zhanshuang-prod-minio.janime.cn/card-game-public/1974864876735488/BP02-072/108273bd-59c2-4422-a69d-e87156a0ea75/BP02-U_BP02-072U.png,/card-images/BP02-072.png,true
1974873857158147,BP02-073,U,BP02-星海时溯,https://zhanshuang-prod-minio.janime.cn/card-game-public/1974864876735488/BP02-073/bf840b3b-c7f8-446c-a764-8c323e55966a/BP02-U_BP02-073U.png,/card-images/BP02-073.png,true
1974873857158148,BP02-074,U,BP02-星海时溯,https://zhanshuang-prod-minio.janime.cn/card-game-public/1974864876735488/BP02-074/bf0b5e7d-0975-4f30-9d17-5022c65c1caf/BP02-U_BP02-074U.png,/card-images/BP02-074.png,true
1974873857158149,BP02-075,U,BP02-星海时溯,https://zhanshuang-prod-minio.janime.cn/card-game-public/1974864876735488/BP02-075/7fad0ae8-087a-46e4-9da4-283d99c5e4d2/BP02-U_BP02-075U.png,/card-images/BP02-075.png,true
1974873857162240,BP02-076,U,BP02-星海时溯,https://zhanshuang-prod-minio.janime.cn/card-game-public/1974864876735488/BP02-076/a9cd5f30-580d-424c-9c3c-c8b7df5ce15b/BP02-U_BP02-076U.png,/card-images/BP02-076.png,true
1974874975116288,BP02-077,U,BP02-星海时溯,https://zhanshuang-prod-minio.janime.cn/card-game-public/1974864876735488/BP02-077/a2405aad-0b5d-42af-b61d-a52981cd50b7/BP02-U_BP02-077U.png,/card-images/BP02-077.png,true
1974874975116289,BP02-078,U,BP02-星海时溯,https://zhanshuang-prod-minio.janime.cn/card-game-public/1974864876735488/BP02-078/15921a8d-dac8-4f0c-b50a-6f63e1190331/BP02-U_BP02-078U.png,/card-images/BP02-078.png,true
1974874975120384,BP02-079,U,BP02-星海时溯,https://zhanshuang-prod-minio.janime.cn/card-game-public/1974864876735488/BP02-079/85f83bb4-3f08-4d90-85f6-8e3615d78067/BP02-U_BP02-079U.png,/card-images/BP02-079.png,true
1974874975120385,BP02-080,U,BP02-星海时溯,https://zhanshuang-prod-minio.janime.cn/card-game-public/1974864876735488/BP02-080/1ea74afb-cc91-4d38-b4f5-25f3b3783576/BP02-U_BP02-080U.png,/card-images/BP02-080.png,true
1974874975120386,BP02-081,U,BP02-星海时溯,https://zhanshuang-prod-minio.janime.cn/card-game-public/1974864876735488/BP02-081/69a72ba1-e7c8-41ec-8088-a476d10842b0/BP02-U_BP02-081U.png,/card-images/BP02-081.png,true
1974874975120388,BP02-082,C,BP02-星海时溯,https://zhanshuang-prod-minio.janime.cn/card-game-public/1974864876735488/BP02-082/0f40226f-6760-4732-8cbf-7ee1ab55f2a9/BP02-C_BP02-082C.png,/card-images/BP02-082.png,true
1974874975120387,BP02-082,C★,BP02-星海时溯,https://zhanshuang-prod-minio.janime.cn/card-game-public/1974864876735488/BP02-082/0e73917d-10f2-4abf-92ab-deeb6d76c3da/BP02-C_BP02-082C★.png,,false
1974874975124481,BP02-083,C,BP02-星海时溯,https://zhanshuang-prod-minio.janime.cn/card-game-public/1974864876735488/BP02-083/21d19ab0-745b-4d87-a7d2-f14cdfd655ef/BP02-C_BP02-083C.png,/card-images/BP02-083.png,true
1974874975124480,BP02-083,C★,BP02-星海时溯,https://zhanshuang-prod-minio.janime.cn/card-game-public/1974864876735488/BP02-083/8718037c-6cbb-4c32-bdb1-d1c336fa87dd/BP02-C_BP02-083C★.png,,false
1974874975124483,BP02-084,C,BP02-星海时溯,https://zhanshuang-prod-minio.janime.cn/card-game-public/1974864876735488/BP02-084/abdb3828-e91c-4a6b-b762-91321bc38594/BP02-C_BP02-084C.png,/card-images/BP02-084.png,true
1974874975124482,BP02-084,C★,BP02-星海时溯,https://zhanshuang-prod-minio.janime.cn/card-game-public/1974864876735488/BP02-084/214871ea-c2c5-4524-a389-f47196f712d1/BP02-C_BP02-084C★.png,,false
1974874975124485,BP02-085,C,BP02-星海时溯,https://zhanshuang-prod-minio.janime.cn/card-game-public/1974864876735488/BP02-085/b831f554-bf42-4108-97b5-913a8430e3b2/BP02-C_BP02-085C.png,/card-images/BP02-085.png,true
1974874975124484,BP02-085,C★,BP02-星海时溯,https://zhanshuang-prod-minio.janime.cn/card-game-public/1974864876735488/BP02-085/ed5aba26-5996-4221-8e1e-242187d34648/BP02-C_BP02-085C★.png,,false
1974874975128577,BP02-086,C,BP02-星海时溯,https://zhanshuang-prod-minio.janime.cn/card-game-public/1974864876735488/BP02-086/2522aa27-b6e9-4cab-a7bd-5a224ef731a5/BP02-C_BP02-086C.png,/card-images/BP02-086.png,true
1974874975128576,BP02-086,C★,BP02-星海时溯,https://zhanshuang-prod-minio.janime.cn/card-game-public/1974864876735488/BP02-086/39115bd7-514f-473d-bd00-0740f43d3d40/BP02-C_BP02-086C★.png,,false
1974874975128579,BP02-087,C,BP02-星海时溯,https://zhanshuang-prod-minio.janime.cn/card-game-public/1974864876735488/BP02-087/63185358-5ad6-4316-9225-64b55609eb9b/BP02-C_BP02-087C.png,/card-images/BP02-087.png,true
1974874975128578,BP02-087,C★,BP02-星海时溯,https://zhanshuang-prod-minio.janime.cn/card-game-public/1974864876735488/BP02-087/0615f858-38bd-4adb-863c-dcd287a74226/BP02-C_BP02-087C★.png,,false
1974874975128581,BP02-088,C,BP02-星海时溯,https://zhanshuang-prod-minio.janime.cn/card-game-public/1974864876735488/BP02-088/8865fdb5-0f1e-41b2-8da9-e9bcd4dc3561/BP02-C_BP02-088C.png,/card-images/BP02-088.png,true
1974874975128580,BP02-088,C★,BP02-星海时溯,https://zhanshuang-prod-minio.janime.cn/card-game-public/1974864876735488/BP02-088/42cd6a04-cba1-4226-80eb-1d483d90f3e6/BP02-C_BP02-088C★.png,,false
1974874975132673,BP02-089,C,BP02-星海时溯,https://zhanshuang-prod-minio.janime.cn/card-game-public/1974864876735488/BP02-089/38b28b18-dd09-4fe6-9e5d-62c670737a3b/BP02-C_BP02-089C.png,/card-images/BP02-089.png,true
1974874975132672,BP02-089,C★,BP02-星海时溯,https://zhanshuang-prod-minio.janime.cn/card-game-public/1974864876735488/BP02-089/cdc10115-e65c-4e01-b635-a8a79a35c478/BP02-C_BP02-089C★.png,,false
1974874975132675,BP02-090,C,BP02-星海时溯,https://zhanshuang-prod-minio.janime.cn/card-game-public/c56bc055-72f7-40cf-ade1-9bda9337c2d5/BP02-C_BP02-090C.png,/card-images/BP02-090.png,true
1974874975132674,BP02-090,C★,BP02-星海时溯,https://zhanshuang-prod-minio.janime.cn/card-game-public/1974864876735488/BP02-090/1f5ee5be-e616-4ef8-b48c-3201d80c9100/BP02-C_BP02-090C★.png,,false
2016626058669058,BP03-001,SR,BP03-誓焰破晓,https://zhanshuang-prod-minio.janime.cn/card-game-public/2016625972792320/BP03-001/e134d2df-2040-4d8e-8847-cf70ea819a94/BP03-SR_BP03-001SR.png,/card-images/BP03-001.png,true
2016626058669057,BP03-001,SR★,BP03-誓焰破晓,https://zhanshuang-prod-minio.janime.cn/card-game-public/2016625972792320/BP03-001/5c9e2de8-03a3-48b2-a910-fddbb097625c/BP03-SR_BP03-001SR★.png,,false
2016626058669056,BP03-001,SR★★,BP03-誓焰破晓,https://zhanshuang-prod-minio.janime.cn/card-game-public/2016625972792320/BP03-001/f5c366b6-21b2-413e-bf25-b3e40f124f2c/BP03-SR_BP03-001SR★★.png,,false
2016629077228544,BP03-001,SR★★★,BP03-誓焰破晓,https://zhanshuang-prod-minio.janime.cn/card-game-public/2016625972792320/BP03-001/4507a5ec-3699-46af-92c5-9721995a08ad/BP03-001SR★★★.png,,false
2016626058669060,BP03-002,R,BP03-誓焰破晓,https://zhanshuang-prod-minio.janime.cn/card-game-public/2016625972792320/BP03-002/5b60d30e-5ada-4420-a11c-52f5abdcd532/BP03-R_BP03-002R.png,/card-images/BP03-002.png,true
2016626058669059,BP03-002,R★,BP03-誓焰破晓,https://zhanshuang-prod-minio.janime.cn/card-game-public/2016625972792320/BP03-002/c386ac56-a3b3-4d89-a1cf-9ebdface0936/BP03-R_BP03-002R★.png,,false
2016626058669062,BP03-003,SR,BP03-誓焰破晓,https://zhanshuang-prod-minio.janime.cn/card-game-public/2016625972792320/BP03-003/d7ddb518-6197-4294-985b-a276e94798b4/BP03-SR_BP03-003SR.png,/card-images/BP03-003.png,true
2016626058669061,BP03-003,SR★,BP03-誓焰破晓,https://zhanshuang-prod-minio.janime.cn/card-game-public/2016625972792320/BP03-003/a0d01333-7c5f-4fa6-ae3b-5b9029e89e50/BP03-SR_BP03-003SR★.png,,false
2016626058673152,BP03-004,SR,BP03-誓焰破晓,https://zhanshuang-prod-minio.janime.cn/card-game-public/2016625972792320/BP03-004/98794cd6-13a7-46b6-a697-d8015c8d1f59/BP03-SR_BP03-004SR.png,/card-images/BP03-004.png,true
2016626058669063,BP03-004,SR★,BP03-誓焰破晓,https://zhanshuang-prod-minio.janime.cn/card-game-public/2016625972792320/BP03-004/104fad4f-8626-49ec-9bc8-b07bf9eb6f44/BP03-SR_BP03-004SR★.png,,false
2016626058673155,BP03-005,R,BP03-誓焰破晓,https://zhanshuang-prod-minio.janime.cn/card-game-public/2016625972792320/BP03-005/c048ee72-5759-4121-ba0d-d6c53591a23f/BP03-R_BP03-005R.png,/card-images/BP03-005.png,true
2016626058673154,BP03-005,R★,BP03-誓焰破晓,https://zhanshuang-prod-minio.janime.cn/card-game-public/2016625972792320/BP03-005/279961ea-30aa-4afc-b72f-e5a87b17a7c7/BP03-R_BP03-005R★.png,,false
2016626058673153,BP03-005,R★★,BP03-誓焰破晓,https://zhanshuang-prod-minio.janime.cn/card-game-public/2016625972792320/BP03-005/4e3f1113-5a01-4b88-942a-4aae25fec298/BP03-R_BP03-005R★★.png,,false
2016626058673156,BP03-006,U,BP03-誓焰破晓,https://zhanshuang-prod-minio.janime.cn/card-game-public/2016625972792320/BP03-006/ab85e56b-2cda-4068-8bd5-859277045727/BP03-U_BP03-006U.png,/card-images/BP03-006.png,true
2024313926683648,BP03-006,PR,PR-推广卡,https://zhanshuang-prod-minio.janime.cn/card-game-public/1979091528694784/BP03-006/97694c1c-fd20-4e47-8c87-9d47227e899d/BP03-006.png,,false
2016626058673158,BP03-007,R,BP03-誓焰破晓,https://zhanshuang-prod-minio.janime.cn/card-game-public/2016625972792320/BP03-007/bebbe0ac-594f-4cb7-8f5d-97220d4e4b26/BP03-R_BP03-007R.png,/card-images/BP03-007.png,true
2016626058673157,BP03-007,R★,BP03-誓焰破晓,https://zhanshuang-prod-minio.janime.cn/card-game-public/2016625972792320/BP03-007/016c0287-3601-4d11-a193-77d1f01c4f9e/BP03-R_BP03-007R★.png,,false
2016626058673159,BP03-008,U,BP03-誓焰破晓,https://zhanshuang-prod-minio.janime.cn/card-game-public/2016625972792320/BP03-008/2f3da910-4487-4c04-b8e6-24c9d82723ce/BP03-U_BP03-008U.png,/card-images/BP03-008.png,true
2016626058673160,BP03-009,U,BP03-誓焰破晓,https://zhanshuang-prod-minio.janime.cn/card-game-public/2016625972792320/BP03-009/fdc6fff9-abb0-4c17-86dd-da116aa136a9/BP03-U_BP03-009U.png,/card-images/BP03-009.png,true
2016626058673163,BP03-010,R,BP03-誓焰破晓,https://zhanshuang-prod-minio.janime.cn/card-game-public/2016625972792320/BP03-010/350cd63c-4e45-4a10-b82f-80bcb9eab28f/BP03-R_BP03-010R.png,/card-images/BP03-010.png,true
2016626058673162,BP03-010,R★,BP03-誓焰破晓,https://zhanshuang-prod-minio.janime.cn/card-game-public/2016625972792320/BP03-010/cd73208d-3544-41c8-b926-88b57a5e75e4/BP03-R_BP03-010R★.png,,false
2016626058673161,BP03-010,R★★,BP03-誓焰破晓,https://zhanshuang-prod-minio.janime.cn/card-game-public/2016625972792320/BP03-010/277ff19b-00db-4a6b-9d03-310fae10c71f/BP03-R_BP03-010R★★.png,,false
2016626058673164,BP03-011,U,BP03-誓焰破晓,https://zhanshuang-prod-minio.janime.cn/card-game-public/2016625972792320/BP03-011/caffdccd-65c6-4b13-a483-399540c10c46/BP03-U_BP03-011U.png,/card-images/BP03-011.png,true
2016626058677249,BP03-012,SR,BP03-誓焰破晓,https://zhanshuang-prod-minio.janime.cn/card-game-public/2016625972792320/BP03-012/fd1b18f6-2f54-4cf8-aeb0-63345aac64b3/BP03-SR_BP03-012SR.png,/card-images/BP03-012.png,true
2016626058677248,BP03-012,SR★,BP03-誓焰破晓,https://zhanshuang-prod-minio.janime.cn/card-game-public/2016625972792320/BP03-012/e9545992-fd02-4d21-bd1c-08687145b461/BP03-SR_BP03-012SR★.png,,false
2016626058673165,BP03-012,SR★★,BP03-誓焰破晓,https://zhanshuang-prod-minio.janime.cn/card-game-public/2016625972792320/BP03-012/4471d54f-0490-4013-a552-0cc8a850f513/BP03-SR_BP03-012SR★★.png,,false
2016629077228545,BP03-012,SR★★★,BP03-誓焰破晓,https://zhanshuang-prod-minio.janime.cn/card-game-public/2016625972792320/BP03-012/d23cfea1-10b3-4ffa-ac87-8deb8481c8dd/BP03-012SR★★★.png,,false
2016626058677251,BP03-013,SR,BP03-誓焰破晓,https://zhanshuang-prod-minio.janime.cn/card-game-public/2016625972792320/BP03-013/3a05cb93-c380-499b-a62a-bd06b6cd5ff7/BP03-SR_BP03-013SR.png,/card-images/BP03-013.png,true
2016626058677250,BP03-013,SR★,BP03-誓焰破晓,https://zhanshuang-prod-minio.janime.cn/card-game-public/2016625972792320/BP03-013/937e8fb1-3749-40fc-b78e-ad5d33be9cfc/BP03-SR_BP03-013SR★.png,,false
2016626058677252,BP03-014,R,BP03-誓焰破晓,https://zhanshuang-prod-minio.janime.cn/card-game-public/2016625972792320/BP03-014/68f74b89-9e0c-4f06-955a-2b55fe7e2d80/BP03-R_BP03-014R.png,/card-images/BP03-014.png,true
2016629077228546,BP03-014,R★,BP03-誓焰破晓,https://zhanshuang-prod-minio.janime.cn/card-game-public/2016625972792320/BP03-014/16cd5cfd-39b8-4e73-b328-ef146472baea/BP03-R_BP03-0014R★.png,,false
2016626058677253,BP03-015,U,BP03-誓焰破晓,https://zhanshuang-prod-minio.janime.cn/card-game-public/2016625972792320/BP03-015/2ad912d9-ad68-410c-bfbd-e78c7c5b8384/BP03-U_BP03-015U.png,/card-images/BP03-015.png,true
2015807127976970,BP03-015,PR,PR-推广卡,https://zhanshuang-prod-minio.janime.cn/card-game-public/2015807117573121/BP03-015/a86acc42-eece-4d06-8a34-0e8d854171ba/BP03-015_01.png,,false
2016626058677254,BP03-016,U,BP03-誓焰破晓,https://zhanshuang-prod-minio.janime.cn/card-game-public/2016625972792320/BP03-016/d7f5efd3-9be5-41d5-afd7-2171d2d0c48d/BP03-U_BP03-016U.png,/card-images/BP03-016.png,true
2016626058677256,BP03-017,R,BP03-誓焰破晓,https://zhanshuang-prod-minio.janime.cn/card-game-public/2016625972792320/BP03-017/549c8047-e5b0-41be-8b67-264a098aff44/BP03-R_BP03-017R.png,/card-images/BP03-017.png,true
2016629077228547,BP03-017,R★,BP03-誓焰破晓,https://zhanshuang-prod-minio.janime.cn/card-game-public/2016625972792320/BP03-017/5d20812d-41ab-41f8-970d-13b29c7ab1f8/BP03-R_BP03-0017R★.png,,false
2016626058677255,BP03-017,R★★,BP03-誓焰破晓,https://zhanshuang-prod-minio.janime.cn/card-game-public/2016625972792320/BP03-017/c9d714be-1ad0-41b9-ad22-bdcce9e40f7a/BP03-R_BP03-017R★★.png,,false
2016626058677257,BP03-018,U,BP03-誓焰破晓,https://zhanshuang-prod-minio.janime.cn/card-game-public/2016625972792320/BP03-018/838d1be8-ee5a-4ef8-90a1-c116b8c5d9d2/BP03-U_BP03-018U.png,/card-images/BP03-018.png,true
2016626058677258,BP03-019,U,BP03-誓焰破晓,https://zhanshuang-prod-minio.janime.cn/card-game-public/2016625972792320/BP03-019/b58a2615-05f2-4d3e-b43f-77f830c4343c/BP03-U_BP03-019U.png,/card-images/BP03-019.png,true
2016626058677259,BP03-020,U,BP03-誓焰破晓,https://zhanshuang-prod-minio.janime.cn/card-game-public/2016625972792320/BP03-020/950b82cb-3b3f-4ffe-941a-c1e47047f88c/BP03-U_BP03-020U.png,/card-images/BP03-020.png,true
2016626058677260,BP03-021,U,BP03-誓焰破晓,https://zhanshuang-prod-minio.janime.cn/card-game-public/2016625972792320/BP03-021/6b2de5eb-7385-4e04-91b0-7e151a38e7b8/BP03-U_BP03-021U.png,/card-images/BP03-021.png,true
2016626058677262,BP03-022,R,BP03-誓焰破晓,https://zhanshuang-prod-minio.janime.cn/card-game-public/2016625972792320/BP03-022/8e395508-f64b-4bba-9332-482d09ebb311/BP03-R_BP03-022R.png,/card-images/BP03-022.png,true
2016626058677261,BP03-022,R★,BP03-誓焰破晓,https://zhanshuang-prod-minio.janime.cn/card-game-public/2016625972792320/BP03-022/035b5310-b6a4-4b2b-92e0-e49199c6bf7e/BP03-R_BP03-022R★.png,,false
2016626058681346,BP03-023,SR,BP03-誓焰破晓,https://zhanshuang-prod-minio.janime.cn/card-game-public/2016625972792320/BP03-023/c06dfc3e-fc15-48b9-8679-ba14b0e1556a/BP03-SR_BP03-023SR.png,/card-images/BP03-023.png,true
2016626058681345,BP03-023,SR★,BP03-誓焰破晓,https://zhanshuang-prod-minio.janime.cn/card-game-public/2016625972792320/BP03-023/cf55f7ba-4e01-4cd1-996b-7a46f158460f/BP03-SR_BP03-023SR★.png,,false
2016626058681344,BP03-023,SR★★,BP03-誓焰破晓,https://zhanshuang-prod-minio.janime.cn/card-game-public/2016625972792320/BP03-023/787cc483-7807-4fb1-b4e5-12dceea2fe02/BP03-SR_BP03-023SR★★.png,,false
2016629077228549,BP03-023,SR★★★,BP03-誓焰破晓,https://zhanshuang-prod-minio.janime.cn/card-game-public/2016625972792320/BP03-023/a4322edf-f460-48c2-b2fd-436bce4a6ffb/BP03-023SR★★★.png,,false
2016626058681349,BP03-024,R,BP03-誓焰破晓,https://zhanshuang-prod-minio.janime.cn/card-game-public/2016625972792320/BP03-024/7dc5e228-b056-4c53-b99d-280d596de2e5/BP03-R_BP03-024R.png,/card-images/BP03-024.png,true
2016626058681348,BP03-024,R★,BP03-誓焰破晓,https://zhanshuang-prod-minio.janime.cn/card-game-public/2016625972792320/BP03-024/044e643e-0a09-45cd-8a98-58d26d9be6a8/BP03-R_BP03-024R★.png,,false
2016626058681347,BP03-024,R★★,BP03-誓焰破晓,https://zhanshuang-prod-minio.janime.cn/card-game-public/2016625972792320/BP03-024/9eb7b47d-e370-4019-95df-5cc9b8073396/BP03-R_BP03-024R★★.png,,false
2016626058681351,BP03-025,SR,BP03-誓焰破晓,https://zhanshuang-prod-minio.janime.cn/card-game-public/2016625972792320/BP03-025/9b916365-2bab-4696-81c7-940a3405ccc4/BP03-SR_BP03-025SR.png,/card-images/BP03-025.png,true
2016626058681350,BP03-025,SR★,BP03-誓焰破晓,https://zhanshuang-prod-minio.janime.cn/card-game-public/2016625972792320/BP03-025/7f0e3922-e1b6-4155-90df-a45be9d9097f/BP03-SR_BP03-025SR★.png,,false
2016626058681353,BP03-026,R,BP03-誓焰破晓,https://zhanshuang-prod-minio.janime.cn/card-game-public/2016625972792320/BP03-026/ba2122f1-b2f3-437c-a971-c923df8ca0ba/BP03-R_BP03-026R.png,/card-images/BP03-026.png,true
2016626058681352,BP03-026,R★,BP03-誓焰破晓,https://zhanshuang-prod-minio.janime.cn/card-game-public/2016625972792320/BP03-026/f74edbe9-367d-4f9c-829a-a51723114141/BP03-R_BP03-026R★.png,,false
2016626058681354,BP03-027,U,BP03-誓焰破晓,https://zhanshuang-prod-minio.janime.cn/card-game-public/2016625972792320/BP03-027/127f4daa-5ec9-4b8c-97d5-eec967d52f07/BP03-U_BP03-027U.png,/card-images/BP03-027.png,true
2016626058681356,BP03-028,R,BP03-誓焰破晓,https://zhanshuang-prod-minio.janime.cn/card-game-public/2016625972792320/BP03-028/3952c631-9779-4efc-8e72-a05ffbac5675/BP03-R_BP03-028R.png,/card-images/BP03-028.png,true
2016626058681355,BP03-028,R★,BP03-誓焰破晓,https://zhanshuang-prod-minio.janime.cn/card-game-public/2016625972792320/BP03-028/1769f1b0-cdab-4604-b8e7-994a089e8d72/BP03-R_BP03-028R★.png,,false
2016626058681357,BP03-029,U,BP03-誓焰破晓,https://zhanshuang-prod-minio.janime.cn/card-game-public/2016625972792320/BP03-029/0ef023b7-1d05-4649-9b28-7cd53b94d87b/BP03-U_BP03-029U.png,/card-images/BP03-029.png,true
2024313926683649,BP03-029,PR,PR-推广卡,https://zhanshuang-prod-minio.janime.cn/card-game-public/1979091528694784/BP03-029/1d5a7edf-7512-4f7d-bc3f-7498cb6b877a/BP03-029.png,,false
2016626058685440,BP03-030,U,BP03-誓焰破晓,https://zhanshuang-prod-minio.janime.cn/card-game-public/2016625972792320/BP03-030/2e80397f-bff2-4249-a80d-8d71ac40edeb/BP03-U_BP03-030U.png,/card-images/BP03-030.png,true
2016626058685441,BP03-031,U,BP03-誓焰破晓,https://zhanshuang-prod-minio.janime.cn/card-game-public/2016625972792320/BP03-031/abdbf347-479b-4c64-b3d2-c1abad532675/BP03-U_BP03-031U.png,/card-images/BP03-031.png,true
2016626058685443,BP03-032,R,BP03-誓焰破晓,https://zhanshuang-prod-minio.janime.cn/card-game-public/2016625972792320/BP03-032/efb75c42-098e-4fbd-8e05-f197ac71abf5/BP03-R_BP03-032R.png,/card-images/BP03-032.png,true
2016626058685442,BP03-032,R★,BP03-誓焰破晓,https://zhanshuang-prod-minio.janime.cn/card-game-public/2016625972792320/BP03-032/5fcaf3e6-6c09-4b9c-9658-72b86bf0fbe7/BP03-R_BP03-032R★.png,,false
2016626058685444,BP03-033,U,BP03-誓焰破晓,https://zhanshuang-prod-minio.janime.cn/card-game-public/2016625972792320/BP03-033/9487531e-c07f-4538-b293-1b5b7ba49c78/BP03-U_BP03-033U.png,/card-images/BP03-033.png,true
2016626058685447,BP03-034,SR,BP03-誓焰破晓,https://zhanshuang-prod-minio.janime.cn/card-game-public/2016625972792320/BP03-034/7e9494d7-f1f6-467b-8283-4bcff2bc702e/BP03-SR_BP03-034SR.png,/card-images/BP03-034.png,true
2016626058685446,BP03-034,SR★,BP03-誓焰破晓,https://zhanshuang-prod-minio.janime.cn/card-game-public/2016625972792320/BP03-034/5694415f-9fac-4e96-9999-9d18fb1864dc/BP03-SR_BP03-034SR★.png,,false
2016626058685445,BP03-034,SR★★,BP03-誓焰破晓,https://zhanshuang-prod-minio.janime.cn/card-game-public/2016625972792320/BP03-034/0503c59d-5034-41b7-a422-5fe15bbd7276/BP03-SR_BP03-034SR★★.png,,false
2016626058685449,BP03-035,SR,BP03-誓焰破晓,https://zhanshuang-prod-minio.janime.cn/card-game-public/2016625972792320/BP03-035/754aee8f-6f6f-47d2-ac3c-94ae5f31fcb6/BP03-SR_BP03-035SR.png,/card-images/BP03-035.png,true
2016626058685448,BP03-035,SR★,BP03-誓焰破晓,https://zhanshuang-prod-minio.janime.cn/card-game-public/2016625972792320/BP03-035/dcb52872-ca50-456b-8830-6e2d0cd70e2d/BP03-SR_BP03-035SR★.png,,false
2016626058685450,BP03-036,U,BP03-誓焰破晓,https://zhanshuang-prod-minio.janime.cn/card-game-public/2016625972792320/BP03-036/de80d7be-db68-4238-80c4-d53a7421c4fa/BP03-U_BP03-036U.png,/card-images/BP03-036.png,true
2016626058685451,BP03-037,U,BP03-誓焰破晓,https://zhanshuang-prod-minio.janime.cn/card-game-public/2016625972792320/BP03-037/496f048c-1c19-4cb8-aad3-cf03cc6d2dd7/BP03-U_BP03-037U.png,/card-images/BP03-037.png,true
2016626058685452,BP03-038,U,BP03-誓焰破晓,https://zhanshuang-prod-minio.janime.cn/card-game-public/2016625972792320/BP03-038/b4b6011c-be4b-4d5e-9f87-197ab37fb0ba/BP03-U_BP03-038U.png,/card-images/BP03-038.png,true
2016626058689536,BP03-039,R,BP03-誓焰破晓,https://zhanshuang-prod-minio.janime.cn/card-game-public/2016625972792320/BP03-039/b8ee63a5-7550-4c43-a53f-61d32f7af36a/BP03-R_BP03-039R.png,/card-images/BP03-039.png,true
2016626058685453,BP03-039,R★,BP03-誓焰破晓,https://zhanshuang-prod-minio.janime.cn/card-game-public/2016625972792320/BP03-039/e74af2d5-dee6-44d5-b299-922b540ae9a3/BP03-R_BP03-039R★.png,,false
2016626058689537,BP03-040,U,BP03-誓焰破晓,https://zhanshuang-prod-minio.janime.cn/card-game-public/2016625972792320/BP03-040/7fffd74b-d309-4712-831a-6e4b00ebb1b9/BP03-U_BP03-040U.png,/card-images/BP03-040.png,true
2016626058689538,BP03-041,U,BP03-誓焰破晓,https://zhanshuang-prod-minio.janime.cn/card-game-public/2016625972792320/BP03-041/6c3962ac-ae26-4513-aa43-6ebda0233633/BP03-U_BP03-041U.png,/card-images/BP03-041.png,true
2016626058689541,BP03-042,R,BP03-誓焰破晓,https://zhanshuang-prod-minio.janime.cn/card-game-public/2016625972792320/BP03-042/3e17bb94-1973-4eac-b213-a814fa338847/BP03-R_BP03-042R.png,/card-images/BP03-042.png,true
2016626058689540,BP03-042,R★,BP03-誓焰破晓,https://zhanshuang-prod-minio.janime.cn/card-game-public/2016625972792320/BP03-042/922dddaa-557d-493c-b0cb-08f9d3e3c902/BP03-R_BP03-042R★.png,,false
2016626058689539,BP03-042,R★★,BP03-誓焰破晓,https://zhanshuang-prod-minio.janime.cn/card-game-public/2016625972792320/BP03-042/8b45c6a1-4876-4057-bfab-0413345f95d1/BP03-R_BP03-042R★★.png,,false
2016626058689543,BP03-043,R,BP03-誓焰破晓,https://zhanshuang-prod-minio.janime.cn/card-game-public/2016625972792320/BP03-043/85110ef1-d4cf-401c-b25c-cc16d0367e42/BP03-R_BP03-043R.png,/card-images/BP03-043.png,true
2016626058689542,BP03-043,R★,BP03-誓焰破晓,https://zhanshuang-prod-minio.janime.cn/card-game-public/2016625972792320/BP03-043/2c6e80eb-82f0-475b-941f-a45efb0b372a/BP03-R_BP03-043R★.png,,false
2016626058689544,BP03-044,U,BP03-誓焰破晓,https://zhanshuang-prod-minio.janime.cn/card-game-public/2016625972792320/BP03-044/3a7ea914-bcc3-4e67-bbc2-35ed09151541/BP03-U_BP03-044U.png,/card-images/BP03-044.png,true
2016626058689547,BP03-045,SR,BP03-誓焰破晓,https://zhanshuang-prod-minio.janime.cn/card-game-public/2016625972792320/BP03-045/3002d0fa-556a-42c9-b8c3-20bb40a7065c/BP03-SR_BP03-045SR.png,/card-images/BP03-045.png,true
2016626058689546,BP03-045,SR★,BP03-誓焰破晓,https://zhanshuang-prod-minio.janime.cn/card-game-public/2016625972792320/BP03-045/7229f64f-c5da-431f-87ee-5d74801e11f7/BP03-SR_BP03-045SR★.png,,false
2016626058689545,BP03-045,SR★★,BP03-誓焰破晓,https://zhanshuang-prod-minio.janime.cn/card-game-public/2016625972792320/BP03-045/a3c8a9b1-7f4e-4488-8d1f-bed8123d0177/BP03-SR_BP03-045SR★★.png,,false
2016626058693633,BP03-046,R,BP03-誓焰破晓,https://zhanshuang-prod-minio.janime.cn/card-game-public/2016625972792320/BP03-046/bb93eaa0-7a98-416f-ade9-8f7732a5ff06/BP03-R_BP03-046R.png,/card-images/BP03-046.png,true
2016626058693632,BP03-046,R★,BP03-誓焰破晓,https://zhanshuang-prod-minio.janime.cn/card-game-public/2016625972792320/BP03-046/630fa3e4-3a12-422a-b18c-dc47a23fb1e6/BP03-R_BP03-046R★.png,,false
2016626058689548,BP03-046,R★★,BP03-誓焰破晓,https://zhanshuang-prod-minio.janime.cn/card-game-public/2016625972792320/BP03-046/b6cb6e2a-0de7-453b-b379-11889bc16622/BP03-R_BP03-046R★★.png,,false
2016626058693634,BP03-047,U,BP03-誓焰破晓,https://zhanshuang-prod-minio.janime.cn/card-game-public/2016625972792320/BP03-047/2e4d2a93-2e15-42ba-a9b2-4ad1f396194d/BP03-U_BP03-047U.png,/card-images/BP03-047.png,true
2016626058693636,BP03-048,SR,BP03-誓焰破晓,https://zhanshuang-prod-minio.janime.cn/card-game-public/2016625972792320/BP03-048/3f49df7c-8c05-4edc-afce-c82d6e2ab86a/BP03-SR_BP03-048SR.png,/card-images/BP03-048.png,true
2016626058693635,BP03-048,SR★,BP03-誓焰破晓,https://zhanshuang-prod-minio.janime.cn/card-game-public/2016625972792320/BP03-048/f01abd8e-a606-49d5-9fd8-0a8364488b9a/BP03-SR_BP03-048SR★.png,,false
2016626058693638,BP03-049,R,BP03-誓焰破晓,https://zhanshuang-prod-minio.janime.cn/card-game-public/2016625972792320/BP03-049/c2aca2dc-3061-4831-acca-bdacc26763e7/BP03-R_BP03-049R.png,/card-images/BP03-049.png,true
2016626058693637,BP03-049,R★,BP03-誓焰破晓,https://zhanshuang-prod-minio.janime.cn/card-game-public/2016625972792320/BP03-049/ac68a040-52f9-4155-97c3-03933afe3faf/BP03-R_BP03-049R★.png,,false
2016626058693639,BP03-050,U,BP03-誓焰破晓,https://zhanshuang-prod-minio.janime.cn/card-game-public/2016625972792320/BP03-050/0d4aca7f-01df-4944-a0fb-df22bd6aa764/BP03-U_BP03-050U.png,/card-images/BP03-050.png,true
2016626058693640,BP03-051,U,BP03-誓焰破晓,https://zhanshuang-prod-minio.janime.cn/card-game-public/2016625972792320/BP03-051/c3d9976c-23a0-46a8-b1f2-b7e4f333c2ce/BP03-U_BP03-051U.png,/card-images/BP03-051.png,true
2024313926683650,BP03-051,PR,PR-推广卡,https://zhanshuang-prod-minio.janime.cn/card-game-public/1979091528694784/BP03-051/adf8adb9-ac61-41ed-8c60-2dbeff0cf76d/BP03-051.png,,false
2016626058693641,BP03-052,U,BP03-誓焰破晓,https://zhanshuang-prod-minio.janime.cn/card-game-public/2016625972792320/BP03-052/3e74f1d0-0cba-402b-bd44-b0047c0d3a72/BP03-U_BP03-052U.png,/card-images/BP03-052.png,true
2016626058693642,BP03-053,U,BP03-誓焰破晓,https://zhanshuang-prod-minio.janime.cn/card-game-public/2016625972792320/BP03-053/9d2e607b-3b95-4344-8885-9065e5732830/BP03-U_BP03-053U.png,/card-images/BP03-053.png,true
2016626058697729,BP03-054,R,BP03-誓焰破晓,https://zhanshuang-prod-minio.janime.cn/card-game-public/2016625972792320/BP03-054/3e28f8dd-0d64-4df1-bdcb-1c90db2282e5/BP03-R_BP03-054R.png,/card-images/BP03-054.png,true
2016626058697728,BP03-054,R★,BP03-誓焰破晓,https://zhanshuang-prod-minio.janime.cn/card-game-public/2016625972792320/BP03-054/28eb36fc-84c6-4f96-867f-ece4f618d4d6/BP03-R_BP03-054R★.png,,false
2016626058697730,BP03-055,U,BP03-誓焰破晓,https://zhanshuang-prod-minio.janime.cn/card-game-public/2016625972792320/BP03-055/2369ec47-d5f4-4ad2-b45a-b103b4af749c/BP03-U_BP03-055U.png,/card-images/BP03-055.png,true
2016626058697733,BP03-056,SR,BP03-誓焰破晓,https://zhanshuang-prod-minio.janime.cn/card-game-public/2016625972792320/BP03-056/0e34ff59-3712-4fd5-a37d-3de9c2cf9d1c/BP03-SR_BP03-056SR.png,/card-images/BP03-056.png,true
2016626058697732,BP03-056,SR★,BP03-誓焰破晓,https://zhanshuang-prod-minio.janime.cn/card-game-public/2016625972792320/BP03-056/77018fb0-8df3-4183-97ac-0286a72f6aa8/BP03-SR_BP03-056SR★.png,,false
2016626058697731,BP03-056,SR★★,BP03-誓焰破晓,https://zhanshuang-prod-minio.janime.cn/card-game-public/2016625972792320/BP03-056/7ff10c51-6568-4b27-9bd6-e2241e05f36c/BP03-SR_BP03-056SR★★.png,,false
2016629077228548,BP03-056,SR★★★,BP03-誓焰破晓,https://zhanshuang-prod-minio.janime.cn/card-game-public/2016625972792320/BP03-056/9176abe9-9f81-4067-8dfa-7b8429d9ef13/BP03-056SR★★★.png,,false
2016626058697734,BP03-057,U,BP03-誓焰破晓,https://zhanshuang-prod-minio.janime.cn/card-game-public/2016625972792320/BP03-057/951ff5be-1810-4c4b-8ec2-63071fd92f39/BP03-U_BP03-057U.png,/card-images/BP03-057.png,true
2016626058697737,BP03-058,R,BP03-誓焰破晓,https://zhanshuang-prod-minio.janime.cn/card-game-public/2016625972792320/BP03-058/49a5ba8a-e5cf-40fc-aad8-e08d03e93bf0/BP03-R_BP03-058R.png,/card-images/BP03-058.png,true
2016626058697736,BP03-058,R★,BP03-誓焰破晓,https://zhanshuang-prod-minio.janime.cn/card-game-public/2016625972792320/BP03-058/94864f27-abc1-4957-8fbe-4f52cf375def/BP03-R_BP03-058R★.png,,false
2016626058697735,BP03-058,R★★,BP03-誓焰破晓,https://zhanshuang-prod-minio.janime.cn/card-game-public/2016625972792320/BP03-058/018f12a5-e34e-4873-acef-65d3fb9f6c87/BP03-R_BP03-058R★★.png,,false
2016626058697739,BP03-059,SR,BP03-誓焰破晓,https://zhanshuang-prod-minio.janime.cn/card-game-public/2016625972792320/BP03-059/17a9e0b5-32f6-4d6b-be3a-9170eb12b16f/BP03-SR_BP03-059SR.png,/card-images/BP03-059.png,true
2016626058697738,BP03-059,SR★,BP03-誓焰破晓,https://zhanshuang-prod-minio.janime.cn/card-game-public/2016625972792320/BP03-059/0cf29bc8-64a4-45d7-9da0-135f0d70ef89/BP03-SR_BP03-059SR★.png,,false
2016626058697740,BP03-060,U,BP03-誓焰破晓,https://zhanshuang-prod-minio.janime.cn/card-game-public/2016625972792320/BP03-060/e38e18ec-491e-4440-8566-4650443f485d/BP03-U_BP03-060U.png,/card-images/BP03-060.png,true
2016626058701824,BP03-061,R,BP03-誓焰破晓,https://zhanshuang-prod-minio.janime.cn/card-game-public/2016625972792320/BP03-061/dae20fc3-4a6a-4f0d-9814-cac4708e4ca8/BP03-R_BP03-061R.png,/card-images/BP03-061.png,true
2016626058697741,BP03-061,R★,BP03-誓焰破晓,https://zhanshuang-prod-minio.janime.cn/card-game-public/2016625972792320/BP03-061/22a5dbff-25df-40bb-805c-a0fdfefe19a3/BP03-R_BP03-061R★.png,,false
2016626058701826,BP03-062,R,BP03-誓焰破晓,https://zhanshuang-prod-minio.janime.cn/card-game-public/2016625972792320/BP03-062/874df08a-32fd-48bc-9869-298d6330ab2c/BP03-R_BP03-062R.png,/card-images/BP03-062.png,true
2016626058701825,BP03-062,R★,BP03-誓焰破晓,https://zhanshuang-prod-minio.janime.cn/card-game-public/2016625972792320/BP03-062/db18a826-f012-4bd4-a607-52252664b9bb/BP03-R_BP03-062R★.png,,false
2016626058701827,BP03-063,U,BP03-誓焰破晓,https://zhanshuang-prod-minio.janime.cn/card-game-public/2016625972792320/BP03-063/9021f6cf-117a-4271-bbf8-c35ee8952f2e/BP03-U_BP03-063U.png,/card-images/BP03-063.png,true
2016626058701828,BP03-064,U,BP03-誓焰破晓,https://zhanshuang-prod-minio.janime.cn/card-game-public/2016625972792320/BP03-064/76b78846-3678-4aba-a042-709148e574bb/BP03-U_BP03-064U.png,/card-images/BP03-064.png,true
2016626058701829,BP03-065,U,BP03-誓焰破晓,https://zhanshuang-prod-minio.janime.cn/card-game-public/2016625972792320/BP03-065/3b8e0704-4cb3-4676-821b-00bc3c9a8d35/BP03-U_BP03-065U.png,/card-images/BP03-065.png,true
2016626058701830,BP03-066,U,BP03-誓焰破晓,https://zhanshuang-prod-minio.janime.cn/card-game-public/2016625972792320/BP03-066/6bd7fdc2-3d16-4807-82f5-dbf8f8b7dae3/BP03-U_BP03-066U.png,/card-images/BP03-066.png,true
2016626058701832,BP03-067,SR,BP03-誓焰破晓,https://zhanshuang-prod-minio.janime.cn/card-game-public/2016625972792320/BP03-067/da66fe28-6684-4e05-ad9a-165e7b519155/BP03-SR_BP03-067SR.png,/card-images/BP03-067.png,true
2016626058701831,BP03-067,SR★,BP03-誓焰破晓,https://zhanshuang-prod-minio.janime.cn/card-game-public/2016625972792320/BP03-067/82febc1e-5f6d-47b4-8796-1e36192dc58c/BP03-SR_BP03-067SR★.png,,false
2016626058701833,BP03-068,U,BP03-誓焰破晓,https://zhanshuang-prod-minio.janime.cn/card-game-public/2016625972792320/BP03-068/6947c54d-199e-4da6-964e-81cc3db26e7c/BP03-U_BP03-068U.png,/card-images/BP03-068.png,true
2016626058701834,BP03-069,U,BP03-誓焰破晓,https://zhanshuang-prod-minio.janime.cn/card-game-public/2016625972792320/BP03-069/408f05fa-1255-444e-909d-a89af846a325/BP03-U_BP03-069U.png,/card-images/BP03-069.png,true
2016626058701837,BP03-070,R,BP03-誓焰破晓,https://zhanshuang-prod-minio.janime.cn/card-game-public/2016625972792320/BP03-070/fe2397e7-8e61-4056-a914-d2ac6570e713/BP03-R_BP03-070R.png,/card-images/BP03-070.png,true
2016626058701836,BP03-070,R★,BP03-誓焰破晓,https://zhanshuang-prod-minio.janime.cn/card-game-public/2016625972792320/BP03-070/e61fa466-6ccf-40df-ad90-08193f0dacbb/BP03-R_BP03-070R★.png,,false
2016626058701835,BP03-070,R★★,BP03-誓焰破晓,https://zhanshuang-prod-minio.janime.cn/card-game-public/2016625972792320/BP03-070/9d6a0738-b389-425a-962e-2c7662d94e6b/BP03-R_BP03-070R★★.png,,false
2016626058701838,BP03-071,U,BP03-誓焰破晓,https://zhanshuang-prod-minio.janime.cn/card-game-public/2016625972792320/BP03-071/a1231894-e910-45ff-8617-bd8b1a9a3616/BP03-U_BP03-071U.png,/card-images/BP03-071.png,true
2016626058705922,BP03-072,R,BP03-誓焰破晓,https://zhanshuang-prod-minio.janime.cn/card-game-public/2016625972792320/BP03-072/92a69798-e3d9-4c70-b369-8ea2f89b737f/BP03-R_BP03-072R.png,/card-images/BP03-072.png,true
2016626058705921,BP03-072,R★,BP03-誓焰破晓,https://zhanshuang-prod-minio.janime.cn/card-game-public/2016625972792320/BP03-072/f4012065-15d2-4318-b716-ca1720c977a1/BP03-R_BP03-072R★.png,,false
2016626058705920,BP03-072,R★★,BP03-誓焰破晓,https://zhanshuang-prod-minio.janime.cn/card-game-public/2016625972792320/BP03-072/4c9a6165-76f9-40c2-bc5d-0d25cadddfd0/BP03-R_BP03-072R★★.png,,false
2016626058705923,BP03-073,U,BP03-誓焰破晓,https://zhanshuang-prod-minio.janime.cn/card-game-public/2016625972792320/BP03-073/53ee4991-08d7-4181-8617-75679886af01/BP03-U_BP03-073U.png,/card-images/BP03-073.png,true
2016626058705926,BP03-074,SR,BP03-誓焰破晓,https://zhanshuang-prod-minio.janime.cn/card-game-public/2016625972792320/BP03-074/795b9c45-710e-422c-91a8-fec151a8bf2e/BP03-SR_BP03-074SR.png,/card-images/BP03-074.png,true
2016626058705925,BP03-074,SR★,BP03-誓焰破晓,https://zhanshuang-prod-minio.janime.cn/card-game-public/2016625972792320/BP03-074/2ab964e0-7b34-4f80-9a5c-853dd28738fe/BP03-SR_BP03-074SR★.png,,false
2016626058705924,BP03-074,SR★★,BP03-誓焰破晓,https://zhanshuang-prod-minio.janime.cn/card-game-public/2016625972792320/BP03-074/03a25cf5-6e53-48fb-91ea-ca83ae821c7e/BP03-SR_BP03-074SR★★.png,,false
2016626058705929,BP03-075,SR,BP03-誓焰破晓,https://zhanshuang-prod-minio.janime.cn/card-game-public/2016625972792320/BP03-075/6265264f-0c74-4ff1-ac7a-ef8d3368ca6f/BP03-SR_BP03-075SR.png,/card-images/BP03-075.png,true
2016626058705928,BP03-075,SR★,BP03-誓焰破晓,https://zhanshuang-prod-minio.janime.cn/card-game-public/2016625972792320/BP03-075/4838b74d-e488-480b-af86-5aef2e17fc88/BP03-SR_BP03-075SR★.png,,false
2016626058705927,BP03-075,SR★★,BP03-誓焰破晓,https://zhanshuang-prod-minio.janime.cn/card-game-public/2016625972792320/BP03-075/cc5f430d-c0cd-46ad-ac63-3a5a21e66d47/BP03-SR_BP03-075SR★★.png,,false
2016626058705930,BP03-076,U,BP03-誓焰破晓,https://zhanshuang-prod-minio.janime.cn/card-game-public/2016625972792320/BP03-076/562e9770-93a5-425d-9119-cdfd959a836b/BP03-U_BP03-076U.png,/card-images/BP03-076.png,true
2016626058705933,BP03-077,R,BP03-誓焰破晓,https://zhanshuang-prod-minio.janime.cn/card-game-public/2016625972792320/BP03-077/e3d48a2b-1ead-43f3-866f-e2a4e9a288d6/BP03-R_BP03-077R.png,/card-images/BP03-077.png,true
2016626058705932,BP03-077,R★,BP03-誓焰破晓,https://zhanshuang-prod-minio.janime.cn/card-game-public/2016625972792320/BP03-077/3983c0c6-6700-4ce3-a388-8c209f626f1a/BP03-R_BP03-077R★.png,,false
2016626058705931,BP03-077,R★★,BP03-誓焰破晓,https://zhanshuang-prod-minio.janime.cn/card-game-public/2016625972792320/BP03-077/04095dde-75c5-4eb9-a96f-d556ee12b135/BP03-R_BP03-077R★★.png,,false
2016626058710016,BP03-078,U,BP03-誓焰破晓,https://zhanshuang-prod-minio.janime.cn/card-game-public/2016625972792320/BP03-078/4dec4f47-5e1e-4dc6-a42e-44bc3a685f0b/BP03-U_BP03-078U.png,/card-images/BP03-078.png,true
2016626058710017,BP03-079,U,BP03-誓焰破晓,https://zhanshuang-prod-minio.janime.cn/card-game-public/2016625972792320/BP03-079/1cc9292f-fb1e-42de-993d-8f8a0f407eee/BP03-U_BP03-079U.png,/card-images/BP03-079.png,true
2016626058710018,BP03-080,U,BP03-誓焰破晓,https://zhanshuang-prod-minio.janime.cn/card-game-public/2016625972792320/BP03-080/59f4e3e3-6db8-468a-89ff-472bb3226456/BP03-U_BP03-080U.png,/card-images/BP03-080.png,true
2016626058710019,BP03-081,C,BP03-誓焰破晓,https://zhanshuang-prod-minio.janime.cn/card-game-public/2016625972792320/BP03-081/5f325876-53ca-47ee-bf83-d021ee2cf4ee/BP03-C_BP03-081C.png,/card-images/BP03-081.png,true
2016626058710028,BP03-081,C★,BP03-誓焰破晓,https://zhanshuang-prod-minio.janime.cn/card-game-public/2016625972792320/BP03-081/7e3ca02f-13d6-419c-b364-77a698259592/BP03-C_BP03-081C★.png,,false
2016626058710020,BP03-082,C,BP03-誓焰破晓,https://zhanshuang-prod-minio.janime.cn/card-game-public/2016625972792320/BP03-082/ef37e737-c387-4f07-80cb-21a5ac0ac0e1/BP03-C_BP03-082C.png,/card-images/BP03-082.png,true
2016626058710029,BP03-082,C★,BP03-誓焰破晓,https://zhanshuang-prod-minio.janime.cn/card-game-public/2016625972792320/BP03-082/3d9999f3-3aaa-4219-a6ab-96987608b860/BP03-C_BP03-082C★.png,,false
2016626058710021,BP03-083,C,BP03-誓焰破晓,https://zhanshuang-prod-minio.janime.cn/card-game-public/2016625972792320/BP03-083/29582cc5-4275-48f6-ab95-e766e20169d8/BP03-C_BP03-083C.png,/card-images/BP03-083.png,true
2016626058710030,BP03-083,C★,BP03-誓焰破晓,https://zhanshuang-prod-minio.janime.cn/card-game-public/2016625972792320/BP03-083/2db4002c-55b1-40ae-ac11-5056bf48da03/BP03-C_BP03-083C★.png,,false
2016626058710022,BP03-084,C,BP03-誓焰破晓,https://zhanshuang-prod-minio.janime.cn/card-game-public/2016625972792320/BP03-084/6fdf5d4d-95d2-401f-a994-0d7894b1461d/BP03-C_BP03-084C.png,/card-images/BP03-084.png,true
2016626058714112,BP03-084,C★,BP03-誓焰破晓,https://zhanshuang-prod-minio.janime.cn/card-game-public/2016625972792320/BP03-084/a8cc0984-5f17-42ce-9123-36bcbe1e8f93/BP03-C_BP03-084C★.png,,false
2016626058710023,BP03-085,C,BP03-誓焰破晓,https://zhanshuang-prod-minio.janime.cn/card-game-public/2016625972792320/BP03-085/7d5e54b3-abf1-4e2d-b81f-e3e8b724fbbf/BP03-C_BP03-085C.png,/card-images/BP03-085.png,true
2016626058714113,BP03-085,C★,BP03-誓焰破晓,https://zhanshuang-prod-minio.janime.cn/card-game-public/2016625972792320/BP03-085/efcf347d-e4d8-40e1-984b-c31cef2db69b/BP03-C_BP03-085C★.png,,false
2016626058710024,BP03-086,C,BP03-誓焰破晓,https://zhanshuang-prod-minio.janime.cn/card-game-public/2016625972792320/BP03-086/43caff93-78b5-4b66-8606-efffa97e0829/BP03-C_BP03-086C.png,/card-images/BP03-086.png,true
2016626058714114,BP03-086,C★,BP03-誓焰破晓,https://zhanshuang-prod-minio.janime.cn/card-game-public/2016625972792320/BP03-086/17748bab-bfec-48bd-a259-6296a7db2b8f/BP03-C_BP03-086C★.png,,false
2016626058710025,BP03-087,C,BP03-誓焰破晓,https://zhanshuang-prod-minio.janime.cn/card-game-public/2016625972792320/BP03-087/4bb40fba-39b5-4b00-b366-2acebfb27c54/BP03-C_BP03-087C.png,/card-images/BP03-087.png,true
2016626058714115,BP03-087,C★,BP03-誓焰破晓,https://zhanshuang-prod-minio.janime.cn/card-game-public/2016625972792320/BP03-087/75f20310-ba97-4315-99fd-9803f1910d43/BP03-C_BP03-087C★.png,,false
2016626058710026,BP03-088,C,BP03-誓焰破晓,https://zhanshuang-prod-minio.janime.cn/card-game-public/2016625972792320/BP03-088/02a19379-ddfa-417e-8a55-8a68f044bfca/BP03-C_BP03-088C.png,/card-images/BP03-088.png,true
2016626058714116,BP03-088,C★,BP03-誓焰破晓,https://zhanshuang-prod-minio.janime.cn/card-game-public/2016625972792320/BP03-088/6bf8c680-3e39-4f6f-ad2e-000da7e5f6fc/BP03-C_BP03-088C★.png,,false
2016626058710027,BP03-089,C,BP03-誓焰破晓,https://zhanshuang-prod-minio.janime.cn/card-game-public/2016625972792320/BP03-089/2b6dcf78-5110-4a69-93b1-30ac41508936/BP03-C_BP03-089C.png,/card-images/BP03-089.png,true
2016626058714117,BP03-089,C★,BP03-誓焰破晓,https://zhanshuang-prod-minio.janime.cn/card-game-public/2016625972792320/BP03-089/6f458d58-92a3-4e53-b353-13bfc3306fed/BP03-C_BP03-089C★.png,,false
1979093737880576,PR-001,PR,PR-推广卡,https://zhanshuang-prod-minio.janime.cn/card-game-public/6e5d16a9-8c2a-440e-8fc9-8b4491e42430/BP01-PR_PR-001.png,/card-images/PR-001.png,true
1979093737880577,PR-002,PR,PR-推广卡,https://zhanshuang-prod-minio.janime.cn/card-game-public/fbe4ebb0-19b0-45fe-9556-601e8a1719f8/BP01-PR_PR-002.png,/card-images/PR-002.png,true
1979093737884672,PR-003,PR,PR-推广卡,https://zhanshuang-prod-minio.janime.cn/card-game-public/4ea115d7-0ff8-4e7e-b454-3a06ac4f2a07/BP01-PR_PR-003.png,/card-images/PR-003.png,true
1979093737884673,PR-004,PR,PR-推广卡,https://zhanshuang-prod-minio.janime.cn/card-game-public/1979091528694784/PR-004/ad9f8e82-751b-4e20-92ac-bb702b3962bc/PR-004.png,/card-images/PR-004.png,true
1979093737884674,PR-005,PR,PR-推广卡,https://zhanshuang-prod-minio.janime.cn/card-game-public/1979091528694784/PR-005/a0b1ca54-bc8b-425c-9868-430608e7f132/PR-005.png,/card-images/PR-005.png,true
1979093737884675,PR-006,PR,PR-推广卡,https://zhanshuang-prod-minio.janime.cn/card-game-public/1979091528694784/PR-006/2833265a-29e8-4991-a721-dd67afb7cd34/PR-006.png,/card-images/PR-006.png,true
1979093737884676,PR-007,PR,PR-推广卡,https://zhanshuang-prod-minio.janime.cn/card-game-public/1979091528694784/PR-007/031696fb-edb4-47c7-a05f-d4aacd3d64b1/PR-007.png,/card-images/PR-007.png,true
1979093737888768,PR-008,PR,PR-推广卡,https://zhanshuang-prod-minio.janime.cn/card-game-public/1979091528694784/PR-008/ac3252c1-e341-4e8d-aa9f-f429ae9e521d/PR-008.png,/card-images/PR-008.png,true
1979093737888769,PR-009,PR,PR-推广卡,https://zhanshuang-prod-minio.janime.cn/card-game-public/1979091528694784/PR-009/153b978b-ffb3-4d74-8b0a-fd588e3a4bcd/PR-009.png,/card-images/PR-009.png,true
1979093737888770,PR-010,PR,PR-推广卡,https://zhanshuang-prod-minio.janime.cn/card-game-public/1979091528694784/PR-010/903108ac-9052-4538-8c5e-14983555ec8d/PR-010.png,/card-images/PR-010.png,true
1979093737888771,PR-011,PR,PR-推广卡,https://zhanshuang-prod-minio.janime.cn/card-game-public/1979091528694784/PR-011/88692443-2b10-490c-951a-4dcc747c2303/PR-011.png,/card-images/PR-011.png,true
1979093737888773,PR-013,PR,PR-推广卡,https://zhanshuang-prod-minio.janime.cn/card-game-public/ab675d3c-c02e-407f-809c-8c0b8351bd9d/PR-013.png,/card-images/PR-013.png,true
1984716611009537,PR-014,PR,PR-推广卡,https://zhanshuang-prod-minio.janime.cn/card-game-public/1979091528694784/PR-014/de7eb722-1f9d-4f23-bf83-821e2b7f85af/PR-014.png,/card-images/PR-014.png,true
1984716611013632,PR-015,PR,PR-推广卡,https://zhanshuang-prod-minio.janime.cn/card-game-public/1979091528694784/PR-015/d0db2ffe-0c88-4f12-8cdc-5c9437c4feae/PR-015.png,/card-images/PR-015.png,true
1984716611013633,PR-016,PR,PR-推广卡,https://zhanshuang-prod-minio.janime.cn/card-game-public/1979091528694784/PR-016/233e619c-f55d-4dcc-9cfc-93e5c975420f/PR-016.png,/card-images/PR-016.png,true
1984716611013634,PR-017,PR,PR-推广卡,https://zhanshuang-prod-minio.janime.cn/card-game-public/1979091528694784/PR-017/5b0239c8-5756-4261-a1e2-4bb8859c00ea/PR-017.png,/card-images/PR-017.png,true
1984716611013635,PR-018,PR,PR-推广卡,https://zhanshuang-prod-minio.janime.cn/card-game-public/1979091528694784/PR-018/b0907818-c034-4c95-a554-6724c962ab7f/PR-018.png,/card-images/PR-018.png,true
1984716611013636,PR-019,PR,PR-推广卡,https://zhanshuang-prod-minio.janime.cn/card-game-public/1979091528694784/PR-019/7b70e332-08d1-4dc5-b84c-683f0f2ad069/PR-019.png,/card-images/PR-019.png,true
1984716611013637,PR-020,PR,PR-推广卡,https://zhanshuang-prod-minio.janime.cn/card-game-public/1979091528694784/PR-020/9794f638-98e7-4471-a293-370b94e264a1/PR-020.png,/card-images/PR-020.png,true
1984716611017728,PR-021,PR,PR-推广卡,https://zhanshuang-prod-minio.janime.cn/card-game-public/1979091528694784/PR-021/8d0e6628-7a45-46d6-9a71-88008be435d1/PR-021.png,/card-images/PR-021.png,true
1995614903921665,PR-022,PR,PR-推广卡,https://zhanshuang-prod-minio.janime.cn/card-game-public/f837457c-e6a6-4f9a-815e-ffc358150bf9/PR-022PR.png,/card-images/PR-022.png,true
2015807127972864,PR-023,PR,PR-推广卡,https://zhanshuang-prod-minio.janime.cn/card-game-public/2015807117573120/PR-023/ad11a727-fb44-454a-9f54-46647d07bf12/PR-023.png,/card-images/PR-023.png,true
2015807127972865,PR-024,PR,PR-推广卡,https://zhanshuang-prod-minio.janime.cn/card-game-public/2015807117573120/PR-024/e558f252-a654-417c-acbf-7eef91e4e86b/PR-024.png,/card-images/PR-024.png,true
2015807127976960,PR-025,PR,PR-推广卡,https://zhanshuang-prod-minio.janime.cn/card-game-public/2015807117573120/PR-025/c981c5ed-2d3f-4b4d-b954-e81a020da07a/PR-025.png,/card-images/PR-025.png,true
2015854842510336,PR-026,PR,PR-推广卡,https://zhanshuang-prod-minio.janime.cn/card-game-public/9950af62-2d21-4872-bb54-36c487e02022/PR-26.png,/card-images/PR-026.png,true
2015807127976961,PR-027,PR,PR-推广卡,https://zhanshuang-prod-minio.janime.cn/card-game-public/2015807117573120/PR-027/149d2ece-8f86-4b2c-b612-b7076e3b593e/PR-027.png,/card-images/PR-027.png,true
2015807127976962,PR-028,PR,PR-推广卡,https://zhanshuang-prod-minio.janime.cn/card-game-public/2015807117573121/PR-028/3e3a29a6-f0d2-46cb-9872-7245fe3c2708/PR-028_01.png,/card-images/PR-028.png,true
2015807127976963,PR-029,PR,PR-推广卡,https://zhanshuang-prod-minio.janime.cn/card-game-public/2015807117573121/PR-029/8f070a49-8e9b-4a46-9730-cbad83bbd790/PR-029_01.png,/card-images/PR-029.png,true
2015807127976964,PR-030,PR,PR-推广卡,https://zhanshuang-prod-minio.janime.cn/card-game-public/2015807117573121/PR-030/bedb5d55-64c5-4340-8980-5f666da42780/PR-030_01.png,/card-images/PR-030.png,true
2015807127976965,PR-031,PR,PR-推广卡,https://zhanshuang-prod-minio.janime.cn/card-game-public/2015807117573121/PR-031/398cc3bb-0140-41d9-96ad-1ba3a27b6d8a/PR-031_01.png,/card-images/PR-031.png,true
2015807127976966,PR-032,PR,PR-推广卡,https://zhanshuang-prod-minio.janime.cn/card-game-public/2015807117573121/PR-032/edfa36ef-3d7b-4c22-941f-4f4dbd45bc76/PR-032_01.png,/card-images/PR-032.png,true
2015856318016512,PR-033,PR,PR-推广卡,https://zhanshuang-prod-minio.janime.cn/card-game-public/1979091528694784/PR-033/1aafc5c3-1fdf-4c7a-9df6-7b99b3180554/PR-033_01.png,/card-images/PR-033.png,true
2015807127976968,PR-034,PR,PR-推广卡,https://zhanshuang-prod-minio.janime.cn/card-game-public/2015807117573121/PR-034/5529c4bb-b272-4b50-9abb-842735171777/PR-034_01.png,/card-images/PR-034.png,true
2015807127976969,PR-035,PR,PR-推广卡,https://zhanshuang-prod-minio.janime.cn/card-game-public/2015807117573121/PR-035/443ed177-aae8-4ec0-9459-857088d01745/PR-035_01.png,/card-images/PR-035.png,true
1974468968512512,ST01-001,R,ST01-灰鸦小队预组,https://zhanshuang-prod-minio.janime.cn/card-game-public/1974468952308736/ST01-001/ed8eb9a0-966d-4805-bfd3-ccd333b81c84/ST01-R_ST01-001R.png,/card-images/ST01-001.png,true
1974468968512513,ST01-001,R★,ST01-灰鸦小队预组,https://zhanshuang-prod-minio.janime.cn/card-game-public/1974468952308736/ST01-001/3981b0dc-48cf-46a8-8db8-1c756776611c/ST01-R_ST01-001R★.png,,false
1974468968512514,ST01-001,R★★,ST01-灰鸦小队预组,https://zhanshuang-prod-minio.janime.cn/card-game-public/1974468952308736/ST01-001/53500c62-fe2e-43ee-8e60-c20cf51ff01d/ST01-R_ST01-001R★★.png,,false
1974468968512515,ST01-002,R,ST01-灰鸦小队预组,https://zhanshuang-prod-minio.janime.cn/card-game-public/1974468952308736/ST01-002/e92f7026-3f88-4d82-966e-952a50f7b53f/ST01-R_ST01-002R.png,/card-images/ST01-002.png,true
1974468968516608,ST01-002,R★,ST01-灰鸦小队预组,https://zhanshuang-prod-minio.janime.cn/card-game-public/1974468952308736/ST01-002/99ee4e55-4fa5-4492-a02b-3b33834203b9/ST01-R_ST01-002R★.png,,false
1974468968516609,ST01-003,R,ST01-灰鸦小队预组,https://zhanshuang-prod-minio.janime.cn/card-game-public/1974468952308736/ST01-003/47d7cbdf-deab-43ef-88e0-2ab250ae2b71/ST01-R_ST01-003R.png,/card-images/ST01-003.png,true
1974468968516610,ST01-003,R★,ST01-灰鸦小队预组,https://zhanshuang-prod-minio.janime.cn/card-game-public/1974468952308736/ST01-003/80a909bc-422a-41d3-99a7-684ad35acd13/ST01-R_ST01-003R★.png,,false
1974468968516611,ST01-004,ST,ST01-灰鸦小队预组,https://zhanshuang-prod-minio.janime.cn/card-game-public/1974468952308736/ST01-004/bd2e48d0-ef71-47a9-a8dc-079b63f11db5/ST01-ST_ST01-004ST.png,/card-images/ST01-004.png,true
1974468968516612,ST01-005,ST,ST01-灰鸦小队预组,https://zhanshuang-prod-minio.janime.cn/card-game-public/1974468952308736/ST01-005/c7c7e1d1-a4bf-44e8-a572-64e33985a0cc/ST01-ST_ST01-005ST.png,/card-images/ST01-005.png,true
1974468968516613,ST01-006,ST,ST01-灰鸦小队预组,https://zhanshuang-prod-minio.janime.cn/card-game-public/1974468952308736/ST01-006/d7309104-c17c-4e2c-ba7b-301e22eff3f4/ST01-ST_ST01-006ST.png,/card-images/ST01-006.png,true
1974468968520704,ST01-007,ST,ST01-灰鸦小队预组,https://zhanshuang-prod-minio.janime.cn/card-game-public/1974468952308736/ST01-007/1c316618-0039-4d32-86b8-0abc66e6d0c5/ST01-ST_ST01-007ST.png,/card-images/ST01-007.png,true
1974468968520705,ST01-008,ST,ST01-灰鸦小队预组,https://zhanshuang-prod-minio.janime.cn/card-game-public/1974468952308736/ST01-008/627e7795-efbb-49c4-b7bc-32fe583a6e47/ST01-ST_ST01-008ST.png,/card-images/ST01-008.png,true
1974468968520706,ST01-009,ST,ST01-灰鸦小队预组,https://zhanshuang-prod-minio.janime.cn/card-game-public/1974468952308736/ST01-009/3d481b13-b3ee-4c0a-9444-4098995d903b/ST01-ST_ST01-009ST.png,/card-images/ST01-009.png,true
1974468968520707,ST01-010,ST,ST01-灰鸦小队预组,https://zhanshuang-prod-minio.janime.cn/card-game-public/1974468952308736/ST01-010/cb53da2d-09e0-469b-a7a9-3dfb14f25c39/ST01-ST_ST01-010ST.png,/card-images/ST01-010.png,true
1974468968520708,ST01-011,ST,ST01-灰鸦小队预组,https://zhanshuang-prod-minio.janime.cn/card-game-public/1974468952308736/ST01-011/6200bf5c-84b6-43e7-b5d1-8db16ab6663b/ST01-ST_ST01-011ST.png,/card-images/ST01-011.png,true
1974468968520709,ST01-012,ST,ST01-灰鸦小队预组,https://zhanshuang-prod-minio.janime.cn/card-game-public/1974468952308736/ST01-012/a55e0056-0c1f-466a-8309-fb6e238862e1/ST01-ST_ST01-012ST.png,/card-images/ST01-012.png,true
1974468968524800,ST01-013,ST,ST01-灰鸦小队预组,https://zhanshuang-prod-minio.janime.cn/card-game-public/1974468952308736/ST01-013/71667bb9-6840-499a-ac5b-ea517c7226f9/ST01-ST_ST01-013ST.png,/card-images/ST01-013.png,true
1974468968524801,ST01-014,ST,ST01-灰鸦小队预组,https://zhanshuang-prod-minio.janime.cn/card-game-public/1974468952308736/ST01-014/17d705b1-9b66-45f5-9c73-5a1ca2fa0e67/ST01-ST_ST01-014ST.png,/card-images/ST01-014.png,true
1974469167758336,ST02-001,R,ST02-升格者小队预组,https://zhanshuang-prod-minio.janime.cn/card-game-public/1974469148847104/ST02-001/68f1506c-7258-4260-9b1e-27cdab40b4c7/ST02-R_ST02-001R.png,/card-images/ST02-001.png,true
1974469167762432,ST02-001,R★,ST02-升格者小队预组,https://zhanshuang-prod-minio.janime.cn/card-game-public/1974469148847104/ST02-001/ef6419b9-2ae8-4942-b566-369b737b1fd3/ST02-R_ST02-001R★.png,,false
1974469167762433,ST02-001,R★★,ST02-升格者小队预组,https://zhanshuang-prod-minio.janime.cn/card-game-public/1974469148847104/ST02-001/becf457b-e11f-4933-8672-ed2cf08d3052/ST02-R_ST02-001R★★.png,,false
1974469167766530,ST02-002,ST,ST02-升格者小队预组,https://zhanshuang-prod-minio.janime.cn/card-game-public/1974469148847104/ST02-002/a2777811-82a2-403d-9bc3-514d1e250ec6/ST02-ST_ST02-002ST.png,/card-images/ST02-002.png,true
1974469167766531,ST02-003,ST,ST02-升格者小队预组,https://zhanshuang-prod-minio.janime.cn/card-game-public/1974469148847104/ST02-003/43f7b06b-fecc-4330-ae0e-f868d86f7fb3/ST02-ST_ST02-003ST.png,/card-images/ST02-003.png,true
1974469167766532,ST02-004,ST,ST02-升格者小队预组,https://zhanshuang-prod-minio.janime.cn/card-game-public/1974469148847104/ST02-004/2dee485c-6b13-4cc7-92f6-3b3fe2a5258b/ST02-ST_ST02-004ST.png,/card-images/ST02-004.png,true
1974469167766533,ST02-005,ST,ST02-升格者小队预组,https://zhanshuang-prod-minio.janime.cn/card-game-public/1974469148847104/ST02-005/778115ec-dd0b-40da-a99a-9593f55c5ae0/ST02-ST_ST02-005ST.png,/card-images/ST02-005.png,true
1974469167770624,ST02-006,ST,ST02-升格者小队预组,https://zhanshuang-prod-minio.janime.cn/card-game-public/1974469148847104/ST02-006/d6691370-0225-4053-819f-a989882da859/ST02-ST_ST02-006ST.png,/card-images/ST02-006.png,true
1974469167770625,ST02-007,ST,ST02-升格者小队预组,https://zhanshuang-prod-minio.janime.cn/card-game-public/1974469148847104/ST02-007/ad14d7ec-94db-461d-9b42-55743e015a74/ST02-ST_ST02-007ST.png,/card-images/ST02-007.png,true
1974469167770626,ST02-008,ST,ST02-升格者小队预组,https://zhanshuang-prod-minio.janime.cn/card-game-public/1974469148847104/ST02-008/5f3fe187-0117-453d-8761-211c6c47dcff/ST02-ST_ST02-008ST.png,/card-images/ST02-008.png,true
1974469167770627,ST02-009,ST,ST02-升格者小队预组,https://zhanshuang-prod-minio.janime.cn/card-game-public/1974469148847104/ST02-009/7827481c-223e-49af-9ccc-d7e9e9773438/ST02-ST_ST02-009ST.png,/card-images/ST02-009.png,true
1974469167762434,ST02-010,R,ST02-升格者小队预组,https://zhanshuang-prod-minio.janime.cn/card-game-public/1974469148847104/ST02-010/611da34f-bb8d-4504-a9e2-be64775e09ed/ST02-R_ST02-010R.png,/card-images/ST02-010.png,true
1974469167762435,ST02-010,R★,ST02-升格者小队预组,https://zhanshuang-prod-minio.janime.cn/card-game-public/1974469148847104/ST02-010/080a1dc6-12ff-4dad-ad0d-3322356fb75e/ST02-R_ST02-010R★.png,,false
1974469167766528,ST02-011,R,ST02-升格者小队预组,https://zhanshuang-prod-minio.janime.cn/card-game-public/1974469148847104/ST02-011/9863cd17-357f-4edd-926a-fed898e61be5/ST02-R_ST02-011R.png,/card-images/ST02-011.png,true
1974469167766529,ST02-011,R★,ST02-升格者小队预组,https://zhanshuang-prod-minio.janime.cn/card-game-public/1974469148847104/ST02-011/e1ebf0d3-a365-45ee-896c-535859115c0b/ST02-R_ST02-011R★.png,,false
1974469167770628,ST02-012,ST,ST02-升格者小队预组,https://zhanshuang-prod-minio.janime.cn/card-game-public/1974469148847104/ST02-012/972d0a50-2a48-46e6-9f07-fce51e4e2eff/ST02-ST_ST02-012ST.png,/card-images/ST02-012.png,true
1974469167770629,ST02-013,ST,ST02-升格者小队预组,https://zhanshuang-prod-minio.janime.cn/card-game-public/1974469148847104/ST02-013/711fdbb3-db78-4976-a061-9ca41b622d20/ST02-ST_ST02-013ST.png,/card-images/ST02-013.png,true
1974469167774720,ST02-014,ST,ST02-升格者小队预组,https://zhanshuang-prod-minio.janime.cn/card-game-public/1974469148847104/ST02-014/db553551-5840-48e7-8c64-92adea43244a/ST02-ST_ST02-014ST.png,/card-images/ST02-014.png,true
1974469348113408,ST03-001,R,ST03-三头犬小队预组,https://zhanshuang-prod-minio.janime.cn/card-game-public/1974469332462592/ST03-001/1471f225-d9c3-4048-90bc-7aa4ac443d4d/ST03-R_ST03-001R.png,/card-images/ST03-001.png,true
1974469348117504,ST03-001,R★,ST03-三头犬小队预组,https://zhanshuang-prod-minio.janime.cn/card-game-public/1974469332462592/ST03-001/14adc4b4-dbae-4d55-899b-28f2b853e841/ST03-R_ST03-001R★.png,,false
1974469348117505,ST03-001,R★★,ST03-三头犬小队预组,https://zhanshuang-prod-minio.janime.cn/card-game-public/1974469332462592/ST03-001/024bbf0e-51b0-4a03-b7eb-2174adc397f8/ST03-R_ST03-001R★★.png,,false
1974469348117506,ST03-002,R,ST03-三头犬小队预组,https://zhanshuang-prod-minio.janime.cn/card-game-public/1974469332462592/ST03-002/7ab74dcc-b149-4dfa-b053-1cfa23d21a36/ST03-R_ST03-002R.png,/card-images/ST03-002.png,true
1974469348117507,ST03-002,R★,ST03-三头犬小队预组,https://zhanshuang-prod-minio.janime.cn/card-game-public/1974469332462592/ST03-002/3eaf1375-0366-488e-9e25-cd6feb3d4851/ST03-R_ST03-002R★.png,,false
1974469348121601,ST03-003,ST,ST03-三头犬小队预组,https://zhanshuang-prod-minio.janime.cn/card-game-public/1974469332462592/ST03-003/92973e3f-de89-4e85-8a62-576de24bab63/ST03-ST_ST03-003ST.png,/card-images/ST03-003.png,true
1974469348121602,ST03-004,ST,ST03-三头犬小队预组,https://zhanshuang-prod-minio.janime.cn/card-game-public/1974469332462592/ST03-004/d17c8850-f8fe-4386-ba93-882d2d933329/ST03-ST_ST03-004ST.png,/card-images/ST03-004.png,true
1974469348121603,ST03-005,ST,ST03-三头犬小队预组,https://zhanshuang-prod-minio.janime.cn/card-game-public/1974469332462592/ST03-005/bd93613d-10e4-49ea-9c03-12cff7095cd0/ST03-ST_ST03-005ST.png,/card-images/ST03-005.png,true
1974469348121604,ST03-006,ST,ST03-三头犬小队预组,https://zhanshuang-prod-minio.janime.cn/card-game-public/1974469332462592/ST03-006/690f48b6-b98b-4d06-97e3-c2231b1b5857/ST03-ST_ST03-006ST.png,/card-images/ST03-006.png,true
1974469348121605,ST03-007,ST,ST03-三头犬小队预组,https://zhanshuang-prod-minio.janime.cn/card-game-public/1974469332462592/ST03-007/ac77aefa-c603-4784-96d1-5d80a6d6c20d/ST03-ST_ST03-007ST.png,/card-images/ST03-007.png,true
1974469348117508,ST03-008,R,ST03-三头犬小队预组,https://zhanshuang-prod-minio.janime.cn/card-game-public/1974469332462592/ST03-008/e8440f16-97bf-4d7d-8a0f-ce9ba35ea4af/ST03-R_ST03-008R.png,/card-images/ST03-008.png,true
1974469348121600,ST03-008,R★,ST03-三头犬小队预组,https://zhanshuang-prod-minio.janime.cn/card-game-public/1974469332462592/ST03-008/659a0718-fed3-4f68-8468-0e46b5573efa/ST03-R_ST03-008R★.png,,false
1974469348125696,ST03-009,ST,ST03-三头犬小队预组,https://zhanshuang-prod-minio.janime.cn/card-game-public/1974469332462592/ST03-009/62f23932-a599-488d-b28e-eaad80826127/ST03-ST_ST03-009ST.png,/card-images/ST03-009.png,true
1974469348125697,ST03-010,ST,ST03-三头犬小队预组,https://zhanshuang-prod-minio.janime.cn/card-game-public/1974469332462592/ST03-010/4d7071d3-5f28-4b9f-bdbd-7a138623a1d7/ST03-ST_ST03-010ST.png,/card-images/ST03-010.png,true
1974469348125698,ST03-011,ST,ST03-三头犬小队预组,https://zhanshuang-prod-minio.janime.cn/card-game-public/1974469332462592/ST03-011/0ca785d5-e04b-415b-9a05-cef8528c0041/ST03-ST_ST03-011ST.png,/card-images/ST03-011.png,true
1974469348125699,ST03-012,ST,ST03-三头犬小队预组,https://zhanshuang-prod-minio.janime.cn/card-game-public/1974469332462592/ST03-012/c72c9601-f67b-435a-a3a6-b3b2966306b9/ST03-ST_ST03-012ST.png,/card-images/ST03-012.png,true
1974469348125700,ST03-013,ST,ST03-三头犬小队预组,https://zhanshuang-prod-minio.janime.cn/card-game-public/1974469332462592/ST03-013/a7255ce8-4f3a-4313-b457-9573150101f3/ST03-ST_ST03-013ST.png,/card-images/ST03-013.png,true
1974469348125701,ST03-014,ST,ST03-三头犬小队预组,https://zhanshuang-prod-minio.janime.cn/card-game-public/1974469332462592/ST03-014/0f3ba964-85d8-41ea-99bc-c73a43c596f8/ST03-ST_ST03-014ST.png,/card-images/ST03-014.png,true
1974470533622784,ST04-001,R,ST04-突击鹰小队预组,https://zhanshuang-prod-minio.janime.cn/card-game-public/1974470507645952/ST04-001/fd1b0cf5-3685-4bd5-b09d-bf6149245d57/ST04-R_ST04-001R.png,/card-images/ST04-001.png,true
1974470533626880,ST04-001,R★,ST04-突击鹰小队预组,https://zhanshuang-prod-minio.janime.cn/card-game-public/1974470507645952/ST04-001/ceba1cc0-7cfd-486a-8872-845bc260d603/ST04-R_ST04-001R★.png,,false
1974470533630976,ST04-002,ST,ST04-突击鹰小队预组,https://zhanshuang-prod-minio.janime.cn/card-game-public/1974470507645952/ST04-002/51da921d-c628-481d-8dc5-efdce38cd28d/ST04-ST_ST04-002ST.png,/card-images/ST04-002.png,true
1974470533626881,ST04-003,R,ST04-突击鹰小队预组,https://zhanshuang-prod-minio.janime.cn/card-game-public/1974470507645952/ST04-003/0810d564-8125-4665-9d2e-1881c5935b7b/ST04-R_ST04-003R.png,/card-images/ST04-003.png,true
1974470533626882,ST04-003,R★,ST04-突击鹰小队预组,https://zhanshuang-prod-minio.janime.cn/card-game-public/1974470507645952/ST04-003/22e6816d-3249-4691-9ab5-e1ad179644c2/ST04-R_ST04-003R★.png,,false
1974470533630977,ST04-004,ST,ST04-突击鹰小队预组,https://zhanshuang-prod-minio.janime.cn/card-game-public/1974470507645952/ST04-004/ca9ff6a7-6e44-4c35-b44f-ebdb16d78f4c/ST04-ST_ST04-004ST.png,/card-images/ST04-004.png,true
1974470533630978,ST04-005,ST,ST04-突击鹰小队预组,https://zhanshuang-prod-minio.janime.cn/card-game-public/1974470507645952/ST04-005/003f8cff-4ec7-46b0-83ce-9bf7bc4d5f0c/ST04-ST_ST04-005ST.png,/card-images/ST04-005.png,true
1974470533630979,ST04-006,ST,ST04-突击鹰小队预组,https://zhanshuang-prod-minio.janime.cn/card-game-public/1974470507645952/ST04-006/48be58ed-d5f3-4a85-897c-0d9027a37693/ST04-ST_ST04-006ST.png,/card-images/ST04-006.png,true
1974470533630980,ST04-007,ST,ST04-突击鹰小队预组,https://zhanshuang-prod-minio.janime.cn/card-game-public/1974470507645952/ST04-007/84aed053-432a-4752-86d9-a3c259f19894/ST04-ST_ST04-007ST.png,/card-images/ST04-007.png,true
1974470533630981,ST04-008,ST,ST04-突击鹰小队预组,https://zhanshuang-prod-minio.janime.cn/card-game-public/1974470507645952/ST04-008/b9a695bd-a745-422a-869c-ead9cbbadad7/ST04-ST_ST04-008ST.png,/card-images/ST04-008.png,true
1974470533635072,ST04-009,ST,ST04-突击鹰小队预组,https://zhanshuang-prod-minio.janime.cn/card-game-public/1974470507645952/ST04-009/67c0394f-ec37-4ec1-b32e-e664cdf095af/ST04-ST_ST04-009ST.png,/card-images/ST04-009.png,true
1974470533635073,ST04-010,ST,ST04-突击鹰小队预组,https://zhanshuang-prod-minio.janime.cn/card-game-public/1974470507645952/ST04-010/13400df4-9081-479a-8af4-dc2d939094b0/ST04-ST_ST04-010ST.png,/card-images/ST04-010.png,true
1974470533626883,ST04-011,R,ST04-突击鹰小队预组,https://zhanshuang-prod-minio.janime.cn/card-game-public/1974470507645952/ST04-011/e3e5c0e7-df63-49ca-b0f6-65b20cce2630/ST04-R_ST04-011R.png,/card-images/ST04-011.png,true
1974470533626884,ST04-011,R★,ST04-突击鹰小队预组,https://zhanshuang-prod-minio.janime.cn/card-game-public/1974470507645952/ST04-011/7143812f-85bd-45b7-8968-84b9ed504cae/ST04-R_ST04-011R.png,,false
1974470533626885,ST04-011,R★★,ST04-突击鹰小队预组,https://zhanshuang-prod-minio.janime.cn/card-game-public/1974470507645952/ST04-011/2ebfacd7-a677-498f-a885-7ee398a4d350/ST04-R_ST04-011R★★金.png,,false
1974470533635074,ST04-012,ST,ST04-突击鹰小队预组,https://zhanshuang-prod-minio.janime.cn/card-game-public/1974470507645952/ST04-012/51dcf952-1e4b-4b49-a1a4-0aab99999166/ST04-ST_ST04-012ST.png,/card-images/ST04-012.png,true
1974470533635075,ST04-013,ST,ST04-突击鹰小队预组,https://zhanshuang-prod-minio.janime.cn/card-game-public/1974470507645952/ST04-013/44e4ef13-0c7c-49cd-8ee0-37bafd41dce2/ST04-ST_ST04-013ST.png,/card-images/ST04-013.png,true
1974470533635076,ST04-014,ST,ST04-突击鹰小队预组,https://zhanshuang-prod-minio.janime.cn/card-game-public/1974470507645952/ST04-014/c8a05012-0ce7-4090-89a9-15c8815735c8/ST04-ST_ST04-014ST.png,/card-images/ST04-014.png,true
1974471413840896,ST05-001,R,ST05-比安卡·晖暮预组,https://zhanshuang-prod-minio.janime.cn/card-game-public/1974471389576192/ST05-001/c8e2651a-a401-48ef-92fd-3895f2010c68/ST05-ST_ST05-001R.png,/card-images/ST05-001.png,true
1974471413840897,ST05-001,R★,ST05-比安卡·晖暮预组,https://zhanshuang-prod-minio.janime.cn/card-game-public/1974471389576192/ST05-001/30222f3a-9172-4474-870d-9f4f73ab4fee/ST05-ST_ST05-001R★.png,,false
1974471413844992,ST05-001,R★★,ST05-比安卡·晖暮预组,https://zhanshuang-prod-minio.janime.cn/card-game-public/1974471389576192/ST05-001/d14e2aff-b1af-43ca-b175-36a359529bbf/ST05-ST_ST05-001R★★.png,,false
1974471413844993,ST05-002,R,ST05-比安卡·晖暮预组,https://zhanshuang-prod-minio.janime.cn/card-game-public/1974471389576192/ST05-002/0436f5bb-e9a8-4567-bf3d-f527e90a9d02/ST05-ST_ST05-002R.png,/card-images/ST05-002.png,true
1974471413844994,ST05-002,R★,ST05-比安卡·晖暮预组,https://zhanshuang-prod-minio.janime.cn/card-game-public/1974471389576192/ST05-002/2f1a3d7c-940a-4efa-a1d7-c8975a9e5b28/ST05-ST_ST05-002R★.png,,false
1974471413844995,ST05-003,R,ST05-比安卡·晖暮预组,https://zhanshuang-prod-minio.janime.cn/card-game-public/1974471389576192/ST05-003/173eeb49-60bc-4672-a111-34d8ca95799f/ST05-ST_ST05-003R.png,/card-images/ST05-003.png,true
1974471413844996,ST05-003,R★,ST05-比安卡·晖暮预组,https://zhanshuang-prod-minio.janime.cn/card-game-public/1974471389576192/ST05-003/93d72f86-766d-4b4e-a9b1-b436ae6e7f0b/ST05-ST_ST05-003R★.png,,false
1974471413844997,ST05-004,ST,ST05-比安卡·晖暮预组,https://zhanshuang-prod-minio.janime.cn/card-game-public/1974471389576192/ST05-004/22d824e0-0e7d-4826-8fc3-784f9612d329/ST05-ST_ST05-004ST.png,/card-images/ST05-004.png,true
1974471413849088,ST05-005,ST,ST05-比安卡·晖暮预组,https://zhanshuang-prod-minio.janime.cn/card-game-public/1974471389576192/ST05-005/02f30f65-6770-4479-9767-f2ed42ec568d/ST05-ST_ST05-005ST.png,/card-images/ST05-005.png,true
1974471413849089,ST05-006,ST,ST05-比安卡·晖暮预组,https://zhanshuang-prod-minio.janime.cn/card-game-public/1974471389576192/ST05-006/7e01c916-4b00-4cf2-94bf-9727485a5c95/ST05-ST_ST05-006ST.png,/card-images/ST05-006.png,true
1974471413849090,ST05-007,ST,ST05-比安卡·晖暮预组,https://zhanshuang-prod-minio.janime.cn/card-game-public/1974471389576192/ST05-007/af2daec7-8636-4239-9924-5246ea33a44b/ST05-ST_ST05-007ST.png,/card-images/ST05-007.png,true
1974471413849091,ST05-008,ST,ST05-比安卡·晖暮预组,https://zhanshuang-prod-minio.janime.cn/card-game-public/1974471389576192/ST05-008/166890ba-6634-42af-aed5-d76ba0e83089/ST05-ST_ST05-008ST.png,/card-images/ST05-008.png,true
1974471413849092,ST05-009,ST,ST05-比安卡·晖暮预组,https://zhanshuang-prod-minio.janime.cn/card-game-public/1974471389576192/ST05-009/904e22a3-8a4e-4cf3-9285-927322bec138/ST05-ST_ST05-009ST.png,/card-images/ST05-009.png,true
1974471413849093,ST05-010,ST,ST05-比安卡·晖暮预组,https://zhanshuang-prod-minio.janime.cn/card-game-public/1974471389576192/ST05-010/af902a8c-89e1-4b56-b7cc-03769eddc210/ST05-ST_ST05-010ST.png,/card-images/ST05-010.png,true
1974471413853184,ST05-011,ST,ST05-比安卡·晖暮预组,https://zhanshuang-prod-minio.janime.cn/card-game-public/1974471389576192/ST05-011/1d92989f-b096-4e09-ae5a-cefa2e3bd467/ST05-ST_ST05-011ST.png,/card-images/ST05-011.png,true
1974471413853185,ST05-012,ST,ST05-比安卡·晖暮预组,https://zhanshuang-prod-minio.janime.cn/card-game-public/1974471389576192/ST05-012/2d4e886d-9a69-45c4-af72-da3b955b53a8/ST05-ST_ST05-012ST.png,/card-images/ST05-012.png,true
1974471413853186,ST05-013,ST,ST05-比安卡·晖暮预组,https://zhanshuang-prod-minio.janime.cn/card-game-public/1974471389576192/ST05-013/b7e4d9a0-1354-43dd-8625-072ec21433f6/ST05-ST_ST05-013ST.png,/card-images/ST05-013.png,true
2033917181172736,ST06-001,R,ST06-亚里莎·回音预组,https://zhanshuang-prod-minio.janime.cn/card-game-public/2033917170981888/ST06-001/54ebd335-afc1-4044-8797-c4810f0887c1/ST06-ST_ST06-001R.png,/card-images/ST06-001.png,true
2033947085446144,ST06-001,R★,ST06-亚里莎·回音预组,https://zhanshuang-prod-minio.janime.cn/card-game-public/2033917170981888/ST06-001/c238cc58-c000-4e42-9bf4-1d9061dbe7b7/ST06-ST_ST06-001R★.png,,false
2033917181172738,ST06-002,R,ST06-亚里莎·回音预组,https://zhanshuang-prod-minio.janime.cn/card-game-public/2033917170981888/ST06-002/f2b12641-9889-4ac6-a4a8-27fc1f711ca1/ST06-ST_ST06-002R.png,/card-images/ST06-002.png,true
2033947085450240,ST06-002,R★,ST06-亚里莎·回音预组,https://zhanshuang-prod-minio.janime.cn/card-game-public/2033917170981888/ST06-002/9374c7c0-9b6f-415c-9143-02621e8f720a/ST06-ST_ST06-002R★.png,,false
2033917181172741,ST06-003,R,ST06-亚里莎·回音预组,https://zhanshuang-prod-minio.janime.cn/card-game-public/2033917170981888/ST06-003/1d0a8564-1a82-410d-8963-e210f4eaacd8/ST06-ST_ST06-003R.png,/card-images/ST06-003.png,true
2033947085450242,ST06-003,R★,ST06-亚里莎·回音预组,https://zhanshuang-prod-minio.janime.cn/card-game-public/2033917170981888/ST06-003/5c1a2b43-dfe8-43b8-8701-d70edf3ba548/ST06-ST_ST06-003R★.png,,false
2033947085450241,ST06-003,R★★,ST06-亚里莎·回音预组,https://zhanshuang-prod-minio.janime.cn/card-game-public/2033917170981888/ST06-003/a864dcfb-0056-477f-aad0-171ac48a4a6f/ST06-ST_ST06-003R★★.png,,false
2033917181172742,ST06-004,ST,ST06-亚里莎·回音预组,https://zhanshuang-prod-minio.janime.cn/card-game-public/2033917170981888/ST06-004/32655b7e-904d-4589-b90a-392e0e49c44b/ST06-ST_ST06-004ST.png,/card-images/ST06-004.png,true
2033917181172743,ST06-005,ST,ST06-亚里莎·回音预组,https://zhanshuang-prod-minio.janime.cn/card-game-public/2033917170981888/ST06-005/ecb5a358-2cdb-4075-8fca-26ee17a8985a/ST06-ST_ST06-005ST.png,/card-images/ST06-005.png,true
2033917181172744,ST06-006,ST,ST06-亚里莎·回音预组,https://zhanshuang-prod-minio.janime.cn/card-game-public/2033917170981888/ST06-006/de45868b-edf6-4568-ba7f-7cc9349323b7/ST06-ST_ST06-006ST.png,/card-images/ST06-006.png,true
2033917181172745,ST06-007,ST,ST06-亚里莎·回音预组,https://zhanshuang-prod-minio.janime.cn/card-game-public/2033917170981888/ST06-007/2686d4d4-5019-43f4-b6b5-cb27a204bf06/ST06-ST_ST06-007ST.png,/card-images/ST06-007.png,true
2033917181172746,ST06-008,ST,ST06-亚里莎·回音预组,https://zhanshuang-prod-minio.janime.cn/card-game-public/2033917170981888/ST06-008/d399ffd8-dcd2-43ee-8e24-970aa28bf871/ST06-ST_ST06-008ST.png,/card-images/ST06-008.png,true
2033917181176832,ST06-009,ST,ST06-亚里莎·回音预组,https://zhanshuang-prod-minio.janime.cn/card-game-public/2033917170981888/ST06-009/f63029e8-d856-405c-9a10-d57a8e5da598/ST06-ST_ST06-009ST.png,/card-images/ST06-009.png,true
2033917181176833,ST06-010,ST,ST06-亚里莎·回音预组,https://zhanshuang-prod-minio.janime.cn/card-game-public/2033917170981888/ST06-010/75548c89-f295-4252-bf13-0d0482e58d76/ST06-ST_ST06-010ST.png,/card-images/ST06-010.png,true
2033917181176834,ST06-011,ST,ST06-亚里莎·回音预组,https://zhanshuang-prod-minio.janime.cn/card-game-public/2033917170981888/ST06-011/7695726d-74ef-46b4-9267-7cc04c5749dd/ST06-ST_ST06-011ST.png,/card-images/ST06-011.png,true
2033917181176835,ST06-012,ST,ST06-亚里莎·回音预组,https://zhanshuang-prod-minio.janime.cn/card-game-public/2033917170981888/ST06-012/e1f3dacc-767e-46fb-9e4f-3bf7aa228812/ST06-ST_ST06-012ST.png,/card-images/ST06-012.png,true
2033917181176836,ST06-013,ST,ST06-亚里莎·回音预组,https://zhanshuang-prod-minio.janime.cn/card-game-public/2033917170981888/ST06-013/26b93796-30ee-4f9e-872a-4049bfb1b7e2/ST06-ST_ST06-013ST.png,/card-images/ST06-013.png,true
2033917181176837,ST06-014,ST,ST06-亚里莎·回音预组,https://zhanshuang-prod-minio.janime.cn/card-game-public/2033917170981888/ST06-014/0e975485-ab26-44df-922d-698290110807/ST06-ST_ST06-014ST.png,/card-images/ST06-014.png,true